Workbook

Sheet ① 기입규약
A1: 지자기 시험 탐사 표준 야장 (자기교란 확인표) — 기입규약
A2: 측정 설계·판정기준은 「20260825_중간보고회_초안_v3_수정.pptx」에 확정된 것을 그대로 쓴다. 현행 규정과의 관계: 현행 규정(§13 도상선점 · §14 선점실시 · §15 위치도 및 조서 작성)은 주변 자기장 측정의 «필요성»은 규정하나 측정방향·간격·반복횟수·판정방법이 없다. IAGA 절차를 참고해 구체화하는 것이 이 야장의 목적이다.
A3: ⚠ 야장에 칸이 없으면 그 값은 어떤 분석으로도 복원되지 않는다. 과거 야장 68개에 F 측정일시가 0건이어서 세션 외부장 보정이 원리적으로 막힌 전례가 이 설계의 근거다.
A5: 기록양식 3종 중 이 야장의 자리 (원 자료 23면)
A6: 1. 도상선점 | B6: 위치·접근성·기존점·자기교란시설 사전검토 → 「도상선점표」 · 완료(103점)
A7: 2. 현황조사 | B7: 현장사진·접근성·시설물·상공장애·방위표지 확인 → 「지자기점 현황조사표」 · 완료(34점 도출)
A8: 3. 자기환경 측정·평가 | B8: 중심점 반복관측·교차 프로파일·수평·수직 자기구배 → 「자기교란 확인표」 · ← 이 야장
A10: 측정 설계 — Guide for Magnetic Repeat Station Surveys §4.2 (IAGA, 1996)
A11: 장비 기준 | B11: PPM(GSM-19T) **1대**. 자력계가 하나뿐이라 위치와 시각이 함께 움직인다 — 그래서 중심점 전·후 반복관측이 필수다.
A12: 수평 | B12: P0 → 방향별 측정 → P0 재측정. 한 방향 0.5, 1, 2, 3, 4, 5, 6, 7, 8, 9, 10 m → 동·서·남·북 네 방향 반복.
A13: 수직 | B13: 중심점(P0)에서 지상 20~200 cm 를 20 cm 간격으로 순차 측정.
A14: 시간변화 보정 | B14: P0추정(t) = F0 + (F1−F0)·(t−t0)/(t1−t0) · ΔF = F측정 − P0추정 · 변화율 = ΔF ÷ 거리. 중심점 자기장이 측정시간 동안 «선형적으로» 변한다고 가정한 근사 보정이다. 가정이 깨지는 교란시에는 성립하지 않는다.
A15: 원 계획 예시 | B15: P0 100 nT(10:00) → 동쪽 **거리 2 m** 지점 106 nT(10:02) → P0 105 nT(10:04) ⇒ P0추정 102.5 · ΔF 3.5 · 변화율 **1.75 nT/m**. 보정하지 않으면 3.0 nT/m 로 71 % 과대평가된다.
A16: ⚠ Set 검증 | B16: 유효한 P0(전)·P0(후)가 «각각 정확히 1개»이고 측정시각이 그 사이일 때만 계산한다. 아니면 수치 대신 오류 사유가 뜬다 — 다른 방향의 P0 를 물거나 중복 P0 를 합산하는 사고를 구조적으로 막는다.
A18: 판정기준 — 국제 권고이며 **국내 기준은 확정되지 않았다**
A19: 총자기장 변화 | B19: IAGA 「Guide for Magnetic Repeat Station Surveys」 §4.2 — 반경 10 m 내 총자기장 변화가 약 50 nT 를 초과하면 다른 후보지 검토
A20: 자기구배 | B20: 유럽 「Recommendations for European Magnetic Repeat Station Surveys」 p.3 — 자기구배 3 nT/m 미만, PPM 교차 프로파일 확인 및 수직 자기구배 점검
A21: ⚠ 공간 범위 | B21: 4방향 측선은 원 내부의 «일부 선»만 잰다. 측선 사이와 대각선은 관측하지 않으므로 「반경 10 m 전체가 50 nT 이내」라고 말할 수 없다. 「반경 10 m 내 4개 방위 측선의 관측점에서 확인된 변화」로 적는다.
A22: ⚠ 연산 미확정 | B22: 50 nT 를 max|F−P0| 로 볼지 관측값 max−min 으로 볼지, 지점 대표 구배를 최대·중앙·특정 거리 중 무엇으로 할지 «정해지지 않았다». 야장은 셋 다 산출해 두고 확정은 국내 적용방안에 맡긴다.
A23: ⚠ 현실성 | B23: 시범관측 두 곳이 이미 네 방향 모두 3 nT/m 를 넘었다(이원 여의저수지 최대 250.7 · 다른 기존점 최대 38.5, 1 m 기준). 두 지점만으로는 「임계가 비현실적」·「1 m 가 전제와 다름」·「그 점이 실제 부적합」 셋을 구분할 수 없다 — 자동 탈락시키지 말 것.
A24: 산출물 | B24: 합격/불합격만이 아니다. 함양 임도처럼 **중심점을 가장 균질한 지점으로 조정**하는 것이 목적의 하나다(⑩). 옮겼으면 새 중심에서 재측정할지를 명시해야 한다 — 옛 중심 자료가 새 중심을 입증하지는 않는다.
A26: 단위 — 논쟁 없이 고정한다
A27: 각도(현장 원시) | B27: 곤 gon (1회전 400 · 대척 200 gon). 도(°) 환산은 읽기전용 계산 칸.
A28: 총자력 F | B28: nT, 소수 1자리 (§17 0.1 nT 판독)
A29: 좌표 | B29: 십진도. 위도·경도를 각각 다른 열에 숫자로 + 좌표계·취득방법·정확도
A30: 거리·높이 | B30: 수평 거리 m, 수직 높이 cm. **명목값과 실측값을 따로** 적는다
A31: 부호 | B31: ΔF·변화율은 **부호를 보존**한다. 절댓값은 별도 열이다
A33: 시각
A34: 기입 | B34: 날짜 + 시:분:초 (예 2026-10-14 13:24:05). 분까지만 적으면 선형보간이 깨진다.
A35: 시간대 | B35: 야장은 KST. CYG·Kp 는 UT, KASA 캐시는 KST. UTC 환산은 계산 칸이 만든다.
A37: 방위각 — 정·역 혼동이 29쌍 있었다
A38: 규약 | B38: 진북 기준 · 북 = 0° · 시계방향 · **FROM = 기준점, TO = 방위표지**
A39: 참방위각 | B39: 결정방법·근거좌표·정확도와 **이전 확정값 대비 차이·재결정 사유** — 재방문 잔여 RMS 33.7′ 의 원인이 이것이다.
A41: 관측 조건 (원 자료 31면)
A42: 1 | B42: [절대관측 단계] 자기장 일변화가 안정적인 야간 시간대에 절대관측 수행
A43: 2 | B43: 우주기상 예보와 Kp 지수를 확인하여 관측일정 편성
A44: 3 | B44: 현장측량 기간 동안 이동식 Variometer 연속관측
A45: 4 | B45: 자기교란 발생 시 해당 관측구간 제외 또는 재관측
A46: 5 | B46: 타 기관 상시관측자료와 교차검증
A47: 6 | B47: [시험 탐사] 야간 의무는 없으나 «시간변화가 안정된 구간»을 골라 측정한다
A49: 상태코드 — 빈칸을 0 으로 세지 않기 위해
A50: NOT AVAILABLE | B50: 자료가 존재하지 않음(예: 항공자력 미측선)
A51: NOT OBSERVED | B51: 관측 미실시
A52: INVALID | B52: 관측했으나 무효 — 사유 필수
A53: NOT APPLICABLE | B53: 그 점에는 해당 없음
A54: PENDING | B54: 확인 대기
A55: 공통 | B55: 상태코드에는 «사유·입력자·입력시각»을 반드시 함께 적는다. 같은 코드도 장비오류·접근불가·기상·조사자 판단으로 원인이 다르다.
A57: 색 규약
A58: 연한 노랑 | B58: 현장 기입란
A59: 연한 초록 | B59: 사전 채움·계산값
A60: 연한 파랑 | B60: 중심점(P0) 반복관측 행
A61: 회색 | B61: 편집 금지
A62: 연한 적색 | B62: 주의·경고

Sheet ② 대상 50점
A1: 시험 탐사 대상 50점 — 등급 A 5 · B 도엽대표 29 · 기존점 16
A2: 선점 검토 결과 그대로다(export_selection_50 단일 출처). Site ID 는 이 야장 전체의 연결키이며 다른 시트가 그대로 쓴다.
A3: ⚠ 「예측 |∇ΔT|」는 KIGAM 1.5분(약 2.8 km) 격자값으로 현장 수 m 스케일과 «물리적으로 다른 양»이다 — 합격기준으로 쓰지 않는다. 자료공백 5점(오호·문산·강화·포천·화천)은 NOT AVAILABLE 로 두고 감점·보간 금지.
A4: Site ID | B4: 연번 | C4: 구분 | D4: 원 번호 | E4: 지점명 | F4: 관할본부 | G4: 도엽번호 | H4: 도엽명 | I4: 위도(십진) | J4: 경도(십진) | K4: 표고(m) | L4: 소재지 | M4: 예측 |∇ΔT| (nT/km) ※판정 미사용 | N4: 예측 상태 | O4: 최근접 관측소 | P4: 관측소 거리(km) | Q4: 표지1 방위각 (기재값) | R4: 표지1 거리(m) | S4: 원 계획 유의사항 | T4: HOLD 범위
A5: S01 | B5: 1 | C5: A | D5: DS-008 | E5: 태백 신규점 | F5: 대구경북 본부 | G5: NJ52-8-28 | H5: 태백 | I5: 37.020705 | J5: 128.98393 | K5: 872 | L5: 경북 봉화군 소천면 고선리 산 1 | M5: 15.6 | N5: OK | O5: 강릉 | P5: 83 | Q5: 178° 31' 53″ | R5: 69 | T5: 없음 — 전 항목 진행
A6: S02 | B6: 2 | C6: A | D6: DS-015 | E6: 임계 신규점1 | F6: 강원 본부 | G6: NJ52-8-20 | H6: 임계 | I6: 37.359346 | J6: 128.97386 | K6: 844 | L6: 강원특별자치도 삼척시 하장면 숙암리 산 11-1 | M6: 24.3 | N6: OK | O6: 강릉 | P6: 46 | Q6: 177°43′54″ | R6: 79 | T6: 없음 — 전 항목 진행
A7: S03 | B7: 3 | C7: A | D7: DS-076 | E7: 예산 신규점2 | F7: 대전세종충남 본부 | G7: NJ52-10-12 | H7: 예산 | I7: 36.534085 | J7: 126.93627 | K7: 116 | L7: 충남 공주시 신풍면 산정리 산 3 | M7: 9.3 | N7: OK | O7: 청양 | P7: 20 | Q7: 273°56′32″ | R7: 134 | T7: 없음 — 전 항목 진행
A8: S04 | B8: 4 | C8: A | D8: DS-081 | E8: 진안 신규점1 | F8: 전북 본부 | G8: NI52-1-06 | H8: 진안 | I8: 35.891309 | J8: 127.30902 | K8: 297 | L8: 전북특별자치도 완주군 동상면 사봉리 산 107-2 | M8: 20.1 | N8: OK | O8: 청양 | P8: 67 | Q8: 328° 19' 19.77 | R8: 101 | T8: 없음 — 전 항목 진행
A9: S05 | B9: 5 | C9: A | D9: DS-083 | E9: 무풍 신규점1 | F9: 전북 본부 | G9: NI52-1-08 | H9: 무풍 | I9: 35.945212 | J9: 127.80085 | K9: 584 | L9: 전북특별자치도 무주군 설천면 두길리 165 | M9: 26.6 | N9: OK | O9: 청양 | P9: 98 | Q9: 246° 16′ 35.46 | R9: 67 | T9: 없음 — 전 항목 진행
A10: S06 | B10: 6 | C10: B | D10: DS-003 | E10: 길담 신규점 | F10: 전북 본부 | G10: NI52-1-13 | H10: 갈담 | I10: 35.604653 | J10: 127.23024 | K10: 281 | L10: 전북특별자치도 임실군 임실읍 신안리 산 87-1 | M10: 8.4 | N10: OK | O10: 청양 | P10: 91 | Q10: 351˚ 50´ 02˝ | R10: 64 | T10: 없음 — 전 항목 진행
A11: S07 | B11: 7 | C11: B | D11: DS-004 | E11: 남해 신규점1 | F11: 경남 본부 | G11: NI52-4-08 | H11: 남해 | I11: 34.852281 | J11: 127.98147 | K11: 262 | L11: 경남 남해군 창선면 지족리 산 115 | M11: 5.4 | N11: OK | O11: 청양 | P11: 197 | Q11: 114°34′47″ | R11: 70 | T11: 없음 — 전 항목 진행
A12: S08 | B12: 8 | C12: B | D12: DS-013 | E12: 청일 신규점2 | F12: 강원 본부 | G12: NJ52-8-09 | H12: 청일 | I12: 37.618578 | J12: 128.1698 | K12: 372 | L12: 강원특별자치도 횡성군 청일면 춘당리 산 1 | M12: 7.6 | N12: OK | O12: 강릉 | P12: 64 | Q12: 162° 55′ 36.41″ | R12: 63 | T12: 없음 — 전 항목 진행
A13: S09 | B13: 9 | C13: B | D13: DS-014 | E13: 어론 신규점 | F13: 강원 본부 | G13: NJ52-8-01 | H13: 어론 | I13: 37.776326 | J13: 128.07586 | K13: 532 | L13: 강원특별자치도 홍천군 내촌면 화상대리 산 108-2 | M13: 4.7 | N13: OK | O13: 강릉 | P13: 70 | Q13: 278°9′11″ | R13: 37 | T13: 없음 — 전 항목 진행
A14: S10 | B14: 10 | C14: B | D14: DS-020 | E14: 예안 신규점1 | F14: 대구경북 본부 | G14: NJ52-11-12 | H14: 예안 | I14: 36.745399 | J14: 128.85356 | K14: 293 | L14: 경북 안동시 도산면 토계리 350 | M14: 7.5 | N14: OK | O14: 강릉 | P14: 113 | Q14: 45°25′27 | R14: 28 | T14: 없음 — 전 항목 진행
A15: S11 | B15: 11 | C15: B | D15: DS-025 | E15: 소천 신규점4 | F15: 대구경북 본부 | G15: NJ52-11-05 | H15: 소천 | I15: 36.765848 | J15: 129.15434 | K15: 380 | L15: 경북 영양군 일월면 문암리 산 59-2 | M15: 34.9 | N15: OK | O15: 강릉 | P15: 114 | Q15: 251°54'10" | R15: 38 | T15: 없음 — 전 항목 진행
A16: S12 | B16: 12 | C16: B | D16: DS-030 | E16: 순창 신규점 | F16: 광주전남 본부 | G16: NI52-1-21 | H16: 순창 | I16: 35.284821 | J16: 127.09215 | K16: 219 | L16: 전남광주통합특별시 곡성군 오산면 운곡리 산 73-1 | M16: 23.1 | N16: OK | O16: 청양 | P16: 122 | Q16: 206°53′16″ | R16: 57 | T16: 없음 — 전 항목 진행
... A22: S18 | B22: 18 | C22: B | D22: DS-045 | E22: 통영 신규점 | F22: 경남 본부 | G22: NI52-5-02 | H22: 통영 | I22: 34.792976 | J22: 128.39383 | K22: 79 | L22: 경남 통영시 산양읍 연화리 584 | M22: 140.1 | N22: OK | O22: 청양 | P22: 223 | Q22: 304°50'44" | R22: 26 | T22: 없음 — 전 항목 진행
A23: S19 | B23: 19 | C23: B | D23: DS-046 | E23: 오호 신규점 | F23: 강원 본부 | G23: NJ52-5-19 | H23: 오호 | I23: 38.318869 | J23: 128.52176 | K23: 21 | L23: 강원특별자치도 고성군 죽왕면 삼포리 산 5 | N23: NOT AVAILABLE | O23: 강릉 | P23: 68 | Q23: 252°09′33.58" | R23: 36 | T23: 없음 — 전 항목 진행
A24: S20 | B24: 20 | C24: B | D24: DS-049 | E24: 보령 신규점2 | F24: 대전세종충남 본부 | G24: NJ52-10-19 | H24: 보령 | I24: 36.266844 | J24: 126.70696 | K24: 277 | L24: 충남 부여군 외산면 가덕리 산 11-1 | M24: 4.4 | N24: OK | O24: 청양 | P24: 17 | Q24: 5° 15' 3.36 | R24: 75 | T24: 없음 — 전 항목 진행
A25: S21 | B25: 21 | C25: B | D25: DS-051 | E25: 담양 신규점2 | F25: 전북 본부 | G25: NI52-1-20 | H25: 담양 | I25: 35.456101 | J25: 126.96205 | K25: 350 | L25: 전북특별자치도 순창군 복흥면 하리 산 27 | M25: 35.3 | N25: OK | O25: 청양 | P25: 102 | Q25: 227˚ 00´ 55˝ | R25: 44 | T25: 없음 — 전 항목 진행
A26: S22 | B26: 22 | C26: B | D26: DS-055 | E26: 완도 신규점 | F26: 광주전남 본부 | G26: NI52-4-19 | H26: 완도 | I26: 34.328826 | J26: 126.54322 | K26: 131 | L26: 전남광주통합특별시 해남군 송지면 송호리 산 178-3 | M26: 48.2 | N26: OK | O26: 제주 | P26: 102 | Q26: 122º 46' 29 | R26: 38 | T26: 없음 — 전 항목 진행
A27: S23 | B27: 23 | C27: B | D27: DS-057 | E27: 덕산 신규점1 | F27: 충북 본부 | G27: NJ52-11-01 | H27: 덕산 | I27: 36.888529 | J27: 128.19274 | K27: 388 | L27: 충북 제천시 덕산면 선고리 산 28-8 | M27: 9.9 | N27: OK | O27: 이천 | P27: 65 | Q27: 52˚41'47" | R27: 29 | T27: 없음 — 전 항목 진행
A28: S24 | B28: 24 | C28: B | D28: DS-060 | E28: 회천 신규점2 | F28: 광주전남 본부 | G28: NI52-4-13 | H28: 회천 | I28: 34.680805 | J28: 127.04766 | K28: 99 | L28: 전남광주통합특별시 보성군 회천면 회령리 산 155 | M28: 10.1 | N28: OK | O28: 제주 | P28: 155 | Q28: 326° 39' 52 | R28: 27 | T28: 없음 — 전 항목 진행
A29: S25 | B29: 25 | C29: B | D29: DS-068 | E29: 관리 신규점3 | F29: 대구경북 본부 | G29: NJ52-10-24 | H29: 관기 | I29: 36.325755 | J29: 127.90598 | K29: 383 | L29: 경북 상주시 모서면 득수리 산 146 | M29: 54.9 | N29: OK | O29: 청양 | P29: 95 | Q29: 141° 02’ 02 | R29: 60 | T29: 없음 — 전 항목 진행
A30: S26 | B30: 26 | C30: B | D30: DS-075 | E30: 고남 신규점2 | F30: 대전세종충남 본부 | G30: NJ52-10-18 | H30: 고남 | I30: 36.452304 | J30: 126.3958 | K30: 38 | L30: 충남 태안군 고남면 누동리 산 6-514 | M30: 2.9 | N30: OK | O30: 청양 | P30: 42 | Q30: 29° 8' 15.13 | R30: 70 | T30: 없음 — 전 항목 진행
A31: S27 | B31: 27 | C31: B | D31: DS-078 | E31: 전의 신규점 | F31: 대전세종충남 본부 | G31: NJ52-10-13 | H31: 전의 | I31: 36.579379 | J31: 127.0687 | K31: 372 | L31: 충남 공주시 사곡면 월가리 산 10-1 | M31: 2.9 | N31: OK | O31: 청양 | P31: 30 | Q31: 307°8′47″ | R31: 54 | T31: 없음 — 전 항목 진행
A32: S28 | B32: 28 | C32: B | D32: DS-080 | E32: 이원 신규점 | F32: 대전세종충남 본부 | G32: NJ52-10-31 | H32: 이원 | I32: 36.16662 | J32: 127.58312 | K32: 300 | L32: 충남 금산군 제원면 신안리 산 4-1 | M32: 12 | N32: OK | O32: 청양 | P32: 70 | Q32: 157°40′41″ | R32: 42 | T32: 없음 — 전 항목 진행
A33: S29 | B33: 29 | C33: B | D33: DS-084 | E33: 가야 신규점1 | F33: 경남 본부 | G33: NI52-2-01 | H33: 가야 | I33: 35.777986 | J33: 128.03683 | K33: 825 | L33: 경남 거창군 가북면 우혜리 산 3 | M33: 26.8 | N33: OK | O33: 청양 | P33: 125 | Q33: 115° 14' 22" | R33: 21 | T33: 없음 — 전 항목 진행
A34: S30 | B34: 30 | C34: B | D34: DS-086 | E34: 창녕 신규점 | F34: 대구경북 본부 | G34: NI52-2-10 | H34: 창녕 | I34: 35.662586 | J34: 128.2981 | K34: 179 | L34: 경북 고령군 쌍림면 평지리 산 63 | M34: 22.7 | N34: OK | O34: 청양 | P34: 152 | Q34: 297° 30' 11 | R34: 23 | T34: 없음 — 전 항목 진행
A35: S31 | B35: 31 | C35: B | D35: DS-089 | E35: 언양 신규점3 | F35: 대구경북 본부 | G35: NI52-2-13 | H35: 언양 | I35: 35.742364 | J35: 129.02982 | K35: 234 | L35: 경북 경주시 산내면 외칠리 산 183 | M35: 24.2 | N35: OK | O35: 이천 | P35: 205 | Q35: 352°5′13″ | R35: 33 | T35: 없음 — 전 항목 진행
A36: S32 | B36: 32 | C36: B | D36: DS-096 | E36: 함양 신규점 | F36: 전북 본부 | G36: NI52-1-15 | H36: 함양 | I36: 35.586243 | J36: 127.57466 | K36: 478 | L36: 전북특별자치도 장수군 번암면 지지리 산 55 | M36: 16.5 | N36: OK | O36: 청양 | P36: 108 | Q36: 132º 38' 54 | R36: 34 | T36: 없음 — 전 항목 진행
A37: S33 | B37: 33 | C37: B | D37: DS-098 | E37: 문산 신규점 | F37: 서울경기북부 본부 | G37: NJ52-7-04 | H37: 문산 | I37: 37.927676 | J37: 126.87031 | K37: 83 | L37: 경기 파주시 파평면 덕천리 산 40-3 | N37: NOT AVAILABLE | O37: 이천 | P37: 105 | Q37: 333° 29 '40.75 | R37: 94 | T37: 없음 — 전 항목 진행
A38: S34 | B38: 34 | C38: B | D38: DS-102 | E38: 부안 신규점 | F38: 전북 본부 | G38: NI52-1-11 | H38: 부안 | I38: 35.541753 | J38: 126.64558 | K38: 112 | L38: 전북특별자치도 고창군 부안면 수앙리 산 79-8 | M38: 17 | N38: OK | O38: 청양 | P38: 93 | Q38: 115° 56' 52 | R38: 73 | T38: 없음 — 전 항목 진행
A39: S35 | B39: 35 | C39: 기존점 | D39: 1-12-2 | E39: 상주 | G39: NJ52-14-16 | H39: 상주 | I39: 36.355288 | J39: 128.11048 | K39: 92.568 | L39: 경상북도 상주시 청리면 율리 436-2 밤깟마을(상주23) | M39: 43.6 | N39: OK | O39: 이천 | P39: 101 | Q39: NOT APPLICABLE | T39: 없음 — 전 항목 진행
A40: S36 | B40: 36 | C40: 기존점 | D40: 1-13-2 | E40: 미원 | G40: NJ52-13-14 | H40: 미원 | I40: 36.725028 | J40: 127.58622 | K40: 97.952 | L40: 충청북도 청주시 청원구 북이면 영하리 산13-1(미원409) | M40: 5.4 | N40: OK | O40: 이천 | P40: 46 | Q40: NOT APPLICABLE | T40: 과거대조 보류 — '10~'19 성과표와 2019 야장 좌표가 353 m 어긋난다. 현 표석에서의 신규 측정은 별도 Location ID 로 진행하되, 과거 성과와의 대조는 표석 동일성 확인 전까지 보류.
A41: S37 | B41: 37 | C41: 기존점 | D41: 1-17-2 | E41: 부안 | G41: NJ52-01-10 | H41: 부안 | I41: 35.58775 | J41: 126.71614 | K41: 33.5 | L41: 전라북도 부안군 줄포면 난산리 440-2 목중새마을(부안423) | M41: 23.8 | N41: OK | O41: 청양 | P41: 87 | Q41: NOT APPLICABLE | S41: 주변 태양광 위치 | T41: 없음 — 전 항목 진행
A42: S38 | B42: 38 | C42: 기존점 | D42: 1-2-3 | E42: 강화 | G42: NJ52-09-09 | H42: 강화 | I42: 37.666124 | J42: 126.47878 | K42: 100.524 | L42: 인천광역시 강화군 길상면 길직리 산 148-6 | N42: NOT AVAILABLE | O42: 이천 | P42: 110 | Q42: NOT APPLICABLE | T42: 없음 — 전 항목 진행
A43: S39 | B43: 39 | C43: 기존점 | D43: 1-23-1 | E43: 언양 | G43: NI52-2-13 | H43: 언양 | I43: 35.6762 | J43: 129.19087 | K43: 226.101 | L43: 울산광역시 울주군 두서면 미호리 산3(삼언양417) | M43: 38.3 | N43: OK | O43: 이천 | P43: 220 | Q43: NOT APPLICABLE | S43: 도로 접근성 나쁨 | T43: 없음 — 전 항목 진행
A44: S40 | B44: 40 | C44: 기존점 | D44: 1-24-3 | E44: 남지 | G44: NJ52-01-14 | H44: 남지 | I44: 35.436167 | J44: 128.47378 | L44: 창녕군 장마면 유리 1705-1 봉산지뚝 | M44: 9.4 | N44: OK | O44: 청양 | P44: 179 | Q44: NOT APPLICABLE | T44: 없음 — 전 항목 진행
A45: S41 | B45: 41 | C45: 기존점 | D45: 1-25-2 | E45: 거제 | G45: NJ52-06-07 | H45: 거제 | I45: 34.870311 | J45: 128.59286 | K45: 91.014 | L45: 경상남도 거제시 거제면 옥산리 산83-6 | M45: 28.9 | N45: OK | O45: 청양 | P45: 229 | Q45: NOT APPLICABLE | T45: 없음 — 전 항목 진행
A46: S42 | B46: 42 | C46: 기존점 | D46: 1-29-2 | E46: 조도 | G46: NJ52-05-21 | H46: 조도 | I46: 34.431917 | J46: 126.22381 | L46: 진도군 임회면 삼막리 광전교인근 | M46: 100.2 | N46: OK | O46: 제주 | P46: 111 | Q46: NOT APPLICABLE | S46: 하천(제방) | T46: 없음 — 전 항목 진행
A47: S43 | B47: 43 | C47: 기존점 | D47: 1-3-3 | E47: 포천 | G47: NJ 52-09-5 | H47: 포천 | I47: 37.990903 | J47: 127.13463 | K47: 423.872 | L47: 경기도 연천군 청산면 대전리 산83 | N47: NOT AVAILABLE | O47: 이천 | P47: 100 | Q47: NOT APPLICABLE | T47: 없음 — 전 항목 진행
A48: S44 | B48: 44 | C48: 기존점 | D48: 1-30-2 | E48: 성산 | G48: NJ52-09-18 | H48: 성산 | I48: 33.52448 | J48: 126.89416 | K48: 8.08 | L48: 제주특별자치도 제주시 구좌읍 하도리425 | M48: 46.7 | N48: OK | O48: 제주 | P48: 56 | Q48: NOT APPLICABLE | T48: 없음 — 전 항목 진행
A49: S45 | B49: 45 | C49: 기존점 | D49: 1-4-4 | E49: 여주 | G49: NJ52-09-21 | H49: 여주 | I49: 37.445381 | J49: 127.57332 | K49: 177.03 | L49: 경기도 양평군 개군면 내리 산12 | M49: 10.7 | N49: OK | O49: 이천 | P49: 34 | Q49: NOT APPLICABLE | T49: 없음 — 전 항목 진행
A50: S46 | B50: 46 | C50: 기존점 | D50: 1-5-2 | E50: 화천 | G50: NJ52-05-28 | H50: 화천 | I50: 38.115667 | J50: 127.68672 | K50: 155 | L50: 화천군 화천읍 상리 산6 | N50: NOT AVAILABLE | O50: 이천 | P50: 109 | Q50: NOT APPLICABLE | T50: 없음 — 전 항목 진행
A51: S47 | B51: 47 | C51: 기존점 | D51: 1-7-2 | E51: 봉평 | G51: NJ52-10-10 | H51: 봉평 | I51: 37.612372 | J51: 128.3958 | K51: 695.73 | L51: 평창군 봉평면 평촌2리 김병찬씨 뒷산 | M51: 6.7 | N51: OK | O51: 강릉 | P51: 45 | Q51: NOT APPLICABLE | S51: 주변 송신탑 위치 | T51: 없음 — 전 항목 진행
A52: S48 | B52: 48 | C52: 기존점 | D52: 1-8-4 | E52: 삼척 | G52: NJ52-10-20 | H52: 삼척 | I52: 37.384717 | J52: 129.20323 | K52: 27.791 | L52: 강원도 삼척시 근덕면 하맹방리 774-2, 초당저수지 | M52: 1.3 | N52: OK | O52: 강릉 | P52: 52 | Q52: NOT APPLICABLE | T52: 없음 — 전 항목 진행
A53: S49 | B53: 49 | C53: 기존점 | D53: 1-9-2 | E53: 제천 | G53: NJ52-10-23 | H53: 제천 | I53: 37.074639 | J53: 128.21144 | L53: 제천시 백운면 방학리 백마저수지뚝 가운데 | M53: 13.7 | N53: OK | O53: 이천 | P53: 61 | Q53: NOT APPLICABLE | T53: 없음 — 전 항목 진행
A54: S50 | B54: 50 | C54: 기존점 | D54: 1-20-3 | E54: 함양 | G54: NJ52-02-17 | H54: 함양 | I54: 35.542509 | J54: 127.62297 | K54: 415.62 | L54: 경남 함양군 백전면 구산리 166 구산제(구산저수지) | M54: 23.9 | N54: OK | O54: 청양 | P54: 115 | Q54: NOT APPLICABLE | T54: 없음 — 전 항목 진행

Sheet ③ 점정보·좌표
A1: 점 정보 · 좌표 검증
A2: 좌표는 «십진도 숫자»로 위도·경도를 각각 적고 좌표계·취득방법·정확도·출처를 함께 남긴다. 자릿수만 맞추면 허위 정밀도가 생기고 위·경도 뒤바뀜도 못 막는다. 선점 절차: GNSS 수신기 — 좌표·방위각 확인 → 오버하우저 — 자기구배 확인 → 중심점 선정 및 표지 설치
A4: Site ID | B4: 지점명 | C4: 구분 | D4: 사전 위도 | E4: 사전 경도 | F4: 현장 실측 위도 | G4: 현장 실측 경도 | H4: 좌표계 | I4: 측지기준 | J4: 취득방법 | K4: 수평정확도(m) | L4: 좌표 출처 | M4: 좌표 검증상태
A5: S01 | B5: 태백 신규점 | C5: A | D5: 37.020705 | E5: 128.98393
A6: S02 | B6: 임계 신규점1 | C6: A | D6: 37.359346 | E6: 128.97386
A7: S03 | B7: 예산 신규점2 | C7: A | D7: 36.534085 | E7: 126.93627
A8: S04 | B8: 진안 신규점1 | C8: A | D8: 35.891309 | E8: 127.30902
A9: S05 | B9: 무풍 신규점1 | C9: A | D9: 35.945212 | E9: 127.80085
A10: S06 | B10: 길담 신규점 | C10: B | D10: 35.604653 | E10: 127.23024
A11: S07 | B11: 남해 신규점1 | C11: B | D11: 34.852281 | E11: 127.98147
A12: S08 | B12: 청일 신규점2 | C12: B | D12: 37.618578 | E12: 128.1698
A13: S09 | B13: 어론 신규점 | C13: B | D13: 37.776326 | E13: 128.07586
A14: S10 | B14: 예안 신규점1 | C14: B | D14: 36.745399 | E14: 128.85356
A15: S11 | B15: 소천 신규점4 | C15: B | D15: 36.765848 | E15: 129.15434
A16: S12 | B16: 순창 신규점 | C16: B | D16: 35.284821 | E16: 127.09215
... A54: S50 | B54: 함양 | C54: 기존점 | D54: 35.542509 | E54: 127.62297

Sheet ④ §13② 이격거리
A1: §13② 이격거리 — 시설 유형마다 한 행
A2: 법정 기준: 직류철도 5.0 km · 교류·일반철도 2.0 km · 고압철탑 1.0 km · 송전탑 0.5 km
A3: ⚠ 도상 확인만으로 확정하지 않는다. 시설 분류·자료 기준일·거리 산정점·최근 설치 여부에 따라 결과가 달라지므로 시설 ID·출처·좌표·현장 확인값·확인방법·사진·확인자를 각각 남긴다. 분류가 불명확하면 임의 판정하지 말고 PENDING.
A4: Site ID | B4: 지점명 | C4: 시설 유형 | D4: 기준(km) | E4: 최근접 시설 ID | F4: 시설 명칭 | G4: 자료 출처 | H4: 자료 기준일 | I4: 시설 위도 | J4: 시설 경도 | K4: 도상거리(km) | L4: 현장 확인거리(km) | M4: 확인 방법 | N4: 사진 파일명 | O4: 판정 | P4: 확인자 | Q4: 비고
A5: S01 | B5: 태백 신규점 | C5: 직류철도 | D5: 5
A6: S01 | B6: 태백 신규점 | C6: 교류·일반철도 | D6: 2
A7: S01 | B7: 태백 신규점 | C7: 고압철탑 | D7: 1
A8: S01 | B8: 태백 신규점 | C8: 송전탑 | D8: 0.5
A9: S02 | B9: 임계 신규점1 | C9: 직류철도 | D9: 5
A10: S02 | B10: 임계 신규점1 | C10: 교류·일반철도 | D10: 2
A11: S02 | B11: 임계 신규점1 | C11: 고압철탑 | D11: 1
A12: S02 | B12: 임계 신규점1 | C12: 송전탑 | D12: 0.5
A13: S03 | B13: 예산 신규점2 | C13: 직류철도 | D13: 5
A14: S03 | B14: 예산 신규점2 | C14: 교류·일반철도 | D14: 2
A15: S03 | B15: 예산 신규점2 | C15: 고압철탑 | D15: 1
A16: S03 | B16: 예산 신규점2 | C16: 송전탑 | D16: 0.5
... A204: S50 | B204: 함양 | C204: 송전탑 | D204: 0.5

Sheet ⑤ 기존점 대조가능성
A1: 기존 관측점 16점 — 과거 성과와의 «성분별» 대조 가능성
A2: ⚠ 「기존 성과가 있다」와 「직접 비교할 수 있다」는 다른 문제다. 과거 기록에는 마크 방위각 변동(재방문 잔여 RMS 33.7′)·F 측정시각 전무·방위 방향 혼동이 섞여 있다. 편각 D 와 시간보정이 필요한 F 는 무조건 직접 비교할 수 없다.
A3: HOLD 는 범위를 나눈다 — 「현 물리점 식별」이 안 되면 전부 보류지만, 현 표석이 확실하고 과거 좌표와의 연결만 불명확하면 **신규 측정은 별도 Location ID 로 진행**하고 과거 대조만 보류한다.
A4: Site ID | B4: 지점명 | C4: 지점코드 | D4: 종전 성과 연도 | E4: 종전 편각(°) | F4: 종전 복각(°) | G4: 종전 총자력(nT) | H4: 종전 관측장비 | I4: 현 물리점 식별 | J4: 공식 좌표 확인 | K4: 과거점 동일성 | L4: 동일 표석 | M4: 동일 표지 | N4: D 대조가능 | O4: I 대조가능 | P4: F 대조가능 | Q4: 근거·비고
A5: S35 | B5: 상주 | C5: 1-12-2 | D5: 2025.09.24. | E5: -8.193992 | F5: 52.758553 | G5: 50560 | H5: MAG-02H
A6: S36 | B6: 미원 | C6: 1-13-2 | D6: 2024.05.01. | E6: -9.122264 | F6: 53.412156 | G6: 50709.3 | H6: MAG-02H | K6: HOLD | L6: HOLD | M6: HOLD | N6: HOLD | O6: HOLD | P6: HOLD | Q6: '10~'19 성과표와 2019 야장 좌표가 353 m 어긋난다. 현 표석에서의 신규 측정은 별도 Location ID 로 진행하되, 과거 성과와의 대조는 표석 동일성 확인 전까지 보류.
A7: S37 | B7: 부안 | C7: 1-17-2 | D7: 2025.11.04. | E7: -8.473328 | F7: 52.376639 | G7: 50678.1 | H7: MAG-02H
A8: S38 | B8: 강화 | C8: 1-2-3 | D8: 2024.04.17 | E8: -8.659731 | F8: 54.765217 | G8: 51531.2 | H8: MAG-02H
A9: S39 | B9: 언양 | C9: 1-23-1 | D9: 2024.10.17 | E9: -9.003039 | F9: 51.749664 | G9: 49597.3 | H9: MAG-01H
A10: S40 | B10: 남지 | C10: 1-24-3 | D10: 2019.06.24 | E10: -7.60285 | F10: 51.288442 | G10: 49481.8 | H10: MAG-01H
A11: S41 | B11: 거제 | C11: 1-25-2 | D11: 2024.10.24. | E11: -8.147075 | F11: 51.198997 | G11: 49335.5 | H11: MAG-02H
A12: S42 | B12: 조도 | C12: 1-29-2 | D12: 2010연구성과 | E12: -6.0461111 | F12: 50.368333 | G12: 49534 | H12: 연구성과보고서
A13: S43 | B13: 포천 | C13: 1-3-3 | D13: 2025.05.27. | E13: -9.245017 | F13: 55.042983 | G13: 51495.3 | H13: MAG-02H
A14: S44 | B14: 성산 | C14: 1-30-2 | D14: 2025.05.15 | E14: -8.658169 | F14: 50.120781 | G14: 48909.9 | H14: MAG-03H
A15: S45 | B15: 여주 | C15: 1-4-4 | D15: 2023.09.07 | E15: -9.2674306 | F15: 54.423825 | G15: 51174.98 | H15: MAG-01H
A16: S46 | B16: 화천 | C16: 1-5-2 | D16: 2018.5.23 | E16: -8.933944 | F16: 54.944778 | G16: 51499.4 | H16: MAG-01H
A17: S47 | B17: 봉평 | C17: 1-7-2 | D17: 2015 | E17: -8.446667 | F17: 54.1425 | G17: 50634 | H17: MAG-04H
A18: S48 | B18: 삼척 | C18: 1-8-4 | D18: 2024.08.29. | E18: -8.223683 | F18: 54.325956 | G18: 50647.4 | H18: MAG-07H
... A20: S50 | B20: 함양 | C20: 1-20-3 | D20: 2025.10.29. | E20: -7.629208 | F20: 52.017197 | G20: 49779.9 | H20: MAG-02H

Sheet ⑥ 방위표지·참방위각
A1: 방위표지 · 참방위각 결정 — 편각 30′ 잔차의 주범
A2: ⚠ 규약: 진북 기준 · 북 = 0° · 시계방향 · FROM = 기준점 · TO = 방위표지. 현장 원시각은 «gon»(1회전 400 · 대척 200). 200 gon 역방향과 180° 역방향이 섞이면 대규모 오류가 난다.
A3: 재방문 16구간 전부에서 마크 참방위각이 60″ 넘게 변했다. 마크를 바꾸는 것 자체는 오류가 아니지만 바뀐 마크의 참방위각이 틀리면 그 방문의 편각이 통째로 틀어진다 — 「이전값 대비 차」와 「재결정 사유」가 필수다.
A4: Site ID | B4: Mark ID | C4: 지점명 | D4: 표지 구분 | E4: 표지 위도 | F4: 표지 경도 | G4: 시준 지점(표지의 어디) | H4: FROM | I4: TO | J4: 정 시준 원시각(gon) | K4: 반 시준 원시각(gon) | L4: 폐합차(gon) 계산 | M4: 참방위각(gon) | N4: 참방위각(°) 계산 | O4: 역방위(°) 계산 | P4: 결정방법 | Q4: 근거좌표 정확도(m) | R4: 이전 확정 방위각(°) | S4: 이전값 대비 차(″) 계산 | T4: 재결정 사유
A5: S01 | B5: S01-M1 | C5: 태백 신규점 | D5: 방위표지1 | E5: 37.020007 | F5: 128.98392 | H5: 기준점 | I5: 방위표지 | L5: =IF(COUNT(J5:K5)=2,ABS(ABS(K5-J5)-200),"") | N5: =IF(ISNUMBER(M5),M5*0.9,"") | O5: =IF(ISNUMBER(M5),MOD(M5*0.9+180,360),"") | S5: =IF(AND(ISNUMBER(M5),ISNUMBER(R5)),(M5*0.9-R5)*3600,"")
A6: S01 | B6: S01-M2 | C6: 태백 신규점 | D6: 방위표지2 | E6: 37.021716 | F6: 128.98347 | H6: 기준점 | I6: 방위표지 | L6: =IF(COUNT(J6:K6)=2,ABS(ABS(K6-J6)-200),"") | N6: =IF(ISNUMBER(M6),M6*0.9,"") | O6: =IF(ISNUMBER(M6),MOD(M6*0.9+180,360),"") | S6: =IF(AND(ISNUMBER(M6),ISNUMBER(R6)),(M6*0.9-R6)*3600,"")
A7: S02 | B7: S02-M1 | C7: 임계 신규점1 | D7: 방위표지1 | E7: 37.3587 | F7: 128.9739 | H7: 기준점 | I7: 방위표지 | L7: =IF(COUNT(J7:K7)=2,ABS(ABS(K7-J7)-200),"") | N7: =IF(ISNUMBER(M7),M7*0.9,"") | O7: =IF(ISNUMBER(M7),MOD(M7*0.9+180,360),"") | S7: =IF(AND(ISNUMBER(M7),ISNUMBER(R7)),(M7*0.9-R7)*3600,"")
A8: S02 | B8: S02-M2 | C8: 임계 신규점1 | D8: 방위표지2 | E8: 37.358529 | F8: 128.97477 | H8: 기준점 | I8: 방위표지 | L8: =IF(COUNT(J8:K8)=2,ABS(ABS(K8-J8)-200),"") | N8: =IF(ISNUMBER(M8),M8*0.9,"") | O8: =IF(ISNUMBER(M8),MOD(M8*0.9+180,360),"") | S8: =IF(AND(ISNUMBER(M8),ISNUMBER(R8)),(M8*0.9-R8)*3600,"")
A9: S03 | B9: S03-M1 | C9: 예산 신규점2 | D9: 방위표지1 | E9: 36.534094 | F9: 126.93481 | H9: 기준점 | I9: 방위표지 | L9: =IF(COUNT(J9:K9)=2,ABS(ABS(K9-J9)-200),"") | N9: =IF(ISNUMBER(M9),M9*0.9,"") | O9: =IF(ISNUMBER(M9),MOD(M9*0.9+180,360),"") | S9: =IF(AND(ISNUMBER(M9),ISNUMBER(R9)),(M9*0.9-R9)*3600,"")
A10: S03 | B10: S03-M2 | C10: 예산 신규점2 | D10: 방위표지2 | E10: 36.533699 | F10: 126.93798 | H10: 기준점 | I10: 방위표지 | L10: =IF(COUNT(J10:K10)=2,ABS(ABS(K10-J10)-200),"") | N10: =IF(ISNUMBER(M10),M10*0.9,"") | O10: =IF(ISNUMBER(M10),MOD(M10*0.9+180,360),"") | S10: =IF(AND(ISNUMBER(M10),ISNUMBER(R10)),(M10*0.9-R10)*3600,"")
A11: S04 | B11: S04-M1 | C11: 진안 신규점1 | D11: 방위표지1 | E11: 35.891876 | F11: 127.30849 | H11: 기준점 | I11: 방위표지 | L11: =IF(COUNT(J11:K11)=2,ABS(ABS(K11-J11)-200),"") | N11: =IF(ISNUMBER(M11),M11*0.9,"") | O11: =IF(ISNUMBER(M11),MOD(M11*0.9+180,360),"") | S11: =IF(AND(ISNUMBER(M11),ISNUMBER(R11)),(M11*0.9-R11)*3600,"")
A12: S04 | B12: S04-M2 | C12: 진안 신규점1 | D12: 방위표지2 | E12: 35.89031 | F12: 127.30879 | H12: 기준점 | I12: 방위표지 | L12: =IF(COUNT(J12:K12)=2,ABS(ABS(K12-J12)-200),"") | N12: =IF(ISNUMBER(M12),M12*0.9,"") | O12: =IF(ISNUMBER(M12),MOD(M12*0.9+180,360),"") | S12: =IF(AND(ISNUMBER(M12),ISNUMBER(R12)),(M12*0.9-R12)*3600,"")
A13: S05 | B13: S05-M1 | C13: 무풍 신규점1 | D13: 방위표지1 | E13: 35.945053 | F13: 127.80054 | H13: 기준점 | I13: 방위표지 | L13: =IF(COUNT(J13:K13)=2,ABS(ABS(K13-J13)-200),"") | N13: =IF(ISNUMBER(M13),M13*0.9,"") | O13: =IF(ISNUMBER(M13),MOD(M13*0.9+180,360),"") | S13: =IF(AND(ISNUMBER(M13),ISNUMBER(R13)),(M13*0.9-R13)*3600,"")
A14: S05 | B14: S05-M2 | C14: 무풍 신규점1 | D14: 방위표지2 | E14: 35.946307 | F14: 127.80241 | H14: 기준점 | I14: 방위표지 | L14: =IF(COUNT(J14:K14)=2,ABS(ABS(K14-J14)-200),"") | N14: =IF(ISNUMBER(M14),M14*0.9,"") | O14: =IF(ISNUMBER(M14),MOD(M14*0.9+180,360),"") | S14: =IF(AND(ISNUMBER(M14),ISNUMBER(R14)),(M14*0.9-R14)*3600,"")
A15: S06 | B15: S06-M1 | C15: 길담 신규점 | D15: 방위표지1 | E15: 35.605228 | F15: 127.23014 | H15: 기준점 | I15: 방위표지 | L15: =IF(COUNT(J15:K15)=2,ABS(ABS(K15-J15)-200),"") | N15: =IF(ISNUMBER(M15),M15*0.9,"") | O15: =IF(ISNUMBER(M15),MOD(M15*0.9+180,360),"") | S15: =IF(AND(ISNUMBER(M15),ISNUMBER(R15)),(M15*0.9-R15)*3600,"")
A16: S06 | B16: S06-M2 | C16: 길담 신규점 | D16: 방위표지2 | E16: 35.604125 | F16: 127.23019 | H16: 기준점 | I16: 방위표지 | L16: =IF(COUNT(J16:K16)=2,ABS(ABS(K16-J16)-200),"") | N16: =IF(ISNUMBER(M16),M16*0.9,"") | O16: =IF(ISNUMBER(M16),MOD(M16*0.9+180,360),"") | S16: =IF(AND(ISNUMBER(M16),ISNUMBER(R16)),(M16*0.9-R16)*3600,"")
... A72: S34 | B72: S34-M2 | C72: 부안 신규점 | D72: 방위표지2 | E72: 35.542434 | F72: 126.64437 | H72: 기준점 | I72: 방위표지 | L72: =IF(COUNT(J72:K72)=2,ABS(ABS(K72-J72)-200),"") | N72: =IF(ISNUMBER(M72),M72*0.9,"") | O72: =IF(ISNUMBER(M72),MOD(M72*0.9+180,360),"") | S72: =IF(AND(ISNUMBER(M72),ISNUMBER(R72)),(M72*0.9-R72)*3600,"")
A73: S35 | B73: S35-M1 | C73: 상주 | D73: 방위표지1 | H73: 기준점 | I73: 방위표지 | L73: =IF(COUNT(J73:K73)=2,ABS(ABS(K73-J73)-200),"") | N73: =IF(ISNUMBER(M73),M73*0.9,"") | O73: =IF(ISNUMBER(M73),MOD(M73*0.9+180,360),"") | S73: =IF(AND(ISNUMBER(M73),ISNUMBER(R73)),(M73*0.9-R73)*3600,"")
A74: S35 | B74: S35-M2 | C74: 상주 | D74: 방위표지2 | H74: 기준점 | I74: 방위표지 | L74: =IF(COUNT(J74:K74)=2,ABS(ABS(K74-J74)-200),"") | N74: =IF(ISNUMBER(M74),M74*0.9,"") | O74: =IF(ISNUMBER(M74),MOD(M74*0.9+180,360),"") | S74: =IF(AND(ISNUMBER(M74),ISNUMBER(R74)),(M74*0.9-R74)*3600,"")
A75: S36 | B75: S36-M1 | C75: 미원 | D75: 방위표지1 | H75: 기준점 | I75: 방위표지 | L75: =IF(COUNT(J75:K75)=2,ABS(ABS(K75-J75)-200),"") | N75: =IF(ISNUMBER(M75),M75*0.9,"") | O75: =IF(ISNUMBER(M75),MOD(M75*0.9+180,360),"") | S75: =IF(AND(ISNUMBER(M75),ISNUMBER(R75)),(M75*0.9-R75)*3600,"")
A76: S36 | B76: S36-M2 | C76: 미원 | D76: 방위표지2 | H76: 기준점 | I76: 방위표지 | L76: =IF(COUNT(J76:K76)=2,ABS(ABS(K76-J76)-200),"") | N76: =IF(ISNUMBER(M76),M76*0.9,"") | O76: =IF(ISNUMBER(M76),MOD(M76*0.9+180,360),"") | S76: =IF(AND(ISNUMBER(M76),ISNUMBER(R76)),(M76*0.9-R76)*3600,"")
A77: S37 | B77: S37-M1 | C77: 부안 | D77: 방위표지1 | H77: 기준점 | I77: 방위표지 | L77: =IF(COUNT(J77:K77)=2,ABS(ABS(K77-J77)-200),"") | N77: =IF(ISNUMBER(M77),M77*0.9,"") | O77: =IF(ISNUMBER(M77),MOD(M77*0.9+180,360),"") | S77: =IF(AND(ISNUMBER(M77),ISNUMBER(R77)),(M77*0.9-R77)*3600,"")
A78: S37 | B78: S37-M2 | C78: 부안 | D78: 방위표지2 | H78: 기준점 | I78: 방위표지 | L78: =IF(COUNT(J78:K78)=2,ABS(ABS(K78-J78)-200),"") | N78: =IF(ISNUMBER(M78),M78*0.9,"") | O78: =IF(ISNUMBER(M78),MOD(M78*0.9+180,360),"") | S78: =IF(AND(ISNUMBER(M78),ISNUMBER(R78)),(M78*0.9-R78)*3600,"")
A79: S38 | B79: S38-M1 | C79: 강화 | D79: 방위표지1 | H79: 기준점 | I79: 방위표지 | L79: =IF(COUNT(J79:K79)=2,ABS(ABS(K79-J79)-200),"") | N79: =IF(ISNUMBER(M79),M79*0.9,"") | O79: =IF(ISNUMBER(M79),MOD(M79*0.9+180,360),"") | S79: =IF(AND(ISNUMBER(M79),ISNUMBER(R79)),(M79*0.9-R79)*3600,"")
A80: S38 | B80: S38-M2 | C80: 강화 | D80: 방위표지2 | H80: 기준점 | I80: 방위표지 | L80: =IF(COUNT(J80:K80)=2,ABS(ABS(K80-J80)-200),"") | N80: =IF(ISNUMBER(M80),M80*0.9,"") | O80: =IF(ISNUMBER(M80),MOD(M80*0.9+180,360),"") | S80: =IF(AND(ISNUMBER(M80),ISNUMBER(R80)),(M80*0.9-R80)*3600,"")
A81: S39 | B81: S39-M1 | C81: 언양 | D81: 방위표지1 | H81: 기준점 | I81: 방위표지 | L81: =IF(COUNT(J81:K81)=2,ABS(ABS(K81-J81)-200),"") | N81: =IF(ISNUMBER(M81),M81*0.9,"") | O81: =IF(ISNUMBER(M81),MOD(M81*0.9+180,360),"") | S81: =IF(AND(ISNUMBER(M81),ISNUMBER(R81)),(M81*0.9-R81)*3600,"")
A82: S39 | B82: S39-M2 | C82: 언양 | D82: 방위표지2 | H82: 기준점 | I82: 방위표지 | L82: =IF(COUNT(J82:K82)=2,ABS(ABS(K82-J82)-200),"") | N82: =IF(ISNUMBER(M82),M82*0.9,"") | O82: =IF(ISNUMBER(M82),MOD(M82*0.9+180,360),"") | S82: =IF(AND(ISNUMBER(M82),ISNUMBER(R82)),(M82*0.9-R82)*3600,"")
A83: S40 | B83: S40-M1 | C83: 남지 | D83: 방위표지1 | H83: 기준점 | I83: 방위표지 | L83: =IF(COUNT(J83:K83)=2,ABS(ABS(K83-J83)-200),"") | N83: =IF(ISNUMBER(M83),M83*0.9,"") | O83: =IF(ISNUMBER(M83),MOD(M83*0.9+180,360),"") | S83: =IF(AND(ISNUMBER(M83),ISNUMBER(R83)),(M83*0.9-R83)*3600,"")
A84: S40 | B84: S40-M2 | C84: 남지 | D84: 방위표지2 | H84: 기준점 | I84: 방위표지 | L84: =IF(COUNT(J84:K84)=2,ABS(ABS(K84-J84)-200),"") | N84: =IF(ISNUMBER(M84),M84*0.9,"") | O84: =IF(ISNUMBER(M84),MOD(M84*0.9+180,360),"") | S84: =IF(AND(ISNUMBER(M84),ISNUMBER(R84)),(M84*0.9-R84)*3600,"")
... A104: S50 | B104: S50-M2 | C104: 함양 | D104: 방위표지2 | H104: 기준점 | I104: 방위표지 | L104: =IF(COUNT(J104:K104)=2,ABS(ABS(K104-J104)-200),"") | N104: =IF(ISNUMBER(M104),M104*0.9,"") | O104: =IF(ISNUMBER(M104),MOD(M104*0.9+180,360),"") | S104: =IF(AND(ISNUMBER(M104),ISNUMBER(R104)),(M104*0.9-R104)*3600,"")

Sheet ⑦ 장비·검교정
A1: 관측 장비 · 검교정 이력
A2: 검교정 주기는 KOLAS-G-008 고시(국가표준기본법 §14) 기준이다. 성적서 번호와 유효기간을 적지 않으면 그 관측의 신뢰성을 사후에 입증할 수 없다.
A3: ⚠ 이동 자력계는 GSM-19T **1대**가 전제다. 두 번째 PPM 을 요구하는 절차(교차배치 등)는 «2대 확보 시에만» 수행하며 미확보 시 NOT APPLICABLE 로 남긴다.
A4: ■ 보유 장비 (원 자료 31면)
A5: 구분 | B5: 모델 | C5: 용도 | D5: 유의사항 | E5: 기기번호 | F5: 검정일 | G5: 유효기간 | H5: 검정기관 | I5: 성적서 번호 | J5: 시험 탐사 범위
A6: 오버하우저 | B6: GSM-19T | C6: 전자력(F) 측정 · 자기구배 확인 | D6: 한국표준과학연구원(KRISS) | J6: 시험 탐사 투입
A7: 이동식 Variometer | C7: 측량기간 중 자기장 시간변화 연속기록 | D7: P0 선형보간의 선형성을 검증할 유일한 수단 | J7: 시험 탐사 투입
A8: GNSS 수신기 | C8: 좌표·방위각 확인 | J8: 시험 탐사 투입
A9: DI-flux | B9: MinGeo 010B | C9: 편각(D)·복각(I) 절대관측 | D9: 제조사(헝가리) — 해외 발송 장기화·예비장비 부재 시 측정 공백 | J9: 범위 밖 — 절대관측 단계
A11: ■ 검교정 주기 — KOLAS-G-008 고시 · 국가표준기본법 §14
A12: 장비 분류 | B12: 분류번호 | C12: 주기 | D12: 적용 기기번호 | E12: 직전 검정일 | F12: 다음 예정일 | G12: 상태
A13: 저자기장 측정기 | B13: 404505 | C13: 1년
A14: 마그네토미터 | B14: 404508 | C14: 1년
A15: 데오도라이트·트랜지트 | B15: 10321 | C15: 2년

Sheet ⑧ 관측조건·변동관측
A1: 관측 조건 · 이동식 Variometer 연속기록
A2: ⚠ P0 전·후 선형보간은 «중심점 자기장이 그 사이 선형으로 변한다»는 가정이며, 두 끝점만으로는 중간의 비선형 변화나 순간 교란을 «탐지할 수 없다». Variometer 연속기록이 있어야 그 가정을 검증할 수 있다 — 없는 세트는 ⑬에서 「선형성 미검증」으로 구분한다.
A3: 최근접 상시관측소는 중앙 101 km · 최대 229 km(거제)이고, 그 거리에서 「외부장이 전역 균일」 근사가 깨짐을 이 프로젝트가 실증했다. 관측 조건: [절대관측 단계] 자기장 일변화가 안정적인 야간 시간대에 절대관측 수행 / 우주기상 예보와 Kp 지수를 확인하여 관측일정 편성 / 현장측량 기간 동안 이동식 Variometer 연속관측 / 자기교란 발생 시 해당 관측구간 제외 또는 재관측 / 타 기관 상시관측자료와 교차검증 / [시험 탐사] 야간 의무는 없으나 «시간변화가 안정된 구간»을 골라 측정한다
A4: Site ID | B4: Visit ID | C4: 관측일자 | D4: 야간 관측 여부 | E4: Kp 확인값 | F4: 우주기상 예보 확인 | G4: Variometer 파일 ID | H4: 위치 ID | I4: 위도 | J4: 경도 | K4: 기록 간격(s) | L4: 기록 시작(KST) | M4: 기록 종료(KST) | N4: 자료공백 구간 | O4: 시계 동기 방법 | P4: 동기 오차(s)

Sheet ⑨ 수평 자기구배
A1: 수평 자기구배 — Guide for Magnetic Repeat Station Surveys §4.2 (IAGA, 1996)
A2: P0 → 방향별 측정 → P0 재측정. 한 방향 0.5, 1, 2, 3, 4, 5, 6, 7, 8, 9, 10 m 를 재고 동·서·남·북 네 방향을 반복한다. 방향마다 P0(전)·P0(후) 행이 따로 있고 그 둘의 «선형보간»으로 각 측정 시각의 중심점을 추정한다.
A3: ⚠ 「Set 검증」이 OK 일 때만 계산된다 — 유효 P0 가 전·후 각각 정확히 1개이고 측정시각이 그 사이여야 한다. 아니면 수치 대신 오류 사유가 뜬다. ΔF·변화율은 **부호를 보존**하고 절댓값은 별도 열이다. 「중심점기준 변화율(ΔF/d)」과 「인접구간 변화율」은 서로 다른 양이니 섞지 말 것.
A4: Site ID | B4: 지점명 | C4: Set ID | D4: 구분 | E4: 방향 | F4: 명목거리(m) | G4: 실측거리(m) | H4: 측정 시각(KST) | I4: F 판독1(nT) | J4: F 판독2 | K4: F 판독3 | L4: 중앙값 계산 | M4: Set 검증 계산 | N4: P0전 시각 계산 | O4: P0전 F 계산 | P4: P0후 시각 계산 | Q4: P0후 F 계산 | R4: P0 추정값 계산 | S4: ΔF(nT) 계산 | T4: 중심점기준 변화율(nT/m) 계산 | U4: |변화율| 계산 | V4: 인접구간 변화율(nT/m) 계산 | W4: Set 지속(분) 계산 | X4: 기기번호 | Y4: Variometer 파일 ID | Z4: Set 상태 | AA4: 중단 시각·사유 | AB4: 상태·비고
A5: S01 | B5: 태백 신규점 | C5: S01-H동 | D5: P0(전) | E5: 동 | L5: =IF(COUNT(I5:K5)=0,"",MEDIAN(I5:K5))
A6: S01 | B6: 태백 신규점 | C6: S01-H동 | D6: 측정 | E6: 동 | F6: 0.5 | L6: =IF(COUNT(I6:K6)=0,"",MEDIAN(I6:K6)) | M6: =IF(COUNTIFS($C:$C,$C6,$D:$D,"P0(전)",$L:$L,">0")<>1,"P0(전) 유효 1개 아님",IF(COUNTIFS($C:$C,$C6,$D:$D,"P0(후)",$L:$L,">0")<>1,"P0(후) 유효 1개 아님",IF(NOT(AND(ISNUMBER(N6),ISNUMBER(P6),ISNUMBER(H6))),"시각 결측",IF(P6<=N6,"P0 시각 역전",IF(OR(H6<N6,H6>P6),"측정시각 구간 밖","OK"))))) | N6: =IF(COUNTIFS($C:$C,$C6,$D:$D,"P0(전)",$L:$L,">0")<>1,"",SUMIFS($H:$H,$C:$C,$C6,$D:$D,"P0(전)")) | O6: =IF(COUNTIFS($C:$C,$C6,$D:$D,"P0(전)",$L:$L,">0")<>1,"",SUMIFS($L:$L,$C:$C,$C6,$D:$D,"P0(전)")) | P6: =IF(COUNTIFS($C:$C,$C6,$D:$D,"P0(후)",$L:$L,">0")<>1,"",SUMIFS($H:$H,$C:$C,$C6,$D:$D,"P0(후)")) | Q6: =IF(COUNTIFS($C:$C,$C6,$D:$D,"P0(후)",$L:$L,">0")<>1,"",SUMIFS($L:$L,$C:$C,$C6,$D:$D,"P0(후)")) | R6: =IF(M6<>"OK","",O6+(Q6-O6)*(H6-N6)/(P6-N6)) | S6: =IF(OR(M6<>"OK",NOT(ISNUMBER(L6))),"",L6-R6) | T6: =IF(OR(NOT(ISNUMBER(S6)),IF(ISNUMBER(G6),G6,F6)=0),"",S6/IF(ISNUMBER(G6),G6,F6)) | U6: =IF(ISNUMBER(T6),ABS(T6),"") | V6: =IF(OR($D5<>"측정",$C5<>$C6,NOT(ISNUMBER(L6)),NOT(ISNUMBER(L5)),(IF(ISNUMBER(G6),G6,F6)-IF(ISNUMBER(G5),G5,F5))=0),"",(L6-L5)/(IF(ISNUMBER(G6),G6,F6)-IF(ISNUMBER(G5),G5,F5))) | W6: =IF(NOT(AND(ISNUMBER(N6),ISNUMBER(P6))),"",(P6-N6)*1440)
A7: S01 | B7: 태백 신규점 | C7: S01-H동 | D7: 측정 | E7: 동 | F7: 1 | L7: =IF(COUNT(I7:K7)=0,"",MEDIAN(I7:K7)) | M7: =IF(COUNTIFS($C:$C,$C7,$D:$D,"P0(전)",$L:$L,">0")<>1,"P0(전) 유효 1개 아님",IF(COUNTIFS($C:$C,$C7,$D:$D,"P0(후)",$L:$L,">0")<>1,"P0(후) 유효 1개 아님",IF(NOT(AND(ISNUMBER(N7),ISNUMBER(P7),ISNUMBER(H7))),"시각 결측",IF(P7<=N7,"P0 시각 역전",IF(OR(H7<N7,H7>P7),"측정시각 구간 밖","OK"))))) | N7: =IF(COUNTIFS($C:$C,$C7,$D:$D,"P0(전)",$L:$L,">0")<>1,"",SUMIFS($H:$H,$C:$C,$C7,$D:$D,"P0(전)")) | O7: =IF(COUNTIFS($C:$C,$C7,$D:$D,"P0(전)",$L:$L,">0")<>1,"",SUMIFS($L:$L,$C:$C,$C7,$D:$D,"P0(전)")) | P7: =IF(COUNTIFS($C:$C,$C7,$D:$D,"P0(후)",$L:$L,">0")<>1,"",SUMIFS($H:$H,$C:$C,$C7,$D:$D,"P0(후)")) | Q7: =IF(COUNTIFS($C:$C,$C7,$D:$D,"P0(후)",$L:$L,">0")<>1,"",SUMIFS($L:$L,$C:$C,$C7,$D:$D,"P0(후)")) | R7: =IF(M7<>"OK","",O7+(Q7-O7)*(H7-N7)/(P7-N7)) | S7: =IF(OR(M7<>"OK",NOT(ISNUMBER(L7))),"",L7-R7) | T7: =IF(OR(NOT(ISNUMBER(S7)),IF(ISNUMBER(G7),G7,F7)=0),"",S7/IF(ISNUMBER(G7),G7,F7)) | U7: =IF(ISNUMBER(T7),ABS(T7),"") | V7: =IF(OR($D6<>"측정",$C6<>$C7,NOT(ISNUMBER(L7)),NOT(ISNUMBER(L6)),(IF(ISNUMBER(G7),G7,F7)-IF(ISNUMBER(G6),G6,F6))=0),"",(L7-L6)/(IF(ISNUMBER(G7),G7,F7)-IF(ISNUMBER(G6),G6,F6))) | W7: =IF(NOT(AND(ISNUMBER(N7),ISNUMBER(P7))),"",(P7-N7)*1440)
A8: S01 | B8: 태백 신규점 | C8: S01-H동 | D8: 측정 | E8: 동 | F8: 2 | L8: =IF(COUNT(I8:K8)=0,"",MEDIAN(I8:K8)) | M8: =IF(COUNTIFS($C:$C,$C8,$D:$D,"P0(전)",$L:$L,">0")<>1,"P0(전) 유효 1개 아님",IF(COUNTIFS($C:$C,$C8,$D:$D,"P0(후)",$L:$L,">0")<>1,"P0(후) 유효 1개 아님",IF(NOT(AND(ISNUMBER(N8),ISNUMBER(P8),ISNUMBER(H8))),"시각 결측",IF(P8<=N8,"P0 시각 역전",IF(OR(H8<N8,H8>P8),"측정시각 구간 밖","OK"))))) | N8: =IF(COUNTIFS($C:$C,$C8,$D:$D,"P0(전)",$L:$L,">0")<>1,"",SUMIFS($H:$H,$C:$C,$C8,$D:$D,"P0(전)")) | O8: =IF(COUNTIFS($C:$C,$C8,$D:$D,"P0(전)",$L:$L,">0")<>1,"",SUMIFS($L:$L,$C:$C,$C8,$D:$D,"P0(전)")) | P8: =IF(COUNTIFS($C:$C,$C8,$D:$D,"P0(후)",$L:$L,">0")<>1,"",SUMIFS($H:$H,$C:$C,$C8,$D:$D,"P0(후)")) | Q8: =IF(COUNTIFS($C:$C,$C8,$D:$D,"P0(후)",$L:$L,">0")<>1,"",SUMIFS($L:$L,$C:$C,$C8,$D:$D,"P0(후)")) | R8: =IF(M8<>"OK","",O8+(Q8-O8)*(H8-N8)/(P8-N8)) | S8: =IF(OR(M8<>"OK",NOT(ISNUMBER(L8))),"",L8-R8) | T8: =IF(OR(NOT(ISNUMBER(S8)),IF(ISNUMBER(G8),G8,F8)=0),"",S8/IF(ISNUMBER(G8),G8,F8)) | U8: =IF(ISNUMBER(T8),ABS(T8),"") | V8: =IF(OR($D7<>"측정",$C7<>$C8,NOT(ISNUMBER(L8)),NOT(ISNUMBER(L7)),(IF(ISNUMBER(G8),G8,F8)-IF(ISNUMBER(G7),G7,F7))=0),"",(L8-L7)/(IF(ISNUMBER(G8),G8,F8)-IF(ISNUMBER(G7),G7,F7))) | W8: =IF(NOT(AND(ISNUMBER(N8),ISNUMBER(P8))),"",(P8-N8)*1440)
A9: S01 | B9: 태백 신규점 | C9: S01-H동 | D9: 측정 | E9: 동 | F9: 3 | L9: =IF(COUNT(I9:K9)=0,"",MEDIAN(I9:K9)) | M9: =IF(COUNTIFS($C:$C,$C9,$D:$D,"P0(전)",$L:$L,">0")<>1,"P0(전) 유효 1개 아님",IF(COUNTIFS($C:$C,$C9,$D:$D,"P0(후)",$L:$L,">0")<>1,"P0(후) 유효 1개 아님",IF(NOT(AND(ISNUMBER(N9),ISNUMBER(P9),ISNUMBER(H9))),"시각 결측",IF(P9<=N9,"P0 시각 역전",IF(OR(H9<N9,H9>P9),"측정시각 구간 밖","OK"))))) | N9: =IF(COUNTIFS($C:$C,$C9,$D:$D,"P0(전)",$L:$L,">0")<>1,"",SUMIFS($H:$H,$C:$C,$C9,$D:$D,"P0(전)")) | O9: =IF(COUNTIFS($C:$C,$C9,$D:$D,"P0(전)",$L:$L,">0")<>1,"",SUMIFS($L:$L,$C:$C,$C9,$D:$D,"P0(전)")) | P9: =IF(COUNTIFS($C:$C,$C9,$D:$D,"P0(후)",$L:$L,">0")<>1,"",SUMIFS($H:$H,$C:$C,$C9,$D:$D,"P0(후)")) | Q9: =IF(COUNTIFS($C:$C,$C9,$D:$D,"P0(후)",$L:$L,">0")<>1,"",SUMIFS($L:$L,$C:$C,$C9,$D:$D,"P0(후)")) | R9: =IF(M9<>"OK","",O9+(Q9-O9)*(H9-N9)/(P9-N9)) | S9: =IF(OR(M9<>"OK",NOT(ISNUMBER(L9))),"",L9-R9) | T9: =IF(OR(NOT(ISNUMBER(S9)),IF(ISNUMBER(G9),G9,F9)=0),"",S9/IF(ISNUMBER(G9),G9,F9)) | U9: =IF(ISNUMBER(T9),ABS(T9),"") | V9: =IF(OR($D8<>"측정",$C8<>$C9,NOT(ISNUMBER(L9)),NOT(ISNUMBER(L8)),(IF(ISNUMBER(G9),G9,F9)-IF(ISNUMBER(G8),G8,F8))=0),"",(L9-L8)/(IF(ISNUMBER(G9),G9,F9)-IF(ISNUMBER(G8),G8,F8))) | W9: =IF(NOT(AND(ISNUMBER(N9),ISNUMBER(P9))),"",(P9-N9)*1440)
A10: S01 | B10: 태백 신규점 | C10: S01-H동 | D10: 측정 | E10: 동 | F10: 4 | L10: =IF(COUNT(I10:K10)=0,"",MEDIAN(I10:K10)) | M10: =IF(COUNTIFS($C:$C,$C10,$D:$D,"P0(전)",$L:$L,">0")<>1,"P0(전) 유효 1개 아님",IF(COUNTIFS($C:$C,$C10,$D:$D,"P0(후)",$L:$L,">0")<>1,"P0(후) 유효 1개 아님",IF(NOT(AND(ISNUMBER(N10),ISNUMBER(P10),ISNUMBER(H10))),"시각 결측",IF(P10<=N10,"P0 시각 역전",IF(OR(H10<N10,H10>P10),"측정시각 구간 밖","OK"))))) | N10: =IF(COUNTIFS($C:$C,$C10,$D:$D,"P0(전)",$L:$L,">0")<>1,"",SUMIFS($H:$H,$C:$C,$C10,$D:$D,"P0(전)")) | O10: =IF(COUNTIFS($C:$C,$C10,$D:$D,"P0(전)",$L:$L,">0")<>1,"",SUMIFS($L:$L,$C:$C,$C10,$D:$D,"P0(전)")) | P10: =IF(COUNTIFS($C:$C,$C10,$D:$D,"P0(후)",$L:$L,">0")<>1,"",SUMIFS($H:$H,$C:$C,$C10,$D:$D,"P0(후)")) | Q10: =IF(COUNTIFS($C:$C,$C10,$D:$D,"P0(후)",$L:$L,">0")<>1,"",SUMIFS($L:$L,$C:$C,$C10,$D:$D,"P0(후)")) | R10: =IF(M10<>"OK","",O10+(Q10-O10)*(H10-N10)/(P10-N10)) | S10: =IF(OR(M10<>"OK",NOT(ISNUMBER(L10))),"",L10-R10) | T10: =IF(OR(NOT(ISNUMBER(S10)),IF(ISNUMBER(G10),G10,F10)=0),"",S10/IF(ISNUMBER(G10),G10,F10)) | U10: =IF(ISNUMBER(T10),ABS(T10),"") | V10: =IF(OR($D9<>"측정",$C9<>$C10,NOT(ISNUMBER(L10)),NOT(ISNUMBER(L9)),(IF(ISNUMBER(G10),G10,F10)-IF(ISNUMBER(G9),G9,F9))=0),"",(L10-L9)/(IF(ISNUMBER(G10),G10,F10)-IF(ISNUMBER(G9),G9,F9))) | W10: =IF(NOT(AND(ISNUMBER(N10),ISNUMBER(P10))),"",(P10-N10)*1440)
A11: S01 | B11: 태백 신규점 | C11: S01-H동 | D11: 측정 | E11: 동 | F11: 5 | L11: =IF(COUNT(I11:K11)=0,"",MEDIAN(I11:K11)) | M11: =IF(COUNTIFS($C:$C,$C11,$D:$D,"P0(전)",$L:$L,">0")<>1,"P0(전) 유효 1개 아님",IF(COUNTIFS($C:$C,$C11,$D:$D,"P0(후)",$L:$L,">0")<>1,"P0(후) 유효 1개 아님",IF(NOT(AND(ISNUMBER(N11),ISNUMBER(P11),ISNUMBER(H11))),"시각 결측",IF(P11<=N11,"P0 시각 역전",IF(OR(H11<N11,H11>P11),"측정시각 구간 밖","OK"))))) | N11: =IF(COUNTIFS($C:$C,$C11,$D:$D,"P0(전)",$L:$L,">0")<>1,"",SUMIFS($H:$H,$C:$C,$C11,$D:$D,"P0(전)")) | O11: =IF(COUNTIFS($C:$C,$C11,$D:$D,"P0(전)",$L:$L,">0")<>1,"",SUMIFS($L:$L,$C:$C,$C11,$D:$D,"P0(전)")) | P11: =IF(COUNTIFS($C:$C,$C11,$D:$D,"P0(후)",$L:$L,">0")<>1,"",SUMIFS($H:$H,$C:$C,$C11,$D:$D,"P0(후)")) | Q11: =IF(COUNTIFS($C:$C,$C11,$D:$D,"P0(후)",$L:$L,">0")<>1,"",SUMIFS($L:$L,$C:$C,$C11,$D:$D,"P0(후)")) | R11: =IF(M11<>"OK","",O11+(Q11-O11)*(H11-N11)/(P11-N11)) | S11: =IF(OR(M11<>"OK",NOT(ISNUMBER(L11))),"",L11-R11) | T11: =IF(OR(NOT(ISNUMBER(S11)),IF(ISNUMBER(G11),G11,F11)=0),"",S11/IF(ISNUMBER(G11),G11,F11)) | U11: =IF(ISNUMBER(T11),ABS(T11),"") | V11: =IF(OR($D10<>"측정",$C10<>$C11,NOT(ISNUMBER(L11)),NOT(ISNUMBER(L10)),(IF(ISNUMBER(G11),G11,F11)-IF(ISNUMBER(G10),G10,F10))=0),"",(L11-L10)/(IF(ISNUMBER(G11),G11,F11)-IF(ISNUMBER(G10),G10,F10))) | W11: =IF(NOT(AND(ISNUMBER(N11),ISNUMBER(P11))),"",(P11-N11)*1440)
A12: S01 | B12: 태백 신규점 | C12: S01-H동 | D12: 측정 | E12: 동 | F12: 6 | L12: =IF(COUNT(I12:K12)=0,"",MEDIAN(I12:K12)) | M12: =IF(COUNTIFS($C:$C,$C12,$D:$D,"P0(전)",$L:$L,">0")<>1,"P0(전) 유효 1개 아님",IF(COUNTIFS($C:$C,$C12,$D:$D,"P0(후)",$L:$L,">0")<>1,"P0(후) 유효 1개 아님",IF(NOT(AND(ISNUMBER(N12),ISNUMBER(P12),ISNUMBER(H12))),"시각 결측",IF(P12<=N12,"P0 시각 역전",IF(OR(H12<N12,H12>P12),"측정시각 구간 밖","OK"))))) | N12: =IF(COUNTIFS($C:$C,$C12,$D:$D,"P0(전)",$L:$L,">0")<>1,"",SUMIFS($H:$H,$C:$C,$C12,$D:$D,"P0(전)")) | O12: =IF(COUNTIFS($C:$C,$C12,$D:$D,"P0(전)",$L:$L,">0")<>1,"",SUMIFS($L:$L,$C:$C,$C12,$D:$D,"P0(전)")) | P12: =IF(COUNTIFS($C:$C,$C12,$D:$D,"P0(후)",$L:$L,">0")<>1,"",SUMIFS($H:$H,$C:$C,$C12,$D:$D,"P0(후)")) | Q12: =IF(COUNTIFS($C:$C,$C12,$D:$D,"P0(후)",$L:$L,">0")<>1,"",SUMIFS($L:$L,$C:$C,$C12,$D:$D,"P0(후)")) | R12: =IF(M12<>"OK","",O12+(Q12-O12)*(H12-N12)/(P12-N12)) | S12: =IF(OR(M12<>"OK",NOT(ISNUMBER(L12))),"",L12-R12) | T12: =IF(OR(NOT(ISNUMBER(S12)),IF(ISNUMBER(G12),G12,F12)=0),"",S12/IF(ISNUMBER(G12),G12,F12)) | U12: =IF(ISNUMBER(T12),ABS(T12),"") | V12: =IF(OR($D11<>"측정",$C11<>$C12,NOT(ISNUMBER(L12)),NOT(ISNUMBER(L11)),(IF(ISNUMBER(G12),G12,F12)-IF(ISNUMBER(G11),G11,F11))=0),"",(L12-L11)/(IF(ISNUMBER(G12),G12,F12)-IF(ISNUMBER(G11),G11,F11))) | W12: =IF(NOT(AND(ISNUMBER(N12),ISNUMBER(P12))),"",(P12-N12)*1440)
A13: S01 | B13: 태백 신규점 | C13: S01-H동 | D13: 측정 | E13: 동 | F13: 7 | L13: =IF(COUNT(I13:K13)=0,"",MEDIAN(I13:K13)) | M13: =IF(COUNTIFS($C:$C,$C13,$D:$D,"P0(전)",$L:$L,">0")<>1,"P0(전) 유효 1개 아님",IF(COUNTIFS($C:$C,$C13,$D:$D,"P0(후)",$L:$L,">0")<>1,"P0(후) 유효 1개 아님",IF(NOT(AND(ISNUMBER(N13),ISNUMBER(P13),ISNUMBER(H13))),"시각 결측",IF(P13<=N13,"P0 시각 역전",IF(OR(H13<N13,H13>P13),"측정시각 구간 밖","OK"))))) | N13: =IF(COUNTIFS($C:$C,$C13,$D:$D,"P0(전)",$L:$L,">0")<>1,"",SUMIFS($H:$H,$C:$C,$C13,$D:$D,"P0(전)")) | O13: =IF(COUNTIFS($C:$C,$C13,$D:$D,"P0(전)",$L:$L,">0")<>1,"",SUMIFS($L:$L,$C:$C,$C13,$D:$D,"P0(전)")) | P13: =IF(COUNTIFS($C:$C,$C13,$D:$D,"P0(후)",$L:$L,">0")<>1,"",SUMIFS($H:$H,$C:$C,$C13,$D:$D,"P0(후)")) | Q13: =IF(COUNTIFS($C:$C,$C13,$D:$D,"P0(후)",$L:$L,">0")<>1,"",SUMIFS($L:$L,$C:$C,$C13,$D:$D,"P0(후)")) | R13: =IF(M13<>"OK","",O13+(Q13-O13)*(H13-N13)/(P13-N13)) | S13: =IF(OR(M13<>"OK",NOT(ISNUMBER(L13))),"",L13-R13) | T13: =IF(OR(NOT(ISNUMBER(S13)),IF(ISNUMBER(G13),G13,F13)=0),"",S13/IF(ISNUMBER(G13),G13,F13)) | U13: =IF(ISNUMBER(T13),ABS(T13),"") | V13: =IF(OR($D12<>"측정",$C12<>$C13,NOT(ISNUMBER(L13)),NOT(ISNUMBER(L12)),(IF(ISNUMBER(G13),G13,F13)-IF(ISNUMBER(G12),G12,F12))=0),"",(L13-L12)/(IF(ISNUMBER(G13),G13,F13)-IF(ISNUMBER(G12),G12,F12))) | W13: =IF(NOT(AND(ISNUMBER(N13),ISNUMBER(P13))),"",(P13-N13)*1440)
A14: S01 | B14: 태백 신규점 | C14: S01-H동 | D14: 측정 | E14: 동 | F14: 8 | L14: =IF(COUNT(I14:K14)=0,"",MEDIAN(I14:K14)) | M14: =IF(COUNTIFS($C:$C,$C14,$D:$D,"P0(전)",$L:$L,">0")<>1,"P0(전) 유효 1개 아님",IF(COUNTIFS($C:$C,$C14,$D:$D,"P0(후)",$L:$L,">0")<>1,"P0(후) 유효 1개 아님",IF(NOT(AND(ISNUMBER(N14),ISNUMBER(P14),ISNUMBER(H14))),"시각 결측",IF(P14<=N14,"P0 시각 역전",IF(OR(H14<N14,H14>P14),"측정시각 구간 밖","OK"))))) | N14: =IF(COUNTIFS($C:$C,$C14,$D:$D,"P0(전)",$L:$L,">0")<>1,"",SUMIFS($H:$H,$C:$C,$C14,$D:$D,"P0(전)")) | O14: =IF(COUNTIFS($C:$C,$C14,$D:$D,"P0(전)",$L:$L,">0")<>1,"",SUMIFS($L:$L,$C:$C,$C14,$D:$D,"P0(전)")) | P14: =IF(COUNTIFS($C:$C,$C14,$D:$D,"P0(후)",$L:$L,">0")<>1,"",SUMIFS($H:$H,$C:$C,$C14,$D:$D,"P0(후)")) | Q14: =IF(COUNTIFS($C:$C,$C14,$D:$D,"P0(후)",$L:$L,">0")<>1,"",SUMIFS($L:$L,$C:$C,$C14,$D:$D,"P0(후)")) | R14: =IF(M14<>"OK","",O14+(Q14-O14)*(H14-N14)/(P14-N14)) | S14: =IF(OR(M14<>"OK",NOT(ISNUMBER(L14))),"",L14-R14) | T14: =IF(OR(NOT(ISNUMBER(S14)),IF(ISNUMBER(G14),G14,F14)=0),"",S14/IF(ISNUMBER(G14),G14,F14)) | U14: =IF(ISNUMBER(T14),ABS(T14),"") | V14: =IF(OR($D13<>"측정",$C13<>$C14,NOT(ISNUMBER(L14)),NOT(ISNUMBER(L13)),(IF(ISNUMBER(G14),G14,F14)-IF(ISNUMBER(G13),G13,F13))=0),"",(L14-L13)/(IF(ISNUMBER(G14),G14,F14)-IF(ISNUMBER(G13),G13,F13))) | W14: =IF(NOT(AND(ISNUMBER(N14),ISNUMBER(P14))),"",(P14-N14)*1440)
A15: S01 | B15: 태백 신규점 | C15: S01-H동 | D15: 측정 | E15: 동 | F15: 9 | L15: =IF(COUNT(I15:K15)=0,"",MEDIAN(I15:K15)) | M15: =IF(COUNTIFS($C:$C,$C15,$D:$D,"P0(전)",$L:$L,">0")<>1,"P0(전) 유효 1개 아님",IF(COUNTIFS($C:$C,$C15,$D:$D,"P0(후)",$L:$L,">0")<>1,"P0(후) 유효 1개 아님",IF(NOT(AND(ISNUMBER(N15),ISNUMBER(P15),ISNUMBER(H15))),"시각 결측",IF(P15<=N15,"P0 시각 역전",IF(OR(H15<N15,H15>P15),"측정시각 구간 밖","OK"))))) | N15: =IF(COUNTIFS($C:$C,$C15,$D:$D,"P0(전)",$L:$L,">0")<>1,"",SUMIFS($H:$H,$C:$C,$C15,$D:$D,"P0(전)")) | O15: =IF(COUNTIFS($C:$C,$C15,$D:$D,"P0(전)",$L:$L,">0")<>1,"",SUMIFS($L:$L,$C:$C,$C15,$D:$D,"P0(전)")) | P15: =IF(COUNTIFS($C:$C,$C15,$D:$D,"P0(후)",$L:$L,">0")<>1,"",SUMIFS($H:$H,$C:$C,$C15,$D:$D,"P0(후)")) | Q15: =IF(COUNTIFS($C:$C,$C15,$D:$D,"P0(후)",$L:$L,">0")<>1,"",SUMIFS($L:$L,$C:$C,$C15,$D:$D,"P0(후)")) | R15: =IF(M15<>"OK","",O15+(Q15-O15)*(H15-N15)/(P15-N15)) | S15: =IF(OR(M15<>"OK",NOT(ISNUMBER(L15))),"",L15-R15) | T15: =IF(OR(NOT(ISNUMBER(S15)),IF(ISNUMBER(G15),G15,F15)=0),"",S15/IF(ISNUMBER(G15),G15,F15)) | U15: =IF(ISNUMBER(T15),ABS(T15),"") | V15: =IF(OR($D14<>"측정",$C14<>$C15,NOT(ISNUMBER(L15)),NOT(ISNUMBER(L14)),(IF(ISNUMBER(G15),G15,F15)-IF(ISNUMBER(G14),G14,F14))=0),"",(L15-L14)/(IF(ISNUMBER(G15),G15,F15)-IF(ISNUMBER(G14),G14,F14))) | W15: =IF(NOT(AND(ISNUMBER(N15),ISNUMBER(P15))),"",(P15-N15)*1440)
A16: S01 | B16: 태백 신규점 | C16: S01-H동 | D16: 측정 | E16: 동 | F16: 10 | L16: =IF(COUNT(I16:K16)=0,"",MEDIAN(I16:K16)) | M16: =IF(COUNTIFS($C:$C,$C16,$D:$D,"P0(전)",$L:$L,">0")<>1,"P0(전) 유효 1개 아님",IF(COUNTIFS($C:$C,$C16,$D:$D,"P0(후)",$L:$L,">0")<>1,"P0(후) 유효 1개 아님",IF(NOT(AND(ISNUMBER(N16),ISNUMBER(P16),ISNUMBER(H16))),"시각 결측",IF(P16<=N16,"P0 시각 역전",IF(OR(H16<N16,H16>P16),"측정시각 구간 밖","OK"))))) | N16: =IF(COUNTIFS($C:$C,$C16,$D:$D,"P0(전)",$L:$L,">0")<>1,"",SUMIFS($H:$H,$C:$C,$C16,$D:$D,"P0(전)")) | O16: =IF(COUNTIFS($C:$C,$C16,$D:$D,"P0(전)",$L:$L,">0")<>1,"",SUMIFS($L:$L,$C:$C,$C16,$D:$D,"P0(전)")) | P16: =IF(COUNTIFS($C:$C,$C16,$D:$D,"P0(후)",$L:$L,">0")<>1,"",SUMIFS($H:$H,$C:$C,$C16,$D:$D,"P0(후)")) | Q16: =IF(COUNTIFS($C:$C,$C16,$D:$D,"P0(후)",$L:$L,">0")<>1,"",SUMIFS($L:$L,$C:$C,$C16,$D:$D,"P0(후)")) | R16: =IF(M16<>"OK","",O16+(Q16-O16)*(H16-N16)/(P16-N16)) | S16: =IF(OR(M16<>"OK",NOT(ISNUMBER(L16))),"",L16-R16) | T16: =IF(OR(NOT(ISNUMBER(S16)),IF(ISNUMBER(G16),G16,F16)=0),"",S16/IF(ISNUMBER(G16),G16,F16)) | U16: =IF(ISNUMBER(T16),ABS(T16),"") | V16: =IF(OR($D15<>"측정",$C15<>$C16,NOT(ISNUMBER(L16)),NOT(ISNUMBER(L15)),(IF(ISNUMBER(G16),G16,F16)-IF(ISNUMBER(G15),G15,F15))=0),"",(L16-L15)/(IF(ISNUMBER(G16),G16,F16)-IF(ISNUMBER(G15),G15,F15))) | W16: =IF(NOT(AND(ISNUMBER(N16),ISNUMBER(P16))),"",(P16-N16)*1440)
A17: S01 | B17: 태백 신규점 | C17: S01-H동 | D17: P0(후) | E17: 동 | L17: =IF(COUNT(I17:K17)=0,"",MEDIAN(I17:K17))
A18: S01 | B18: 태백 신규점 | C18: S01-H서 | D18: P0(전) | E18: 서 | L18: =IF(COUNT(I18:K18)=0,"",MEDIAN(I18:K18))
A19: S01 | B19: 태백 신규점 | C19: S01-H서 | D19: 측정 | E19: 서 | F19: 0.5 | L19: =IF(COUNT(I19:K19)=0,"",MEDIAN(I19:K19)) | M19: =IF(COUNTIFS($C:$C,$C19,$D:$D,"P0(전)",$L:$L,">0")<>1,"P0(전) 유효 1개 아님",IF(COUNTIFS($C:$C,$C19,$D:$D,"P0(후)",$L:$L,">0")<>1,"P0(후) 유효 1개 아님",IF(NOT(AND(ISNUMBER(N19),ISNUMBER(P19),ISNUMBER(H19))),"시각 결측",IF(P19<=N19,"P0 시각 역전",IF(OR(H19<N19,H19>P19),"측정시각 구간 밖","OK"))))) | N19: =IF(COUNTIFS($C:$C,$C19,$D:$D,"P0(전)",$L:$L,">0")<>1,"",SUMIFS($H:$H,$C:$C,$C19,$D:$D,"P0(전)")) | O19: =IF(COUNTIFS($C:$C,$C19,$D:$D,"P0(전)",$L:$L,">0")<>1,"",SUMIFS($L:$L,$C:$C,$C19,$D:$D,"P0(전)")) | P19: =IF(COUNTIFS($C:$C,$C19,$D:$D,"P0(후)",$L:$L,">0")<>1,"",SUMIFS($H:$H,$C:$C,$C19,$D:$D,"P0(후)")) | Q19: =IF(COUNTIFS($C:$C,$C19,$D:$D,"P0(후)",$L:$L,">0")<>1,"",SUMIFS($L:$L,$C:$C,$C19,$D:$D,"P0(후)")) | R19: =IF(M19<>"OK","",O19+(Q19-O19)*(H19-N19)/(P19-N19)) | S19: =IF(OR(M19<>"OK",NOT(ISNUMBER(L19))),"",L19-R19) | T19: =IF(OR(NOT(ISNUMBER(S19)),IF(ISNUMBER(G19),G19,F19)=0),"",S19/IF(ISNUMBER(G19),G19,F19)) | U19: =IF(ISNUMBER(T19),ABS(T19),"") | V19: =IF(OR($D18<>"측정",$C18<>$C19,NOT(ISNUMBER(L19)),NOT(ISNUMBER(L18)),(IF(ISNUMBER(G19),G19,F19)-IF(ISNUMBER(G18),G18,F18))=0),"",(L19-L18)/(IF(ISNUMBER(G19),G19,F19)-IF(ISNUMBER(G18),G18,F18))) | W19: =IF(NOT(AND(ISNUMBER(N19),ISNUMBER(P19))),"",(P19-N19)*1440)
A20: S01 | B20: 태백 신규점 | C20: S01-H서 | D20: 측정 | E20: 서 | F20: 1 | L20: =IF(COUNT(I20:K20)=0,"",MEDIAN(I20:K20)) | M20: =IF(COUNTIFS($C:$C,$C20,$D:$D,"P0(전)",$L:$L,">0")<>1,"P0(전) 유효 1개 아님",IF(COUNTIFS($C:$C,$C20,$D:$D,"P0(후)",$L:$L,">0")<>1,"P0(후) 유효 1개 아님",IF(NOT(AND(ISNUMBER(N20),ISNUMBER(P20),ISNUMBER(H20))),"시각 결측",IF(P20<=N20,"P0 시각 역전",IF(OR(H20<N20,H20>P20),"측정시각 구간 밖","OK"))))) | N20: =IF(COUNTIFS($C:$C,$C20,$D:$D,"P0(전)",$L:$L,">0")<>1,"",SUMIFS($H:$H,$C:$C,$C20,$D:$D,"P0(전)")) | O20: =IF(COUNTIFS($C:$C,$C20,$D:$D,"P0(전)",$L:$L,">0")<>1,"",SUMIFS($L:$L,$C:$C,$C20,$D:$D,"P0(전)")) | P20: =IF(COUNTIFS($C:$C,$C20,$D:$D,"P0(후)",$L:$L,">0")<>1,"",SUMIFS($H:$H,$C:$C,$C20,$D:$D,"P0(후)")) | Q20: =IF(COUNTIFS($C:$C,$C20,$D:$D,"P0(후)",$L:$L,">0")<>1,"",SUMIFS($L:$L,$C:$C,$C20,$D:$D,"P0(후)")) | R20: =IF(M20<>"OK","",O20+(Q20-O20)*(H20-N20)/(P20-N20)) | S20: =IF(OR(M20<>"OK",NOT(ISNUMBER(L20))),"",L20-R20) | T20: =IF(OR(NOT(ISNUMBER(S20)),IF(ISNUMBER(G20),G20,F20)=0),"",S20/IF(ISNUMBER(G20),G20,F20)) | U20: =IF(ISNUMBER(T20),ABS(T20),"") | V20: =IF(OR($D19<>"측정",$C19<>$C20,NOT(ISNUMBER(L20)),NOT(ISNUMBER(L19)),(IF(ISNUMBER(G20),G20,F20)-IF(ISNUMBER(G19),G19,F19))=0),"",(L20-L19)/(IF(ISNUMBER(G20),G20,F20)-IF(ISNUMBER(G19),G19,F19))) | W20: =IF(NOT(AND(ISNUMBER(N20),ISNUMBER(P20))),"",(P20-N20)*1440)
A21: S01 | B21: 태백 신규점 | C21: S01-H서 | D21: 측정 | E21: 서 | F21: 2 | L21: =IF(COUNT(I21:K21)=0,"",MEDIAN(I21:K21)) | M21: =IF(COUNTIFS($C:$C,$C21,$D:$D,"P0(전)",$L:$L,">0")<>1,"P0(전) 유효 1개 아님",IF(COUNTIFS($C:$C,$C21,$D:$D,"P0(후)",$L:$L,">0")<>1,"P0(후) 유효 1개 아님",IF(NOT(AND(ISNUMBER(N21),ISNUMBER(P21),ISNUMBER(H21))),"시각 결측",IF(P21<=N21,"P0 시각 역전",IF(OR(H21<N21,H21>P21),"측정시각 구간 밖","OK"))))) | N21: =IF(COUNTIFS($C:$C,$C21,$D:$D,"P0(전)",$L:$L,">0")<>1,"",SUMIFS($H:$H,$C:$C,$C21,$D:$D,"P0(전)")) | O21: =IF(COUNTIFS($C:$C,$C21,$D:$D,"P0(전)",$L:$L,">0")<>1,"",SUMIFS($L:$L,$C:$C,$C21,$D:$D,"P0(전)")) | P21: =IF(COUNTIFS($C:$C,$C21,$D:$D,"P0(후)",$L:$L,">0")<>1,"",SUMIFS($H:$H,$C:$C,$C21,$D:$D,"P0(후)")) | Q21: =IF(COUNTIFS($C:$C,$C21,$D:$D,"P0(후)",$L:$L,">0")<>1,"",SUMIFS($L:$L,$C:$C,$C21,$D:$D,"P0(후)")) | R21: =IF(M21<>"OK","",O21+(Q21-O21)*(H21-N21)/(P21-N21)) | S21: =IF(OR(M21<>"OK",NOT(ISNUMBER(L21))),"",L21-R21) | T21: =IF(OR(NOT(ISNUMBER(S21)),IF(ISNUMBER(G21),G21,F21)=0),"",S21/IF(ISNUMBER(G21),G21,F21)) | U21: =IF(ISNUMBER(T21),ABS(T21),"") | V21: =IF(OR($D20<>"측정",$C20<>$C21,NOT(ISNUMBER(L21)),NOT(ISNUMBER(L20)),(IF(ISNUMBER(G21),G21,F21)-IF(ISNUMBER(G20),G20,F20))=0),"",(L21-L20)/(IF(ISNUMBER(G21),G21,F21)-IF(ISNUMBER(G20),G20,F20))) | W21: =IF(NOT(AND(ISNUMBER(N21),ISNUMBER(P21))),"",(P21-N21)*1440)
A22: S01 | B22: 태백 신규점 | C22: S01-H서 | D22: 측정 | E22: 서 | F22: 3 | L22: =IF(COUNT(I22:K22)=0,"",MEDIAN(I22:K22)) | M22: =IF(COUNTIFS($C:$C,$C22,$D:$D,"P0(전)",$L:$L,">0")<>1,"P0(전) 유효 1개 아님",IF(COUNTIFS($C:$C,$C22,$D:$D,"P0(후)",$L:$L,">0")<>1,"P0(후) 유효 1개 아님",IF(NOT(AND(ISNUMBER(N22),ISNUMBER(P22),ISNUMBER(H22))),"시각 결측",IF(P22<=N22,"P0 시각 역전",IF(OR(H22<N22,H22>P22),"측정시각 구간 밖","OK"))))) | N22: =IF(COUNTIFS($C:$C,$C22,$D:$D,"P0(전)",$L:$L,">0")<>1,"",SUMIFS($H:$H,$C:$C,$C22,$D:$D,"P0(전)")) | O22: =IF(COUNTIFS($C:$C,$C22,$D:$D,"P0(전)",$L:$L,">0")<>1,"",SUMIFS($L:$L,$C:$C,$C22,$D:$D,"P0(전)")) | P22: =IF(COUNTIFS($C:$C,$C22,$D:$D,"P0(후)",$L:$L,">0")<>1,"",SUMIFS($H:$H,$C:$C,$C22,$D:$D,"P0(후)")) | Q22: =IF(COUNTIFS($C:$C,$C22,$D:$D,"P0(후)",$L:$L,">0")<>1,"",SUMIFS($L:$L,$C:$C,$C22,$D:$D,"P0(후)")) | R22: =IF(M22<>"OK","",O22+(Q22-O22)*(H22-N22)/(P22-N22)) | S22: =IF(OR(M22<>"OK",NOT(ISNUMBER(L22))),"",L22-R22) | T22: =IF(OR(NOT(ISNUMBER(S22)),IF(ISNUMBER(G22),G22,F22)=0),"",S22/IF(ISNUMBER(G22),G22,F22)) | U22: =IF(ISNUMBER(T22),ABS(T22),"") | V22: =IF(OR($D21<>"측정",$C21<>$C22,NOT(ISNUMBER(L22)),NOT(ISNUMBER(L21)),(IF(ISNUMBER(G22),G22,F22)-IF(ISNUMBER(G21),G21,F21))=0),"",(L22-L21)/(IF(ISNUMBER(G22),G22,F22)-IF(ISNUMBER(G21),G21,F21))) | W22: =IF(NOT(AND(ISNUMBER(N22),ISNUMBER(P22))),"",(P22-N22)*1440)
A23: S01 | B23: 태백 신규점 | C23: S01-H서 | D23: 측정 | E23: 서 | F23: 4 | L23: =IF(COUNT(I23:K23)=0,"",MEDIAN(I23:K23)) | M23: =IF(COUNTIFS($C:$C,$C23,$D:$D,"P0(전)",$L:$L,">0")<>1,"P0(전) 유효 1개 아님",IF(COUNTIFS($C:$C,$C23,$D:$D,"P0(후)",$L:$L,">0")<>1,"P0(후) 유효 1개 아님",IF(NOT(AND(ISNUMBER(N23),ISNUMBER(P23),ISNUMBER(H23))),"시각 결측",IF(P23<=N23,"P0 시각 역전",IF(OR(H23<N23,H23>P23),"측정시각 구간 밖","OK"))))) | N23: =IF(COUNTIFS($C:$C,$C23,$D:$D,"P0(전)",$L:$L,">0")<>1,"",SUMIFS($H:$H,$C:$C,$C23,$D:$D,"P0(전)")) | O23: =IF(COUNTIFS($C:$C,$C23,$D:$D,"P0(전)",$L:$L,">0")<>1,"",SUMIFS($L:$L,$C:$C,$C23,$D:$D,"P0(전)")) | P23: =IF(COUNTIFS($C:$C,$C23,$D:$D,"P0(후)",$L:$L,">0")<>1,"",SUMIFS($H:$H,$C:$C,$C23,$D:$D,"P0(후)")) | Q23: =IF(COUNTIFS($C:$C,$C23,$D:$D,"P0(후)",$L:$L,">0")<>1,"",SUMIFS($L:$L,$C:$C,$C23,$D:$D,"P0(후)")) | R23: =IF(M23<>"OK","",O23+(Q23-O23)*(H23-N23)/(P23-N23)) | S23: =IF(OR(M23<>"OK",NOT(ISNUMBER(L23))),"",L23-R23) | T23: =IF(OR(NOT(ISNUMBER(S23)),IF(ISNUMBER(G23),G23,F23)=0),"",S23/IF(ISNUMBER(G23),G23,F23)) | U23: =IF(ISNUMBER(T23),ABS(T23),"") | V23: =IF(OR($D22<>"측정",$C22<>$C23,NOT(ISNUMBER(L23)),NOT(ISNUMBER(L22)),(IF(ISNUMBER(G23),G23,F23)-IF(ISNUMBER(G22),G22,F22))=0),"",(L23-L22)/(IF(ISNUMBER(G23),G23,F23)-IF(ISNUMBER(G22),G22,F22))) | W23: =IF(NOT(AND(ISNUMBER(N23),ISNUMBER(P23))),"",(P23-N23)*1440)
A24: S01 | B24: 태백 신규점 | C24: S01-H서 | D24: 측정 | E24: 서 | F24: 5 | L24: =IF(COUNT(I24:K24)=0,"",MEDIAN(I24:K24)) | M24: =IF(COUNTIFS($C:$C,$C24,$D:$D,"P0(전)",$L:$L,">0")<>1,"P0(전) 유효 1개 아님",IF(COUNTIFS($C:$C,$C24,$D:$D,"P0(후)",$L:$L,">0")<>1,"P0(후) 유효 1개 아님",IF(NOT(AND(ISNUMBER(N24),ISNUMBER(P24),ISNUMBER(H24))),"시각 결측",IF(P24<=N24,"P0 시각 역전",IF(OR(H24<N24,H24>P24),"측정시각 구간 밖","OK"))))) | N24: =IF(COUNTIFS($C:$C,$C24,$D:$D,"P0(전)",$L:$L,">0")<>1,"",SUMIFS($H:$H,$C:$C,$C24,$D:$D,"P0(전)")) | O24: =IF(COUNTIFS($C:$C,$C24,$D:$D,"P0(전)",$L:$L,">0")<>1,"",SUMIFS($L:$L,$C:$C,$C24,$D:$D,"P0(전)")) | P24: =IF(COUNTIFS($C:$C,$C24,$D:$D,"P0(후)",$L:$L,">0")<>1,"",SUMIFS($H:$H,$C:$C,$C24,$D:$D,"P0(후)")) | Q24: =IF(COUNTIFS($C:$C,$C24,$D:$D,"P0(후)",$L:$L,">0")<>1,"",SUMIFS($L:$L,$C:$C,$C24,$D:$D,"P0(후)")) | R24: =IF(M24<>"OK","",O24+(Q24-O24)*(H24-N24)/(P24-N24)) | S24: =IF(OR(M24<>"OK",NOT(ISNUMBER(L24))),"",L24-R24) | T24: =IF(OR(NOT(ISNUMBER(S24)),IF(ISNUMBER(G24),G24,F24)=0),"",S24/IF(ISNUMBER(G24),G24,F24)) | U24: =IF(ISNUMBER(T24),ABS(T24),"") | V24: =IF(OR($D23<>"측정",$C23<>$C24,NOT(ISNUMBER(L24)),NOT(ISNUMBER(L23)),(IF(ISNUMBER(G24),G24,F24)-IF(ISNUMBER(G23),G23,F23))=0),"",(L24-L23)/(IF(ISNUMBER(G24),G24,F24)-IF(ISNUMBER(G23),G23,F23))) | W24: =IF(NOT(AND(ISNUMBER(N24),ISNUMBER(P24))),"",(P24-N24)*1440)
A25: S01 | B25: 태백 신규점 | C25: S01-H서 | D25: 측정 | E25: 서 | F25: 6 | L25: =IF(COUNT(I25:K25)=0,"",MEDIAN(I25:K25)) | M25: =IF(COUNTIFS($C:$C,$C25,$D:$D,"P0(전)",$L:$L,">0")<>1,"P0(전) 유효 1개 아님",IF(COUNTIFS($C:$C,$C25,$D:$D,"P0(후)",$L:$L,">0")<>1,"P0(후) 유효 1개 아님",IF(NOT(AND(ISNUMBER(N25),ISNUMBER(P25),ISNUMBER(H25))),"시각 결측",IF(P25<=N25,"P0 시각 역전",IF(OR(H25<N25,H25>P25),"측정시각 구간 밖","OK"))))) | N25: =IF(COUNTIFS($C:$C,$C25,$D:$D,"P0(전)",$L:$L,">0")<>1,"",SUMIFS($H:$H,$C:$C,$C25,$D:$D,"P0(전)")) | O25: =IF(COUNTIFS($C:$C,$C25,$D:$D,"P0(전)",$L:$L,">0")<>1,"",SUMIFS($L:$L,$C:$C,$C25,$D:$D,"P0(전)")) | P25: =IF(COUNTIFS($C:$C,$C25,$D:$D,"P0(후)",$L:$L,">0")<>1,"",SUMIFS($H:$H,$C:$C,$C25,$D:$D,"P0(후)")) | Q25: =IF(COUNTIFS($C:$C,$C25,$D:$D,"P0(후)",$L:$L,">0")<>1,"",SUMIFS($L:$L,$C:$C,$C25,$D:$D,"P0(후)")) | R25: =IF(M25<>"OK","",O25+(Q25-O25)*(H25-N25)/(P25-N25)) | S25: =IF(OR(M25<>"OK",NOT(ISNUMBER(L25))),"",L25-R25) | T25: =IF(OR(NOT(ISNUMBER(S25)),IF(ISNUMBER(G25),G25,F25)=0),"",S25/IF(ISNUMBER(G25),G25,F25)) | U25: =IF(ISNUMBER(T25),ABS(T25),"") | V25: =IF(OR($D24<>"측정",$C24<>$C25,NOT(ISNUMBER(L25)),NOT(ISNUMBER(L24)),(IF(ISNUMBER(G25),G25,F25)-IF(ISNUMBER(G24),G24,F24))=0),"",(L25-L24)/(IF(ISNUMBER(G25),G25,F25)-IF(ISNUMBER(G24),G24,F24))) | W25: =IF(NOT(AND(ISNUMBER(N25),ISNUMBER(P25))),"",(P25-N25)*1440)
A26: S01 | B26: 태백 신규점 | C26: S01-H서 | D26: 측정 | E26: 서 | F26: 7 | L26: =IF(COUNT(I26:K26)=0,"",MEDIAN(I26:K26)) | M26: =IF(COUNTIFS($C:$C,$C26,$D:$D,"P0(전)",$L:$L,">0")<>1,"P0(전) 유효 1개 아님",IF(COUNTIFS($C:$C,$C26,$D:$D,"P0(후)",$L:$L,">0")<>1,"P0(후) 유효 1개 아님",IF(NOT(AND(ISNUMBER(N26),ISNUMBER(P26),ISNUMBER(H26))),"시각 결측",IF(P26<=N26,"P0 시각 역전",IF(OR(H26<N26,H26>P26),"측정시각 구간 밖","OK"))))) | N26: =IF(COUNTIFS($C:$C,$C26,$D:$D,"P0(전)",$L:$L,">0")<>1,"",SUMIFS($H:$H,$C:$C,$C26,$D:$D,"P0(전)")) | O26: =IF(COUNTIFS($C:$C,$C26,$D:$D,"P0(전)",$L:$L,">0")<>1,"",SUMIFS($L:$L,$C:$C,$C26,$D:$D,"P0(전)")) | P26: =IF(COUNTIFS($C:$C,$C26,$D:$D,"P0(후)",$L:$L,">0")<>1,"",SUMIFS($H:$H,$C:$C,$C26,$D:$D,"P0(후)")) | Q26: =IF(COUNTIFS($C:$C,$C26,$D:$D,"P0(후)",$L:$L,">0")<>1,"",SUMIFS($L:$L,$C:$C,$C26,$D:$D,"P0(후)")) | R26: =IF(M26<>"OK","",O26+(Q26-O26)*(H26-N26)/(P26-N26)) | S26: =IF(OR(M26<>"OK",NOT(ISNUMBER(L26))),"",L26-R26) | T26: =IF(OR(NOT(ISNUMBER(S26)),IF(ISNUMBER(G26),G26,F26)=0),"",S26/IF(ISNUMBER(G26),G26,F26)) | U26: =IF(ISNUMBER(T26),ABS(T26),"") | V26: =IF(OR($D25<>"측정",$C25<>$C26,NOT(ISNUMBER(L26)),NOT(ISNUMBER(L25)),(IF(ISNUMBER(G26),G26,F26)-IF(ISNUMBER(G25),G25,F25))=0),"",(L26-L25)/(IF(ISNUMBER(G26),G26,F26)-IF(ISNUMBER(G25),G25,F25))) | W26: =IF(NOT(AND(ISNUMBER(N26),ISNUMBER(P26))),"",(P26-N26)*1440)
A27: S01 | B27: 태백 신규점 | C27: S01-H서 | D27: 측정 | E27: 서 | F27: 8 | L27: =IF(COUNT(I27:K27)=0,"",MEDIAN(I27:K27)) | M27: =IF(COUNTIFS($C:$C,$C27,$D:$D,"P0(전)",$L:$L,">0")<>1,"P0(전) 유효 1개 아님",IF(COUNTIFS($C:$C,$C27,$D:$D,"P0(후)",$L:$L,">0")<>1,"P0(후) 유효 1개 아님",IF(NOT(AND(ISNUMBER(N27),ISNUMBER(P27),ISNUMBER(H27))),"시각 결측",IF(P27<=N27,"P0 시각 역전",IF(OR(H27<N27,H27>P27),"측정시각 구간 밖","OK"))))) | N27: =IF(COUNTIFS($C:$C,$C27,$D:$D,"P0(전)",$L:$L,">0")<>1,"",SUMIFS($H:$H,$C:$C,$C27,$D:$D,"P0(전)")) | O27: =IF(COUNTIFS($C:$C,$C27,$D:$D,"P0(전)",$L:$L,">0")<>1,"",SUMIFS($L:$L,$C:$C,$C27,$D:$D,"P0(전)")) | P27: =IF(COUNTIFS($C:$C,$C27,$D:$D,"P0(후)",$L:$L,">0")<>1,"",SUMIFS($H:$H,$C:$C,$C27,$D:$D,"P0(후)")) | Q27: =IF(COUNTIFS($C:$C,$C27,$D:$D,"P0(후)",$L:$L,">0")<>1,"",SUMIFS($L:$L,$C:$C,$C27,$D:$D,"P0(후)")) | R27: =IF(M27<>"OK","",O27+(Q27-O27)*(H27-N27)/(P27-N27)) | S27: =IF(OR(M27<>"OK",NOT(ISNUMBER(L27))),"",L27-R27) | T27: =IF(OR(NOT(ISNUMBER(S27)),IF(ISNUMBER(G27),G27,F27)=0),"",S27/IF(ISNUMBER(G27),G27,F27)) | U27: =IF(ISNUMBER(T27),ABS(T27),"") | V27: =IF(OR($D26<>"측정",$C26<>$C27,NOT(ISNUMBER(L27)),NOT(ISNUMBER(L26)),(IF(ISNUMBER(G27),G27,F27)-IF(ISNUMBER(G26),G26,F26))=0),"",(L27-L26)/(IF(ISNUMBER(G27),G27,F27)-IF(ISNUMBER(G26),G26,F26))) | W27: =IF(NOT(AND(ISNUMBER(N27),ISNUMBER(P27))),"",(P27-N27)*1440)
A28: S01 | B28: 태백 신규점 | C28: S01-H서 | D28: 측정 | E28: 서 | F28: 9 | L28: =IF(COUNT(I28:K28)=0,"",MEDIAN(I28:K28)) | M28: =IF(COUNTIFS($C:$C,$C28,$D:$D,"P0(전)",$L:$L,">0")<>1,"P0(전) 유효 1개 아님",IF(COUNTIFS($C:$C,$C28,$D:$D,"P0(후)",$L:$L,">0")<>1,"P0(후) 유효 1개 아님",IF(NOT(AND(ISNUMBER(N28),ISNUMBER(P28),ISNUMBER(H28))),"시각 결측",IF(P28<=N28,"P0 시각 역전",IF(OR(H28<N28,H28>P28),"측정시각 구간 밖","OK"))))) | N28: =IF(COUNTIFS($C:$C,$C28,$D:$D,"P0(전)",$L:$L,">0")<>1,"",SUMIFS($H:$H,$C:$C,$C28,$D:$D,"P0(전)")) | O28: =IF(COUNTIFS($C:$C,$C28,$D:$D,"P0(전)",$L:$L,">0")<>1,"",SUMIFS($L:$L,$C:$C,$C28,$D:$D,"P0(전)")) | P28: =IF(COUNTIFS($C:$C,$C28,$D:$D,"P0(후)",$L:$L,">0")<>1,"",SUMIFS($H:$H,$C:$C,$C28,$D:$D,"P0(후)")) | Q28: =IF(COUNTIFS($C:$C,$C28,$D:$D,"P0(후)",$L:$L,">0")<>1,"",SUMIFS($L:$L,$C:$C,$C28,$D:$D,"P0(후)")) | R28: =IF(M28<>"OK","",O28+(Q28-O28)*(H28-N28)/(P28-N28)) | S28: =IF(OR(M28<>"OK",NOT(ISNUMBER(L28))),"",L28-R28) | T28: =IF(OR(NOT(ISNUMBER(S28)),IF(ISNUMBER(G28),G28,F28)=0),"",S28/IF(ISNUMBER(G28),G28,F28)) | U28: =IF(ISNUMBER(T28),ABS(T28),"") | V28: =IF(OR($D27<>"측정",$C27<>$C28,NOT(ISNUMBER(L28)),NOT(ISNUMBER(L27)),(IF(ISNUMBER(G28),G28,F28)-IF(ISNUMBER(G27),G27,F27))=0),"",(L28-L27)/(IF(ISNUMBER(G28),G28,F28)-IF(ISNUMBER(G27),G27,F27))) | W28: =IF(NOT(AND(ISNUMBER(N28),ISNUMBER(P28))),"",(P28-N28)*1440)
A29: S01 | B29: 태백 신규점 | C29: S01-H서 | D29: 측정 | E29: 서 | F29: 10 | L29: =IF(COUNT(I29:K29)=0,"",MEDIAN(I29:K29)) | M29: =IF(COUNTIFS($C:$C,$C29,$D:$D,"P0(전)",$L:$L,">0")<>1,"P0(전) 유효 1개 아님",IF(COUNTIFS($C:$C,$C29,$D:$D,"P0(후)",$L:$L,">0")<>1,"P0(후) 유효 1개 아님",IF(NOT(AND(ISNUMBER(N29),ISNUMBER(P29),ISNUMBER(H29))),"시각 결측",IF(P29<=N29,"P0 시각 역전",IF(OR(H29<N29,H29>P29),"측정시각 구간 밖","OK"))))) | N29: =IF(COUNTIFS($C:$C,$C29,$D:$D,"P0(전)",$L:$L,">0")<>1,"",SUMIFS($H:$H,$C:$C,$C29,$D:$D,"P0(전)")) | O29: =IF(COUNTIFS($C:$C,$C29,$D:$D,"P0(전)",$L:$L,">0")<>1,"",SUMIFS($L:$L,$C:$C,$C29,$D:$D,"P0(전)")) | P29: =IF(COUNTIFS($C:$C,$C29,$D:$D,"P0(후)",$L:$L,">0")<>1,"",SUMIFS($H:$H,$C:$C,$C29,$D:$D,"P0(후)")) | Q29: =IF(COUNTIFS($C:$C,$C29,$D:$D,"P0(후)",$L:$L,">0")<>1,"",SUMIFS($L:$L,$C:$C,$C29,$D:$D,"P0(후)")) | R29: =IF(M29<>"OK","",O29+(Q29-O29)*(H29-N29)/(P29-N29)) | S29: =IF(OR(M29<>"OK",NOT(ISNUMBER(L29))),"",L29-R29) | T29: =IF(OR(NOT(ISNUMBER(S29)),IF(ISNUMBER(G29),G29,F29)=0),"",S29/IF(ISNUMBER(G29),G29,F29)) | U29: =IF(ISNUMBER(T29),ABS(T29),"") | V29: =IF(OR($D28<>"측정",$C28<>$C29,NOT(ISNUMBER(L29)),NOT(ISNUMBER(L28)),(IF(ISNUMBER(G29),G29,F29)-IF(ISNUMBER(G28),G28,F28))=0),"",(L29-L28)/(IF(ISNUMBER(G29),G29,F29)-IF(ISNUMBER(G28),G28,F28))) | W29: =IF(NOT(AND(ISNUMBER(N29),ISNUMBER(P29))),"",(P29-N29)*1440)
A30: S01 | B30: 태백 신규점 | C30: S01-H서 | D30: P0(후) | E30: 서 | L30: =IF(COUNT(I30:K30)=0,"",MEDIAN(I30:K30))
A31: S01 | B31: 태백 신규점 | C31: S01-H남 | D31: P0(전) | E31: 남 | L31: =IF(COUNT(I31:K31)=0,"",MEDIAN(I31:K31))
A32: S01 | B32: 태백 신규점 | C32: S01-H남 | D32: 측정 | E32: 남 | F32: 0.5 | L32: =IF(COUNT(I32:K32)=0,"",MEDIAN(I32:K32)) | M32: =IF(COUNTIFS($C:$C,$C32,$D:$D,"P0(전)",$L:$L,">0")<>1,"P0(전) 유효 1개 아님",IF(COUNTIFS($C:$C,$C32,$D:$D,"P0(후)",$L:$L,">0")<>1,"P0(후) 유효 1개 아님",IF(NOT(AND(ISNUMBER(N32),ISNUMBER(P32),ISNUMBER(H32))),"시각 결측",IF(P32<=N32,"P0 시각 역전",IF(OR(H32<N32,H32>P32),"측정시각 구간 밖","OK"))))) | N32: =IF(COUNTIFS($C:$C,$C32,$D:$D,"P0(전)",$L:$L,">0")<>1,"",SUMIFS($H:$H,$C:$C,$C32,$D:$D,"P0(전)")) | O32: =IF(COUNTIFS($C:$C,$C32,$D:$D,"P0(전)",$L:$L,">0")<>1,"",SUMIFS($L:$L,$C:$C,$C32,$D:$D,"P0(전)")) | P32: =IF(COUNTIFS($C:$C,$C32,$D:$D,"P0(후)",$L:$L,">0")<>1,"",SUMIFS($H:$H,$C:$C,$C32,$D:$D,"P0(후)")) | Q32: =IF(COUNTIFS($C:$C,$C32,$D:$D,"P0(후)",$L:$L,">0")<>1,"",SUMIFS($L:$L,$C:$C,$C32,$D:$D,"P0(후)")) | R32: =IF(M32<>"OK","",O32+(Q32-O32)*(H32-N32)/(P32-N32)) | S32: =IF(OR(M32<>"OK",NOT(ISNUMBER(L32))),"",L32-R32) | T32: =IF(OR(NOT(ISNUMBER(S32)),IF(ISNUMBER(G32),G32,F32)=0),"",S32/IF(ISNUMBER(G32),G32,F32)) | U32: =IF(ISNUMBER(T32),ABS(T32),"") | V32: =IF(OR($D31<>"측정",$C31<>$C32,NOT(ISNUMBER(L32)),NOT(ISNUMBER(L31)),(IF(ISNUMBER(G32),G32,F32)-IF(ISNUMBER(G31),G31,F31))=0),"",(L32-L31)/(IF(ISNUMBER(G32),G32,F32)-IF(ISNUMBER(G31),G31,F31))) | W32: =IF(NOT(AND(ISNUMBER(N32),ISNUMBER(P32))),"",(P32-N32)*1440)
A33: S01 | B33: 태백 신규점 | C33: S01-H남 | D33: 측정 | E33: 남 | F33: 1 | L33: =IF(COUNT(I33:K33)=0,"",MEDIAN(I33:K33)) | M33: =IF(COUNTIFS($C:$C,$C33,$D:$D,"P0(전)",$L:$L,">0")<>1,"P0(전) 유효 1개 아님",IF(COUNTIFS($C:$C,$C33,$D:$D,"P0(후)",$L:$L,">0")<>1,"P0(후) 유효 1개 아님",IF(NOT(AND(ISNUMBER(N33),ISNUMBER(P33),ISNUMBER(H33))),"시각 결측",IF(P33<=N33,"P0 시각 역전",IF(OR(H33<N33,H33>P33),"측정시각 구간 밖","OK"))))) | N33: =IF(COUNTIFS($C:$C,$C33,$D:$D,"P0(전)",$L:$L,">0")<>1,"",SUMIFS($H:$H,$C:$C,$C33,$D:$D,"P0(전)")) | O33: =IF(COUNTIFS($C:$C,$C33,$D:$D,"P0(전)",$L:$L,">0")<>1,"",SUMIFS($L:$L,$C:$C,$C33,$D:$D,"P0(전)")) | P33: =IF(COUNTIFS($C:$C,$C33,$D:$D,"P0(후)",$L:$L,">0")<>1,"",SUMIFS($H:$H,$C:$C,$C33,$D:$D,"P0(후)")) | Q33: =IF(COUNTIFS($C:$C,$C33,$D:$D,"P0(후)",$L:$L,">0")<>1,"",SUMIFS($L:$L,$C:$C,$C33,$D:$D,"P0(후)")) | R33: =IF(M33<>"OK","",O33+(Q33-O33)*(H33-N33)/(P33-N33)) | S33: =IF(OR(M33<>"OK",NOT(ISNUMBER(L33))),"",L33-R33) | T33: =IF(OR(NOT(ISNUMBER(S33)),IF(ISNUMBER(G33),G33,F33)=0),"",S33/IF(ISNUMBER(G33),G33,F33)) | U33: =IF(ISNUMBER(T33),ABS(T33),"") | V33: =IF(OR($D32<>"측정",$C32<>$C33,NOT(ISNUMBER(L33)),NOT(ISNUMBER(L32)),(IF(ISNUMBER(G33),G33,F33)-IF(ISNUMBER(G32),G32,F32))=0),"",(L33-L32)/(IF(ISNUMBER(G33),G33,F33)-IF(ISNUMBER(G32),G32,F32))) | W33: =IF(NOT(AND(ISNUMBER(N33),ISNUMBER(P33))),"",(P33-N33)*1440)
A34: S01 | B34: 태백 신규점 | C34: S01-H남 | D34: 측정 | E34: 남 | F34: 2 | L34: =IF(COUNT(I34:K34)=0,"",MEDIAN(I34:K34)) | M34: =IF(COUNTIFS($C:$C,$C34,$D:$D,"P0(전)",$L:$L,">0")<>1,"P0(전) 유효 1개 아님",IF(COUNTIFS($C:$C,$C34,$D:$D,"P0(후)",$L:$L,">0")<>1,"P0(후) 유효 1개 아님",IF(NOT(AND(ISNUMBER(N34),ISNUMBER(P34),ISNUMBER(H34))),"시각 결측",IF(P34<=N34,"P0 시각 역전",IF(OR(H34<N34,H34>P34),"측정시각 구간 밖","OK"))))) | N34: =IF(COUNTIFS($C:$C,$C34,$D:$D,"P0(전)",$L:$L,">0")<>1,"",SUMIFS($H:$H,$C:$C,$C34,$D:$D,"P0(전)")) | O34: =IF(COUNTIFS($C:$C,$C34,$D:$D,"P0(전)",$L:$L,">0")<>1,"",SUMIFS($L:$L,$C:$C,$C34,$D:$D,"P0(전)")) | P34: =IF(COUNTIFS($C:$C,$C34,$D:$D,"P0(후)",$L:$L,">0")<>1,"",SUMIFS($H:$H,$C:$C,$C34,$D:$D,"P0(후)")) | Q34: =IF(COUNTIFS($C:$C,$C34,$D:$D,"P0(후)",$L:$L,">0")<>1,"",SUMIFS($L:$L,$C:$C,$C34,$D:$D,"P0(후)")) | R34: =IF(M34<>"OK","",O34+(Q34-O34)*(H34-N34)/(P34-N34)) | S34: =IF(OR(M34<>"OK",NOT(ISNUMBER(L34))),"",L34-R34) | T34: =IF(OR(NOT(ISNUMBER(S34)),IF(ISNUMBER(G34),G34,F34)=0),"",S34/IF(ISNUMBER(G34),G34,F34)) | U34: =IF(ISNUMBER(T34),ABS(T34),"") | V34: =IF(OR($D33<>"측정",$C33<>$C34,NOT(ISNUMBER(L34)),NOT(ISNUMBER(L33)),(IF(ISNUMBER(G34),G34,F34)-IF(ISNUMBER(G33),G33,F33))=0),"",(L34-L33)/(IF(ISNUMBER(G34),G34,F34)-IF(ISNUMBER(G33),G33,F33))) | W34: =IF(NOT(AND(ISNUMBER(N34),ISNUMBER(P34))),"",(P34-N34)*1440)
A35: S01 | B35: 태백 신규점 | C35: S01-H남 | D35: 측정 | E35: 남 | F35: 3 | L35: =IF(COUNT(I35:K35)=0,"",MEDIAN(I35:K35)) | M35: =IF(COUNTIFS($C:$C,$C35,$D:$D,"P0(전)",$L:$L,">0")<>1,"P0(전) 유효 1개 아님",IF(COUNTIFS($C:$C,$C35,$D:$D,"P0(후)",$L:$L,">0")<>1,"P0(후) 유효 1개 아님",IF(NOT(AND(ISNUMBER(N35),ISNUMBER(P35),ISNUMBER(H35))),"시각 결측",IF(P35<=N35,"P0 시각 역전",IF(OR(H35<N35,H35>P35),"측정시각 구간 밖","OK"))))) | N35: =IF(COUNTIFS($C:$C,$C35,$D:$D,"P0(전)",$L:$L,">0")<>1,"",SUMIFS($H:$H,$C:$C,$C35,$D:$D,"P0(전)")) | O35: =IF(COUNTIFS($C:$C,$C35,$D:$D,"P0(전)",$L:$L,">0")<>1,"",SUMIFS($L:$L,$C:$C,$C35,$D:$D,"P0(전)")) | P35: =IF(COUNTIFS($C:$C,$C35,$D:$D,"P0(후)",$L:$L,">0")<>1,"",SUMIFS($H:$H,$C:$C,$C35,$D:$D,"P0(후)")) | Q35: =IF(COUNTIFS($C:$C,$C35,$D:$D,"P0(후)",$L:$L,">0")<>1,"",SUMIFS($L:$L,$C:$C,$C35,$D:$D,"P0(후)")) | R35: =IF(M35<>"OK","",O35+(Q35-O35)*(H35-N35)/(P35-N35)) | S35: =IF(OR(M35<>"OK",NOT(ISNUMBER(L35))),"",L35-R35) | T35: =IF(OR(NOT(ISNUMBER(S35)),IF(ISNUMBER(G35),G35,F35)=0),"",S35/IF(ISNUMBER(G35),G35,F35)) | U35: =IF(ISNUMBER(T35),ABS(T35),"") | V35: =IF(OR($D34<>"측정",$C34<>$C35,NOT(ISNUMBER(L35)),NOT(ISNUMBER(L34)),(IF(ISNUMBER(G35),G35,F35)-IF(ISNUMBER(G34),G34,F34))=0),"",(L35-L34)/(IF(ISNUMBER(G35),G35,F35)-IF(ISNUMBER(G34),G34,F34))) | W35: =IF(NOT(AND(ISNUMBER(N35),ISNUMBER(P35))),"",(P35-N35)*1440)
A36: S01 | B36: 태백 신규점 | C36: S01-H남 | D36: 측정 | E36: 남 | F36: 4 | L36: =IF(COUNT(I36:K36)=0,"",MEDIAN(I36:K36)) | M36: =IF(COUNTIFS($C:$C,$C36,$D:$D,"P0(전)",$L:$L,">0")<>1,"P0(전) 유효 1개 아님",IF(COUNTIFS($C:$C,$C36,$D:$D,"P0(후)",$L:$L,">0")<>1,"P0(후) 유효 1개 아님",IF(NOT(AND(ISNUMBER(N36),ISNUMBER(P36),ISNUMBER(H36))),"시각 결측",IF(P36<=N36,"P0 시각 역전",IF(OR(H36<N36,H36>P36),"측정시각 구간 밖","OK"))))) | N36: =IF(COUNTIFS($C:$C,$C36,$D:$D,"P0(전)",$L:$L,">0")<>1,"",SUMIFS($H:$H,$C:$C,$C36,$D:$D,"P0(전)")) | O36: =IF(COUNTIFS($C:$C,$C36,$D:$D,"P0(전)",$L:$L,">0")<>1,"",SUMIFS($L:$L,$C:$C,$C36,$D:$D,"P0(전)")) | P36: =IF(COUNTIFS($C:$C,$C36,$D:$D,"P0(후)",$L:$L,">0")<>1,"",SUMIFS($H:$H,$C:$C,$C36,$D:$D,"P0(후)")) | Q36: =IF(COUNTIFS($C:$C,$C36,$D:$D,"P0(후)",$L:$L,">0")<>1,"",SUMIFS($L:$L,$C:$C,$C36,$D:$D,"P0(후)")) | R36: =IF(M36<>"OK","",O36+(Q36-O36)*(H36-N36)/(P36-N36)) | S36: =IF(OR(M36<>"OK",NOT(ISNUMBER(L36))),"",L36-R36) | T36: =IF(OR(NOT(ISNUMBER(S36)),IF(ISNUMBER(G36),G36,F36)=0),"",S36/IF(ISNUMBER(G36),G36,F36)) | U36: =IF(ISNUMBER(T36),ABS(T36),"") | V36: =IF(OR($D35<>"측정",$C35<>$C36,NOT(ISNUMBER(L36)),NOT(ISNUMBER(L35)),(IF(ISNUMBER(G36),G36,F36)-IF(ISNUMBER(G35),G35,F35))=0),"",(L36-L35)/(IF(ISNUMBER(G36),G36,F36)-IF(ISNUMBER(G35),G35,F35))) | W36: =IF(NOT(AND(ISNUMBER(N36),ISNUMBER(P36))),"",(P36-N36)*1440)
A37: S01 | B37: 태백 신규점 | C37: S01-H남 | D37: 측정 | E37: 남 | F37: 5 | L37: =IF(COUNT(I37:K37)=0,"",MEDIAN(I37:K37)) | M37: =IF(COUNTIFS($C:$C,$C37,$D:$D,"P0(전)",$L:$L,">0")<>1,"P0(전) 유효 1개 아님",IF(COUNTIFS($C:$C,$C37,$D:$D,"P0(후)",$L:$L,">0")<>1,"P0(후) 유효 1개 아님",IF(NOT(AND(ISNUMBER(N37),ISNUMBER(P37),ISNUMBER(H37))),"시각 결측",IF(P37<=N37,"P0 시각 역전",IF(OR(H37<N37,H37>P37),"측정시각 구간 밖","OK"))))) | N37: =IF(COUNTIFS($C:$C,$C37,$D:$D,"P0(전)",$L:$L,">0")<>1,"",SUMIFS($H:$H,$C:$C,$C37,$D:$D,"P0(전)")) | O37: =IF(COUNTIFS($C:$C,$C37,$D:$D,"P0(전)",$L:$L,">0")<>1,"",SUMIFS($L:$L,$C:$C,$C37,$D:$D,"P0(전)")) | P37: =IF(COUNTIFS($C:$C,$C37,$D:$D,"P0(후)",$L:$L,">0")<>1,"",SUMIFS($H:$H,$C:$C,$C37,$D:$D,"P0(후)")) | Q37: =IF(COUNTIFS($C:$C,$C37,$D:$D,"P0(후)",$L:$L,">0")<>1,"",SUMIFS($L:$L,$C:$C,$C37,$D:$D,"P0(후)")) | R37: =IF(M37<>"OK","",O37+(Q37-O37)*(H37-N37)/(P37-N37)) | S37: =IF(OR(M37<>"OK",NOT(ISNUMBER(L37))),"",L37-R37) | T37: =IF(OR(NOT(ISNUMBER(S37)),IF(ISNUMBER(G37),G37,F37)=0),"",S37/IF(ISNUMBER(G37),G37,F37)) | U37: =IF(ISNUMBER(T37),ABS(T37),"") | V37: =IF(OR($D36<>"측정",$C36<>$C37,NOT(ISNUMBER(L37)),NOT(ISNUMBER(L36)),(IF(ISNUMBER(G37),G37,F37)-IF(ISNUMBER(G36),G36,F36))=0),"",(L37-L36)/(IF(ISNUMBER(G37),G37,F37)-IF(ISNUMBER(G36),G36,F36))) | W37: =IF(NOT(AND(ISNUMBER(N37),ISNUMBER(P37))),"",(P37-N37)*1440)
A38: S01 | B38: 태백 신규점 | C38: S01-H남 | D38: 측정 | E38: 남 | F38: 6 | L38: =IF(COUNT(I38:K38)=0,"",MEDIAN(I38:K38)) | M38: =IF(COUNTIFS($C:$C,$C38,$D:$D,"P0(전)",$L:$L,">0")<>1,"P0(전) 유효 1개 아님",IF(COUNTIFS($C:$C,$C38,$D:$D,"P0(후)",$L:$L,">0")<>1,"P0(후) 유효 1개 아님",IF(NOT(AND(ISNUMBER(N38),ISNUMBER(P38),ISNUMBER(H38))),"시각 결측",IF(P38<=N38,"P0 시각 역전",IF(OR(H38<N38,H38>P38),"측정시각 구간 밖","OK"))))) | N38: =IF(COUNTIFS($C:$C,$C38,$D:$D,"P0(전)",$L:$L,">0")<>1,"",SUMIFS($H:$H,$C:$C,$C38,$D:$D,"P0(전)")) | O38: =IF(COUNTIFS($C:$C,$C38,$D:$D,"P0(전)",$L:$L,">0")<>1,"",SUMIFS($L:$L,$C:$C,$C38,$D:$D,"P0(전)")) | P38: =IF(COUNTIFS($C:$C,$C38,$D:$D,"P0(후)",$L:$L,">0")<>1,"",SUMIFS($H:$H,$C:$C,$C38,$D:$D,"P0(후)")) | Q38: =IF(COUNTIFS($C:$C,$C38,$D:$D,"P0(후)",$L:$L,">0")<>1,"",SUMIFS($L:$L,$C:$C,$C38,$D:$D,"P0(후)")) | R38: =IF(M38<>"OK","",O38+(Q38-O38)*(H38-N38)/(P38-N38)) | S38: =IF(OR(M38<>"OK",NOT(ISNUMBER(L38))),"",L38-R38) | T38: =IF(OR(NOT(ISNUMBER(S38)),IF(ISNUMBER(G38),G38,F38)=0),"",S38/IF(ISNUMBER(G38),G38,F38)) | U38: =IF(ISNUMBER(T38),ABS(T38),"") | V38: =IF(OR($D37<>"측정",$C37<>$C38,NOT(ISNUMBER(L38)),NOT(ISNUMBER(L37)),(IF(ISNUMBER(G38),G38,F38)-IF(ISNUMBER(G37),G37,F37))=0),"",(L38-L37)/(IF(ISNUMBER(G38),G38,F38)-IF(ISNUMBER(G37),G37,F37))) | W38: =IF(NOT(AND(ISNUMBER(N38),ISNUMBER(P38))),"",(P38-N38)*1440)
A39: S01 | B39: 태백 신규점 | C39: S01-H남 | D39: 측정 | E39: 남 | F39: 7 | L39: =IF(COUNT(I39:K39)=0,"",MEDIAN(I39:K39)) | M39: =IF(COUNTIFS($C:$C,$C39,$D:$D,"P0(전)",$L:$L,">0")<>1,"P0(전) 유효 1개 아님",IF(COUNTIFS($C:$C,$C39,$D:$D,"P0(후)",$L:$L,">0")<>1,"P0(후) 유효 1개 아님",IF(NOT(AND(ISNUMBER(N39),ISNUMBER(P39),ISNUMBER(H39))),"시각 결측",IF(P39<=N39,"P0 시각 역전",IF(OR(H39<N39,H39>P39),"측정시각 구간 밖","OK"))))) | N39: =IF(COUNTIFS($C:$C,$C39,$D:$D,"P0(전)",$L:$L,">0")<>1,"",SUMIFS($H:$H,$C:$C,$C39,$D:$D,"P0(전)")) | O39: =IF(COUNTIFS($C:$C,$C39,$D:$D,"P0(전)",$L:$L,">0")<>1,"",SUMIFS($L:$L,$C:$C,$C39,$D:$D,"P0(전)")) | P39: =IF(COUNTIFS($C:$C,$C39,$D:$D,"P0(후)",$L:$L,">0")<>1,"",SUMIFS($H:$H,$C:$C,$C39,$D:$D,"P0(후)")) | Q39: =IF(COUNTIFS($C:$C,$C39,$D:$D,"P0(후)",$L:$L,">0")<>1,"",SUMIFS($L:$L,$C:$C,$C39,$D:$D,"P0(후)")) | R39: =IF(M39<>"OK","",O39+(Q39-O39)*(H39-N39)/(P39-N39)) | S39: =IF(OR(M39<>"OK",NOT(ISNUMBER(L39))),"",L39-R39) | T39: =IF(OR(NOT(ISNUMBER(S39)),IF(ISNUMBER(G39),G39,F39)=0),"",S39/IF(ISNUMBER(G39),G39,F39)) | U39: =IF(ISNUMBER(T39),ABS(T39),"") | V39: =IF(OR($D38<>"측정",$C38<>$C39,NOT(ISNUMBER(L39)),NOT(ISNUMBER(L38)),(IF(ISNUMBER(G39),G39,F39)-IF(ISNUMBER(G38),G38,F38))=0),"",(L39-L38)/(IF(ISNUMBER(G39),G39,F39)-IF(ISNUMBER(G38),G38,F38))) | W39: =IF(NOT(AND(ISNUMBER(N39),ISNUMBER(P39))),"",(P39-N39)*1440)
A40: S01 | B40: 태백 신규점 | C40: S01-H남 | D40: 측정 | E40: 남 | F40: 8 | L40: =IF(COUNT(I40:K40)=0,"",MEDIAN(I40:K40)) | M40: =IF(COUNTIFS($C:$C,$C40,$D:$D,"P0(전)",$L:$L,">0")<>1,"P0(전) 유효 1개 아님",IF(COUNTIFS($C:$C,$C40,$D:$D,"P0(후)",$L:$L,">0")<>1,"P0(후) 유효 1개 아님",IF(NOT(AND(ISNUMBER(N40),ISNUMBER(P40),ISNUMBER(H40))),"시각 결측",IF(P40<=N40,"P0 시각 역전",IF(OR(H40<N40,H40>P40),"측정시각 구간 밖","OK"))))) | N40: =IF(COUNTIFS($C:$C,$C40,$D:$D,"P0(전)",$L:$L,">0")<>1,"",SUMIFS($H:$H,$C:$C,$C40,$D:$D,"P0(전)")) | O40: =IF(COUNTIFS($C:$C,$C40,$D:$D,"P0(전)",$L:$L,">0")<>1,"",SUMIFS($L:$L,$C:$C,$C40,$D:$D,"P0(전)")) | P40: =IF(COUNTIFS($C:$C,$C40,$D:$D,"P0(후)",$L:$L,">0")<>1,"",SUMIFS($H:$H,$C:$C,$C40,$D:$D,"P0(후)")) | Q40: =IF(COUNTIFS($C:$C,$C40,$D:$D,"P0(후)",$L:$L,">0")<>1,"",SUMIFS($L:$L,$C:$C,$C40,$D:$D,"P0(후)")) | R40: =IF(M40<>"OK","",O40+(Q40-O40)*(H40-N40)/(P40-N40)) | S40: =IF(OR(M40<>"OK",NOT(ISNUMBER(L40))),"",L40-R40) | T40: =IF(OR(NOT(ISNUMBER(S40)),IF(ISNUMBER(G40),G40,F40)=0),"",S40/IF(ISNUMBER(G40),G40,F40)) | U40: =IF(ISNUMBER(T40),ABS(T40),"") | V40: =IF(OR($D39<>"측정",$C39<>$C40,NOT(ISNUMBER(L40)),NOT(ISNUMBER(L39)),(IF(ISNUMBER(G40),G40,F40)-IF(ISNUMBER(G39),G39,F39))=0),"",(L40-L39)/(IF(ISNUMBER(G40),G40,F40)-IF(ISNUMBER(G39),G39,F39))) | W40: =IF(NOT(AND(ISNUMBER(N40),ISNUMBER(P40))),"",(P40-N40)*1440)
A41: S01 | B41: 태백 신규점 | C41: S01-H남 | D41: 측정 | E41: 남 | F41: 9 | L41: =IF(COUNT(I41:K41)=0,"",MEDIAN(I41:K41)) | M41: =IF(COUNTIFS($C:$C,$C41,$D:$D,"P0(전)",$L:$L,">0")<>1,"P0(전) 유효 1개 아님",IF(COUNTIFS($C:$C,$C41,$D:$D,"P0(후)",$L:$L,">0")<>1,"P0(후) 유효 1개 아님",IF(NOT(AND(ISNUMBER(N41),ISNUMBER(P41),ISNUMBER(H41))),"시각 결측",IF(P41<=N41,"P0 시각 역전",IF(OR(H41<N41,H41>P41),"측정시각 구간 밖","OK"))))) | N41: =IF(COUNTIFS($C:$C,$C41,$D:$D,"P0(전)",$L:$L,">0")<>1,"",SUMIFS($H:$H,$C:$C,$C41,$D:$D,"P0(전)")) | O41: =IF(COUNTIFS($C:$C,$C41,$D:$D,"P0(전)",$L:$L,">0")<>1,"",SUMIFS($L:$L,$C:$C,$C41,$D:$D,"P0(전)")) | P41: =IF(COUNTIFS($C:$C,$C41,$D:$D,"P0(후)",$L:$L,">0")<>1,"",SUMIFS($H:$H,$C:$C,$C41,$D:$D,"P0(후)")) | Q41: =IF(COUNTIFS($C:$C,$C41,$D:$D,"P0(후)",$L:$L,">0")<>1,"",SUMIFS($L:$L,$C:$C,$C41,$D:$D,"P0(후)")) | R41: =IF(M41<>"OK","",O41+(Q41-O41)*(H41-N41)/(P41-N41)) | S41: =IF(OR(M41<>"OK",NOT(ISNUMBER(L41))),"",L41-R41) | T41: =IF(OR(NOT(ISNUMBER(S41)),IF(ISNUMBER(G41),G41,F41)=0),"",S41/IF(ISNUMBER(G41),G41,F41)) | U41: =IF(ISNUMBER(T41),ABS(T41),"") | V41: =IF(OR($D40<>"측정",$C40<>$C41,NOT(ISNUMBER(L41)),NOT(ISNUMBER(L40)),(IF(ISNUMBER(G41),G41,F41)-IF(ISNUMBER(G40),G40,F40))=0),"",(L41-L40)/(IF(ISNUMBER(G41),G41,F41)-IF(ISNUMBER(G40),G40,F40))) | W41: =IF(NOT(AND(ISNUMBER(N41),ISNUMBER(P41))),"",(P41-N41)*1440)
A42: S01 | B42: 태백 신규점 | C42: S01-H남 | D42: 측정 | E42: 남 | F42: 10 | L42: =IF(COUNT(I42:K42)=0,"",MEDIAN(I42:K42)) | M42: =IF(COUNTIFS($C:$C,$C42,$D:$D,"P0(전)",$L:$L,">0")<>1,"P0(전) 유효 1개 아님",IF(COUNTIFS($C:$C,$C42,$D:$D,"P0(후)",$L:$L,">0")<>1,"P0(후) 유효 1개 아님",IF(NOT(AND(ISNUMBER(N42),ISNUMBER(P42),ISNUMBER(H42))),"시각 결측",IF(P42<=N42,"P0 시각 역전",IF(OR(H42<N42,H42>P42),"측정시각 구간 밖","OK"))))) | N42: =IF(COUNTIFS($C:$C,$C42,$D:$D,"P0(전)",$L:$L,">0")<>1,"",SUMIFS($H:$H,$C:$C,$C42,$D:$D,"P0(전)")) | O42: =IF(COUNTIFS($C:$C,$C42,$D:$D,"P0(전)",$L:$L,">0")<>1,"",SUMIFS($L:$L,$C:$C,$C42,$D:$D,"P0(전)")) | P42: =IF(COUNTIFS($C:$C,$C42,$D:$D,"P0(후)",$L:$L,">0")<>1,"",SUMIFS($H:$H,$C:$C,$C42,$D:$D,"P0(후)")) | Q42: =IF(COUNTIFS($C:$C,$C42,$D:$D,"P0(후)",$L:$L,">0")<>1,"",SUMIFS($L:$L,$C:$C,$C42,$D:$D,"P0(후)")) | R42: =IF(M42<>"OK","",O42+(Q42-O42)*(H42-N42)/(P42-N42)) | S42: =IF(OR(M42<>"OK",NOT(ISNUMBER(L42))),"",L42-R42) | T42: =IF(OR(NOT(ISNUMBER(S42)),IF(ISNUMBER(G42),G42,F42)=0),"",S42/IF(ISNUMBER(G42),G42,F42)) | U42: =IF(ISNUMBER(T42),ABS(T42),"") | V42: =IF(OR($D41<>"측정",$C41<>$C42,NOT(ISNUMBER(L42)),NOT(ISNUMBER(L41)),(IF(ISNUMBER(G42),G42,F42)-IF(ISNUMBER(G41),G41,F41))=0),"",(L42-L41)/(IF(ISNUMBER(G42),G42,F42)-IF(ISNUMBER(G41),G41,F41))) | W42: =IF(NOT(AND(ISNUMBER(N42),ISNUMBER(P42))),"",(P42-N42)*1440)
A43: S01 | B43: 태백 신규점 | C43: S01-H남 | D43: P0(후) | E43: 남 | L43: =IF(COUNT(I43:K43)=0,"",MEDIAN(I43:K43))
A44: S01 | B44: 태백 신규점 | C44: S01-H북 | D44: P0(전) | E44: 북 | L44: =IF(COUNT(I44:K44)=0,"",MEDIAN(I44:K44))
A45: S01 | B45: 태백 신규점 | C45: S01-H북 | D45: 측정 | E45: 북 | F45: 0.5 | L45: =IF(COUNT(I45:K45)=0,"",MEDIAN(I45:K45)) | M45: =IF(COUNTIFS($C:$C,$C45,$D:$D,"P0(전)",$L:$L,">0")<>1,"P0(전) 유효 1개 아님",IF(COUNTIFS($C:$C,$C45,$D:$D,"P0(후)",$L:$L,">0")<>1,"P0(후) 유효 1개 아님",IF(NOT(AND(ISNUMBER(N45),ISNUMBER(P45),ISNUMBER(H45))),"시각 결측",IF(P45<=N45,"P0 시각 역전",IF(OR(H45<N45,H45>P45),"측정시각 구간 밖","OK"))))) | N45: =IF(COUNTIFS($C:$C,$C45,$D:$D,"P0(전)",$L:$L,">0")<>1,"",SUMIFS($H:$H,$C:$C,$C45,$D:$D,"P0(전)")) | O45: =IF(COUNTIFS($C:$C,$C45,$D:$D,"P0(전)",$L:$L,">0")<>1,"",SUMIFS($L:$L,$C:$C,$C45,$D:$D,"P0(전)")) | P45: =IF(COUNTIFS($C:$C,$C45,$D:$D,"P0(후)",$L:$L,">0")<>1,"",SUMIFS($H:$H,$C:$C,$C45,$D:$D,"P0(후)")) | Q45: =IF(COUNTIFS($C:$C,$C45,$D:$D,"P0(후)",$L:$L,">0")<>1,"",SUMIFS($L:$L,$C:$C,$C45,$D:$D,"P0(후)")) | R45: =IF(M45<>"OK","",O45+(Q45-O45)*(H45-N45)/(P45-N45)) | S45: =IF(OR(M45<>"OK",NOT(ISNUMBER(L45))),"",L45-R45) | T45: =IF(OR(NOT(ISNUMBER(S45)),IF(ISNUMBER(G45),G45,F45)=0),"",S45/IF(ISNUMBER(G45),G45,F45)) | U45: =IF(ISNUMBER(T45),ABS(T45),"") | V45: =IF(OR($D44<>"측정",$C44<>$C45,NOT(ISNUMBER(L45)),NOT(ISNUMBER(L44)),(IF(ISNUMBER(G45),G45,F45)-IF(ISNUMBER(G44),G44,F44))=0),"",(L45-L44)/(IF(ISNUMBER(G45),G45,F45)-IF(ISNUMBER(G44),G44,F44))) | W45: =IF(NOT(AND(ISNUMBER(N45),ISNUMBER(P45))),"",(P45-N45)*1440)
A46: S01 | B46: 태백 신규점 | C46: S01-H북 | D46: 측정 | E46: 북 | F46: 1 | L46: =IF(COUNT(I46:K46)=0,"",MEDIAN(I46:K46)) | M46: =IF(COUNTIFS($C:$C,$C46,$D:$D,"P0(전)",$L:$L,">0")<>1,"P0(전) 유효 1개 아님",IF(COUNTIFS($C:$C,$C46,$D:$D,"P0(후)",$L:$L,">0")<>1,"P0(후) 유효 1개 아님",IF(NOT(AND(ISNUMBER(N46),ISNUMBER(P46),ISNUMBER(H46))),"시각 결측",IF(P46<=N46,"P0 시각 역전",IF(OR(H46<N46,H46>P46),"측정시각 구간 밖","OK"))))) | N46: =IF(COUNTIFS($C:$C,$C46,$D:$D,"P0(전)",$L:$L,">0")<>1,"",SUMIFS($H:$H,$C:$C,$C46,$D:$D,"P0(전)")) | O46: =IF(COUNTIFS($C:$C,$C46,$D:$D,"P0(전)",$L:$L,">0")<>1,"",SUMIFS($L:$L,$C:$C,$C46,$D:$D,"P0(전)")) | P46: =IF(COUNTIFS($C:$C,$C46,$D:$D,"P0(후)",$L:$L,">0")<>1,"",SUMIFS($H:$H,$C:$C,$C46,$D:$D,"P0(후)")) | Q46: =IF(COUNTIFS($C:$C,$C46,$D:$D,"P0(후)",$L:$L,">0")<>1,"",SUMIFS($L:$L,$C:$C,$C46,$D:$D,"P0(후)")) | R46: =IF(M46<>"OK","",O46+(Q46-O46)*(H46-N46)/(P46-N46)) | S46: =IF(OR(M46<>"OK",NOT(ISNUMBER(L46))),"",L46-R46) | T46: =IF(OR(NOT(ISNUMBER(S46)),IF(ISNUMBER(G46),G46,F46)=0),"",S46/IF(ISNUMBER(G46),G46,F46)) | U46: =IF(ISNUMBER(T46),ABS(T46),"") | V46: =IF(OR($D45<>"측정",$C45<>$C46,NOT(ISNUMBER(L46)),NOT(ISNUMBER(L45)),(IF(ISNUMBER(G46),G46,F46)-IF(ISNUMBER(G45),G45,F45))=0),"",(L46-L45)/(IF(ISNUMBER(G46),G46,F46)-IF(ISNUMBER(G45),G45,F45))) | W46: =IF(NOT(AND(ISNUMBER(N46),ISNUMBER(P46))),"",(P46-N46)*1440)
A47: S01 | B47: 태백 신규점 | C47: S01-H북 | D47: 측정 | E47: 북 | F47: 2 | L47: =IF(COUNT(I47:K47)=0,"",MEDIAN(I47:K47)) | M47: =IF(COUNTIFS($C:$C,$C47,$D:$D,"P0(전)",$L:$L,">0")<>1,"P0(전) 유효 1개 아님",IF(COUNTIFS($C:$C,$C47,$D:$D,"P0(후)",$L:$L,">0")<>1,"P0(후) 유효 1개 아님",IF(NOT(AND(ISNUMBER(N47),ISNUMBER(P47),ISNUMBER(H47))),"시각 결측",IF(P47<=N47,"P0 시각 역전",IF(OR(H47<N47,H47>P47),"측정시각 구간 밖","OK"))))) | N47: =IF(COUNTIFS($C:$C,$C47,$D:$D,"P0(전)",$L:$L,">0")<>1,"",SUMIFS($H:$H,$C:$C,$C47,$D:$D,"P0(전)")) | O47: =IF(COUNTIFS($C:$C,$C47,$D:$D,"P0(전)",$L:$L,">0")<>1,"",SUMIFS($L:$L,$C:$C,$C47,$D:$D,"P0(전)")) | P47: =IF(COUNTIFS($C:$C,$C47,$D:$D,"P0(후)",$L:$L,">0")<>1,"",SUMIFS($H:$H,$C:$C,$C47,$D:$D,"P0(후)")) | Q47: =IF(COUNTIFS($C:$C,$C47,$D:$D,"P0(후)",$L:$L,">0")<>1,"",SUMIFS($L:$L,$C:$C,$C47,$D:$D,"P0(후)")) | R47: =IF(M47<>"OK","",O47+(Q47-O47)*(H47-N47)/(P47-N47)) | S47: =IF(OR(M47<>"OK",NOT(ISNUMBER(L47))),"",L47-R47) | T47: =IF(OR(NOT(ISNUMBER(S47)),IF(ISNUMBER(G47),G47,F47)=0),"",S47/IF(ISNUMBER(G47),G47,F47)) | U47: =IF(ISNUMBER(T47),ABS(T47),"") | V47: =IF(OR($D46<>"측정",$C46<>$C47,NOT(ISNUMBER(L47)),NOT(ISNUMBER(L46)),(IF(ISNUMBER(G47),G47,F47)-IF(ISNUMBER(G46),G46,F46))=0),"",(L47-L46)/(IF(ISNUMBER(G47),G47,F47)-IF(ISNUMBER(G46),G46,F46))) | W47: =IF(NOT(AND(ISNUMBER(N47),ISNUMBER(P47))),"",(P47-N47)*1440)
A48: S01 | B48: 태백 신규점 | C48: S01-H북 | D48: 측정 | E48: 북 | F48: 3 | L48: =IF(COUNT(I48:K48)=0,"",MEDIAN(I48:K48)) | M48: =IF(COUNTIFS($C:$C,$C48,$D:$D,"P0(전)",$L:$L,">0")<>1,"P0(전) 유효 1개 아님",IF(COUNTIFS($C:$C,$C48,$D:$D,"P0(후)",$L:$L,">0")<>1,"P0(후) 유효 1개 아님",IF(NOT(AND(ISNUMBER(N48),ISNUMBER(P48),ISNUMBER(H48))),"시각 결측",IF(P48<=N48,"P0 시각 역전",IF(OR(H48<N48,H48>P48),"측정시각 구간 밖","OK"))))) | N48: =IF(COUNTIFS($C:$C,$C48,$D:$D,"P0(전)",$L:$L,">0")<>1,"",SUMIFS($H:$H,$C:$C,$C48,$D:$D,"P0(전)")) | O48: =IF(COUNTIFS($C:$C,$C48,$D:$D,"P0(전)",$L:$L,">0")<>1,"",SUMIFS($L:$L,$C:$C,$C48,$D:$D,"P0(전)")) | P48: =IF(COUNTIFS($C:$C,$C48,$D:$D,"P0(후)",$L:$L,">0")<>1,"",SUMIFS($H:$H,$C:$C,$C48,$D:$D,"P0(후)")) | Q48: =IF(COUNTIFS($C:$C,$C48,$D:$D,"P0(후)",$L:$L,">0")<>1,"",SUMIFS($L:$L,$C:$C,$C48,$D:$D,"P0(후)")) | R48: =IF(M48<>"OK","",O48+(Q48-O48)*(H48-N48)/(P48-N48)) | S48: =IF(OR(M48<>"OK",NOT(ISNUMBER(L48))),"",L48-R48) | T48: =IF(OR(NOT(ISNUMBER(S48)),IF(ISNUMBER(G48),G48,F48)=0),"",S48/IF(ISNUMBER(G48),G48,F48)) | U48: =IF(ISNUMBER(T48),ABS(T48),"") | V48: =IF(OR($D47<>"측정",$C47<>$C48,NOT(ISNUMBER(L48)),NOT(ISNUMBER(L47)),(IF(ISNUMBER(G48),G48,F48)-IF(ISNUMBER(G47),G47,F47))=0),"",(L48-L47)/(IF(ISNUMBER(G48),G48,F48)-IF(ISNUMBER(G47),G47,F47))) | W48: =IF(NOT(AND(ISNUMBER(N48),ISNUMBER(P48))),"",(P48-N48)*1440)
A49: S01 | B49: 태백 신규점 | C49: S01-H북 | D49: 측정 | E49: 북 | F49: 4 | L49: =IF(COUNT(I49:K49)=0,"",MEDIAN(I49:K49)) | M49: =IF(COUNTIFS($C:$C,$C49,$D:$D,"P0(전)",$L:$L,">0")<>1,"P0(전) 유효 1개 아님",IF(COUNTIFS($C:$C,$C49,$D:$D,"P0(후)",$L:$L,">0")<>1,"P0(후) 유효 1개 아님",IF(NOT(AND(ISNUMBER(N49),ISNUMBER(P49),ISNUMBER(H49))),"시각 결측",IF(P49<=N49,"P0 시각 역전",IF(OR(H49<N49,H49>P49),"측정시각 구간 밖","OK"))))) | N49: =IF(COUNTIFS($C:$C,$C49,$D:$D,"P0(전)",$L:$L,">0")<>1,"",SUMIFS($H:$H,$C:$C,$C49,$D:$D,"P0(전)")) | O49: =IF(COUNTIFS($C:$C,$C49,$D:$D,"P0(전)",$L:$L,">0")<>1,"",SUMIFS($L:$L,$C:$C,$C49,$D:$D,"P0(전)")) | P49: =IF(COUNTIFS($C:$C,$C49,$D:$D,"P0(후)",$L:$L,">0")<>1,"",SUMIFS($H:$H,$C:$C,$C49,$D:$D,"P0(후)")) | Q49: =IF(COUNTIFS($C:$C,$C49,$D:$D,"P0(후)",$L:$L,">0")<>1,"",SUMIFS($L:$L,$C:$C,$C49,$D:$D,"P0(후)")) | R49: =IF(M49<>"OK","",O49+(Q49-O49)*(H49-N49)/(P49-N49)) | S49: =IF(OR(M49<>"OK",NOT(ISNUMBER(L49))),"",L49-R49) | T49: =IF(OR(NOT(ISNUMBER(S49)),IF(ISNUMBER(G49),G49,F49)=0),"",S49/IF(ISNUMBER(G49),G49,F49)) | U49: =IF(ISNUMBER(T49),ABS(T49),"") | V49: =IF(OR($D48<>"측정",$C48<>$C49,NOT(ISNUMBER(L49)),NOT(ISNUMBER(L48)),(IF(ISNUMBER(G49),G49,F49)-IF(ISNUMBER(G48),G48,F48))=0),"",(L49-L48)/(IF(ISNUMBER(G49),G49,F49)-IF(ISNUMBER(G48),G48,F48))) | W49: =IF(NOT(AND(ISNUMBER(N49),ISNUMBER(P49))),"",(P49-N49)*1440)
A50: S01 | B50: 태백 신규점 | C50: S01-H북 | D50: 측정 | E50: 북 | F50: 5 | L50: =IF(COUNT(I50:K50)=0,"",MEDIAN(I50:K50)) | M50: =IF(COUNTIFS($C:$C,$C50,$D:$D,"P0(전)",$L:$L,">0")<>1,"P0(전) 유효 1개 아님",IF(COUNTIFS($C:$C,$C50,$D:$D,"P0(후)",$L:$L,">0")<>1,"P0(후) 유효 1개 아님",IF(NOT(AND(ISNUMBER(N50),ISNUMBER(P50),ISNUMBER(H50))),"시각 결측",IF(P50<=N50,"P0 시각 역전",IF(OR(H50<N50,H50>P50),"측정시각 구간 밖","OK"))))) | N50: =IF(COUNTIFS($C:$C,$C50,$D:$D,"P0(전)",$L:$L,">0")<>1,"",SUMIFS($H:$H,$C:$C,$C50,$D:$D,"P0(전)")) | O50: =IF(COUNTIFS($C:$C,$C50,$D:$D,"P0(전)",$L:$L,">0")<>1,"",SUMIFS($L:$L,$C:$C,$C50,$D:$D,"P0(전)")) | P50: =IF(COUNTIFS($C:$C,$C50,$D:$D,"P0(후)",$L:$L,">0")<>1,"",SUMIFS($H:$H,$C:$C,$C50,$D:$D,"P0(후)")) | Q50: =IF(COUNTIFS($C:$C,$C50,$D:$D,"P0(후)",$L:$L,">0")<>1,"",SUMIFS($L:$L,$C:$C,$C50,$D:$D,"P0(후)")) | R50: =IF(M50<>"OK","",O50+(Q50-O50)*(H50-N50)/(P50-N50)) | S50: =IF(OR(M50<>"OK",NOT(ISNUMBER(L50))),"",L50-R50) | T50: =IF(OR(NOT(ISNUMBER(S50)),IF(ISNUMBER(G50),G50,F50)=0),"",S50/IF(ISNUMBER(G50),G50,F50)) | U50: =IF(ISNUMBER(T50),ABS(T50),"") | V50: =IF(OR($D49<>"측정",$C49<>$C50,NOT(ISNUMBER(L50)),NOT(ISNUMBER(L49)),(IF(ISNUMBER(G50),G50,F50)-IF(ISNUMBER(G49),G49,F49))=0),"",(L50-L49)/(IF(ISNUMBER(G50),G50,F50)-IF(ISNUMBER(G49),G49,F49))) | W50: =IF(NOT(AND(ISNUMBER(N50),ISNUMBER(P50))),"",(P50-N50)*1440)
A51: S01 | B51: 태백 신규점 | C51: S01-H북 | D51: 측정 | E51: 북 | F51: 6 | L51: =IF(COUNT(I51:K51)=0,"",MEDIAN(I51:K51)) | M51: =IF(COUNTIFS($C:$C,$C51,$D:$D,"P0(전)",$L:$L,">0")<>1,"P0(전) 유효 1개 아님",IF(COUNTIFS($C:$C,$C51,$D:$D,"P0(후)",$L:$L,">0")<>1,"P0(후) 유효 1개 아님",IF(NOT(AND(ISNUMBER(N51),ISNUMBER(P51),ISNUMBER(H51))),"시각 결측",IF(P51<=N51,"P0 시각 역전",IF(OR(H51<N51,H51>P51),"측정시각 구간 밖","OK"))))) | N51: =IF(COUNTIFS($C:$C,$C51,$D:$D,"P0(전)",$L:$L,">0")<>1,"",SUMIFS($H:$H,$C:$C,$C51,$D:$D,"P0(전)")) | O51: =IF(COUNTIFS($C:$C,$C51,$D:$D,"P0(전)",$L:$L,">0")<>1,"",SUMIFS($L:$L,$C:$C,$C51,$D:$D,"P0(전)")) | P51: =IF(COUNTIFS($C:$C,$C51,$D:$D,"P0(후)",$L:$L,">0")<>1,"",SUMIFS($H:$H,$C:$C,$C51,$D:$D,"P0(후)")) | Q51: =IF(COUNTIFS($C:$C,$C51,$D:$D,"P0(후)",$L:$L,">0")<>1,"",SUMIFS($L:$L,$C:$C,$C51,$D:$D,"P0(후)")) | R51: =IF(M51<>"OK","",O51+(Q51-O51)*(H51-N51)/(P51-N51)) | S51: =IF(OR(M51<>"OK",NOT(ISNUMBER(L51))),"",L51-R51) | T51: =IF(OR(NOT(ISNUMBER(S51)),IF(ISNUMBER(G51),G51,F51)=0),"",S51/IF(ISNUMBER(G51),G51,F51)) | U51: =IF(ISNUMBER(T51),ABS(T51),"") | V51: =IF(OR($D50<>"측정",$C50<>$C51,NOT(ISNUMBER(L51)),NOT(ISNUMBER(L50)),(IF(ISNUMBER(G51),G51,F51)-IF(ISNUMBER(G50),G50,F50))=0),"",(L51-L50)/(IF(ISNUMBER(G51),G51,F51)-IF(ISNUMBER(G50),G50,F50))) | W51: =IF(NOT(AND(ISNUMBER(N51),ISNUMBER(P51))),"",(P51-N51)*1440)
A52: S01 | B52: 태백 신규점 | C52: S01-H북 | D52: 측정 | E52: 북 | F52: 7 | L52: =IF(COUNT(I52:K52)=0,"",MEDIAN(I52:K52)) | M52: =IF(COUNTIFS($C:$C,$C52,$D:$D,"P0(전)",$L:$L,">0")<>1,"P0(전) 유효 1개 아님",IF(COUNTIFS($C:$C,$C52,$D:$D,"P0(후)",$L:$L,">0")<>1,"P0(후) 유효 1개 아님",IF(NOT(AND(ISNUMBER(N52),ISNUMBER(P52),ISNUMBER(H52))),"시각 결측",IF(P52<=N52,"P0 시각 역전",IF(OR(H52<N52,H52>P52),"측정시각 구간 밖","OK"))))) | N52: =IF(COUNTIFS($C:$C,$C52,$D:$D,"P0(전)",$L:$L,">0")<>1,"",SUMIFS($H:$H,$C:$C,$C52,$D:$D,"P0(전)")) | O52: =IF(COUNTIFS($C:$C,$C52,$D:$D,"P0(전)",$L:$L,">0")<>1,"",SUMIFS($L:$L,$C:$C,$C52,$D:$D,"P0(전)")) | P52: =IF(COUNTIFS($C:$C,$C52,$D:$D,"P0(후)",$L:$L,">0")<>1,"",SUMIFS($H:$H,$C:$C,$C52,$D:$D,"P0(후)")) | Q52: =IF(COUNTIFS($C:$C,$C52,$D:$D,"P0(후)",$L:$L,">0")<>1,"",SUMIFS($L:$L,$C:$C,$C52,$D:$D,"P0(후)")) | R52: =IF(M52<>"OK","",O52+(Q52-O52)*(H52-N52)/(P52-N52)) | S52: =IF(OR(M52<>"OK",NOT(ISNUMBER(L52))),"",L52-R52) | T52: =IF(OR(NOT(ISNUMBER(S52)),IF(ISNUMBER(G52),G52,F52)=0),"",S52/IF(ISNUMBER(G52),G52,F52)) | U52: =IF(ISNUMBER(T52),ABS(T52),"") | V52: =IF(OR($D51<>"측정",$C51<>$C52,NOT(ISNUMBER(L52)),NOT(ISNUMBER(L51)),(IF(ISNUMBER(G52),G52,F52)-IF(ISNUMBER(G51),G51,F51))=0),"",(L52-L51)/(IF(ISNUMBER(G52),G52,F52)-IF(ISNUMBER(G51),G51,F51))) | W52: =IF(NOT(AND(ISNUMBER(N52),ISNUMBER(P52))),"",(P52-N52)*1440)
A53: S01 | B53: 태백 신규점 | C53: S01-H북 | D53: 측정 | E53: 북 | F53: 8 | L53: =IF(COUNT(I53:K53)=0,"",MEDIAN(I53:K53)) | M53: =IF(COUNTIFS($C:$C,$C53,$D:$D,"P0(전)",$L:$L,">0")<>1,"P0(전) 유효 1개 아님",IF(COUNTIFS($C:$C,$C53,$D:$D,"P0(후)",$L:$L,">0")<>1,"P0(후) 유효 1개 아님",IF(NOT(AND(ISNUMBER(N53),ISNUMBER(P53),ISNUMBER(H53))),"시각 결측",IF(P53<=N53,"P0 시각 역전",IF(OR(H53<N53,H53>P53),"측정시각 구간 밖","OK"))))) | N53: =IF(COUNTIFS($C:$C,$C53,$D:$D,"P0(전)",$L:$L,">0")<>1,"",SUMIFS($H:$H,$C:$C,$C53,$D:$D,"P0(전)")) | O53: =IF(COUNTIFS($C:$C,$C53,$D:$D,"P0(전)",$L:$L,">0")<>1,"",SUMIFS($L:$L,$C:$C,$C53,$D:$D,"P0(전)")) | P53: =IF(COUNTIFS($C:$C,$C53,$D:$D,"P0(후)",$L:$L,">0")<>1,"",SUMIFS($H:$H,$C:$C,$C53,$D:$D,"P0(후)")) | Q53: =IF(COUNTIFS($C:$C,$C53,$D:$D,"P0(후)",$L:$L,">0")<>1,"",SUMIFS($L:$L,$C:$C,$C53,$D:$D,"P0(후)")) | R53: =IF(M53<>"OK","",O53+(Q53-O53)*(H53-N53)/(P53-N53)) | S53: =IF(OR(M53<>"OK",NOT(ISNUMBER(L53))),"",L53-R53) | T53: =IF(OR(NOT(ISNUMBER(S53)),IF(ISNUMBER(G53),G53,F53)=0),"",S53/IF(ISNUMBER(G53),G53,F53)) | U53: =IF(ISNUMBER(T53),ABS(T53),"") | V53: =IF(OR($D52<>"측정",$C52<>$C53,NOT(ISNUMBER(L53)),NOT(ISNUMBER(L52)),(IF(ISNUMBER(G53),G53,F53)-IF(ISNUMBER(G52),G52,F52))=0),"",(L53-L52)/(IF(ISNUMBER(G53),G53,F53)-IF(ISNUMBER(G52),G52,F52))) | W53: =IF(NOT(AND(ISNUMBER(N53),ISNUMBER(P53))),"",(P53-N53)*1440)
A54: S01 | B54: 태백 신규점 | C54: S01-H북 | D54: 측정 | E54: 북 | F54: 9 | L54: =IF(COUNT(I54:K54)=0,"",MEDIAN(I54:K54)) | M54: =IF(COUNTIFS($C:$C,$C54,$D:$D,"P0(전)",$L:$L,">0")<>1,"P0(전) 유효 1개 아님",IF(COUNTIFS($C:$C,$C54,$D:$D,"P0(후)",$L:$L,">0")<>1,"P0(후) 유효 1개 아님",IF(NOT(AND(ISNUMBER(N54),ISNUMBER(P54),ISNUMBER(H54))),"시각 결측",IF(P54<=N54,"P0 시각 역전",IF(OR(H54<N54,H54>P54),"측정시각 구간 밖","OK"))))) | N54: =IF(COUNTIFS($C:$C,$C54,$D:$D,"P0(전)",$L:$L,">0")<>1,"",SUMIFS($H:$H,$C:$C,$C54,$D:$D,"P0(전)")) | O54: =IF(COUNTIFS($C:$C,$C54,$D:$D,"P0(전)",$L:$L,">0")<>1,"",SUMIFS($L:$L,$C:$C,$C54,$D:$D,"P0(전)")) | P54: =IF(COUNTIFS($C:$C,$C54,$D:$D,"P0(후)",$L:$L,">0")<>1,"",SUMIFS($H:$H,$C:$C,$C54,$D:$D,"P0(후)")) | Q54: =IF(COUNTIFS($C:$C,$C54,$D:$D,"P0(후)",$L:$L,">0")<>1,"",SUMIFS($L:$L,$C:$C,$C54,$D:$D,"P0(후)")) | R54: =IF(M54<>"OK","",O54+(Q54-O54)*(H54-N54)/(P54-N54)) | S54: =IF(OR(M54<>"OK",NOT(ISNUMBER(L54))),"",L54-R54) | T54: =IF(OR(NOT(ISNUMBER(S54)),IF(ISNUMBER(G54),G54,F54)=0),"",S54/IF(ISNUMBER(G54),G54,F54)) | U54: =IF(ISNUMBER(T54),ABS(T54),"") | V54: =IF(OR($D53<>"측정",$C53<>$C54,NOT(ISNUMBER(L54)),NOT(ISNUMBER(L53)),(IF(ISNUMBER(G54),G54,F54)-IF(ISNUMBER(G53),G53,F53))=0),"",(L54-L53)/(IF(ISNUMBER(G54),G54,F54)-IF(ISNUMBER(G53),G53,F53))) | W54: =IF(NOT(AND(ISNUMBER(N54),ISNUMBER(P54))),"",(P54-N54)*1440)
A55: S01 | B55: 태백 신규점 | C55: S01-H북 | D55: 측정 | E55: 북 | F55: 10 | L55: =IF(COUNT(I55:K55)=0,"",MEDIAN(I55:K55)) | M55: =IF(COUNTIFS($C:$C,$C55,$D:$D,"P0(전)",$L:$L,">0")<>1,"P0(전) 유효 1개 아님",IF(COUNTIFS($C:$C,$C55,$D:$D,"P0(후)",$L:$L,">0")<>1,"P0(후) 유효 1개 아님",IF(NOT(AND(ISNUMBER(N55),ISNUMBER(P55),ISNUMBER(H55))),"시각 결측",IF(P55<=N55,"P0 시각 역전",IF(OR(H55<N55,H55>P55),"측정시각 구간 밖","OK"))))) | N55: =IF(COUNTIFS($C:$C,$C55,$D:$D,"P0(전)",$L:$L,">0")<>1,"",SUMIFS($H:$H,$C:$C,$C55,$D:$D,"P0(전)")) | O55: =IF(COUNTIFS($C:$C,$C55,$D:$D,"P0(전)",$L:$L,">0")<>1,"",SUMIFS($L:$L,$C:$C,$C55,$D:$D,"P0(전)")) | P55: =IF(COUNTIFS($C:$C,$C55,$D:$D,"P0(후)",$L:$L,">0")<>1,"",SUMIFS($H:$H,$C:$C,$C55,$D:$D,"P0(후)")) | Q55: =IF(COUNTIFS($C:$C,$C55,$D:$D,"P0(후)",$L:$L,">0")<>1,"",SUMIFS($L:$L,$C:$C,$C55,$D:$D,"P0(후)")) | R55: =IF(M55<>"OK","",O55+(Q55-O55)*(H55-N55)/(P55-N55)) | S55: =IF(OR(M55<>"OK",NOT(ISNUMBER(L55))),"",L55-R55) | T55: =IF(OR(NOT(ISNUMBER(S55)),IF(ISNUMBER(G55),G55,F55)=0),"",S55/IF(ISNUMBER(G55),G55,F55)) | U55: =IF(ISNUMBER(T55),ABS(T55),"") | V55: =IF(OR($D54<>"측정",$C54<>$C55,NOT(ISNUMBER(L55)),NOT(ISNUMBER(L54)),(IF(ISNUMBER(G55),G55,F55)-IF(ISNUMBER(G54),G54,F54))=0),"",(L55-L54)/(IF(ISNUMBER(G55),G55,F55)-IF(ISNUMBER(G54),G54,F54))) | W55: =IF(NOT(AND(ISNUMBER(N55),ISNUMBER(P55))),"",(P55-N55)*1440)
A56: S01 | B56: 태백 신규점 | C56: S01-H북 | D56: P0(후) | E56: 북 | L56: =IF(COUNT(I56:K56)=0,"",MEDIAN(I56:K56))
A57: S02 | B57: 임계 신규점1 | C57: S02-H동 | D57: P0(전) | E57: 동 | L57: =IF(COUNT(I57:K57)=0,"",MEDIAN(I57:K57))
A58: S02 | B58: 임계 신규점1 | C58: S02-H동 | D58: 측정 | E58: 동 | F58: 0.5 | L58: =IF(COUNT(I58:K58)=0,"",MEDIAN(I58:K58)) | M58: =IF(COUNTIFS($C:$C,$C58,$D:$D,"P0(전)",$L:$L,">0")<>1,"P0(전) 유효 1개 아님",IF(COUNTIFS($C:$C,$C58,$D:$D,"P0(후)",$L:$L,">0")<>1,"P0(후) 유효 1개 아님",IF(NOT(AND(ISNUMBER(N58),ISNUMBER(P58),ISNUMBER(H58))),"시각 결측",IF(P58<=N58,"P0 시각 역전",IF(OR(H58<N58,H58>P58),"측정시각 구간 밖","OK"))))) | N58: =IF(COUNTIFS($C:$C,$C58,$D:$D,"P0(전)",$L:$L,">0")<>1,"",SUMIFS($H:$H,$C:$C,$C58,$D:$D,"P0(전)")) | O58: =IF(COUNTIFS($C:$C,$C58,$D:$D,"P0(전)",$L:$L,">0")<>1,"",SUMIFS($L:$L,$C:$C,$C58,$D:$D,"P0(전)")) | P58: =IF(COUNTIFS($C:$C,$C58,$D:$D,"P0(후)",$L:$L,">0")<>1,"",SUMIFS($H:$H,$C:$C,$C58,$D:$D,"P0(후)")) | Q58: =IF(COUNTIFS($C:$C,$C58,$D:$D,"P0(후)",$L:$L,">0")<>1,"",SUMIFS($L:$L,$C:$C,$C58,$D:$D,"P0(후)")) | R58: =IF(M58<>"OK","",O58+(Q58-O58)*(H58-N58)/(P58-N58)) | S58: =IF(OR(M58<>"OK",NOT(ISNUMBER(L58))),"",L58-R58) | T58: =IF(OR(NOT(ISNUMBER(S58)),IF(ISNUMBER(G58),G58,F58)=0),"",S58/IF(ISNUMBER(G58),G58,F58)) | U58: =IF(ISNUMBER(T58),ABS(T58),"") | V58: =IF(OR($D57<>"측정",$C57<>$C58,NOT(ISNUMBER(L58)),NOT(ISNUMBER(L57)),(IF(ISNUMBER(G58),G58,F58)-IF(ISNUMBER(G57),G57,F57))=0),"",(L58-L57)/(IF(ISNUMBER(G58),G58,F58)-IF(ISNUMBER(G57),G57,F57))) | W58: =IF(NOT(AND(ISNUMBER(N58),ISNUMBER(P58))),"",(P58-N58)*1440)
A59: S02 | B59: 임계 신규점1 | C59: S02-H동 | D59: 측정 | E59: 동 | F59: 1 | L59: =IF(COUNT(I59:K59)=0,"",MEDIAN(I59:K59)) | M59: =IF(COUNTIFS($C:$C,$C59,$D:$D,"P0(전)",$L:$L,">0")<>1,"P0(전) 유효 1개 아님",IF(COUNTIFS($C:$C,$C59,$D:$D,"P0(후)",$L:$L,">0")<>1,"P0(후) 유효 1개 아님",IF(NOT(AND(ISNUMBER(N59),ISNUMBER(P59),ISNUMBER(H59))),"시각 결측",IF(P59<=N59,"P0 시각 역전",IF(OR(H59<N59,H59>P59),"측정시각 구간 밖","OK"))))) | N59: =IF(COUNTIFS($C:$C,$C59,$D:$D,"P0(전)",$L:$L,">0")<>1,"",SUMIFS($H:$H,$C:$C,$C59,$D:$D,"P0(전)")) | O59: =IF(COUNTIFS($C:$C,$C59,$D:$D,"P0(전)",$L:$L,">0")<>1,"",SUMIFS($L:$L,$C:$C,$C59,$D:$D,"P0(전)")) | P59: =IF(COUNTIFS($C:$C,$C59,$D:$D,"P0(후)",$L:$L,">0")<>1,"",SUMIFS($H:$H,$C:$C,$C59,$D:$D,"P0(후)")) | Q59: =IF(COUNTIFS($C:$C,$C59,$D:$D,"P0(후)",$L:$L,">0")<>1,"",SUMIFS($L:$L,$C:$C,$C59,$D:$D,"P0(후)")) | R59: =IF(M59<>"OK","",O59+(Q59-O59)*(H59-N59)/(P59-N59)) | S59: =IF(OR(M59<>"OK",NOT(ISNUMBER(L59))),"",L59-R59) | T59: =IF(OR(NOT(ISNUMBER(S59)),IF(ISNUMBER(G59),G59,F59)=0),"",S59/IF(ISNUMBER(G59),G59,F59)) | U59: =IF(ISNUMBER(T59),ABS(T59),"") | V59: =IF(OR($D58<>"측정",$C58<>$C59,NOT(ISNUMBER(L59)),NOT(ISNUMBER(L58)),(IF(ISNUMBER(G59),G59,F59)-IF(ISNUMBER(G58),G58,F58))=0),"",(L59-L58)/(IF(ISNUMBER(G59),G59,F59)-IF(ISNUMBER(G58),G58,F58))) | W59: =IF(NOT(AND(ISNUMBER(N59),ISNUMBER(P59))),"",(P59-N59)*1440)
A60: S02 | B60: 임계 신규점1 | C60: S02-H동 | D60: 측정 | E60: 동 | F60: 2 | L60: =IF(COUNT(I60:K60)=0,"",MEDIAN(I60:K60)) | M60: =IF(COUNTIFS($C:$C,$C60,$D:$D,"P0(전)",$L:$L,">0")<>1,"P0(전) 유효 1개 아님",IF(COUNTIFS($C:$C,$C60,$D:$D,"P0(후)",$L:$L,">0")<>1,"P0(후) 유효 1개 아님",IF(NOT(AND(ISNUMBER(N60),ISNUMBER(P60),ISNUMBER(H60))),"시각 결측",IF(P60<=N60,"P0 시각 역전",IF(OR(H60<N60,H60>P60),"측정시각 구간 밖","OK"))))) | N60: =IF(COUNTIFS($C:$C,$C60,$D:$D,"P0(전)",$L:$L,">0")<>1,"",SUMIFS($H:$H,$C:$C,$C60,$D:$D,"P0(전)")) | O60: =IF(COUNTIFS($C:$C,$C60,$D:$D,"P0(전)",$L:$L,">0")<>1,"",SUMIFS($L:$L,$C:$C,$C60,$D:$D,"P0(전)")) | P60: =IF(COUNTIFS($C:$C,$C60,$D:$D,"P0(후)",$L:$L,">0")<>1,"",SUMIFS($H:$H,$C:$C,$C60,$D:$D,"P0(후)")) | Q60: =IF(COUNTIFS($C:$C,$C60,$D:$D,"P0(후)",$L:$L,">0")<>1,"",SUMIFS($L:$L,$C:$C,$C60,$D:$D,"P0(후)")) | R60: =IF(M60<>"OK","",O60+(Q60-O60)*(H60-N60)/(P60-N60)) | S60: =IF(OR(M60<>"OK",NOT(ISNUMBER(L60))),"",L60-R60) | T60: =IF(OR(NOT(ISNUMBER(S60)),IF(ISNUMBER(G60),G60,F60)=0),"",S60/IF(ISNUMBER(G60),G60,F60)) | U60: =IF(ISNUMBER(T60),ABS(T60),"") | V60: =IF(OR($D59<>"측정",$C59<>$C60,NOT(ISNUMBER(L60)),NOT(ISNUMBER(L59)),(IF(ISNUMBER(G60),G60,F60)-IF(ISNUMBER(G59),G59,F59))=0),"",(L60-L59)/(IF(ISNUMBER(G60),G60,F60)-IF(ISNUMBER(G59),G59,F59))) | W60: =IF(NOT(AND(ISNUMBER(N60),ISNUMBER(P60))),"",(P60-N60)*1440)
A61: S02 | B61: 임계 신규점1 | C61: S02-H동 | D61: 측정 | E61: 동 | F61: 3 | L61: =IF(COUNT(I61:K61)=0,"",MEDIAN(I61:K61)) | M61: =IF(COUNTIFS($C:$C,$C61,$D:$D,"P0(전)",$L:$L,">0")<>1,"P0(전) 유효 1개 아님",IF(COUNTIFS($C:$C,$C61,$D:$D,"P0(후)",$L:$L,">0")<>1,"P0(후) 유효 1개 아님",IF(NOT(AND(ISNUMBER(N61),ISNUMBER(P61),ISNUMBER(H61))),"시각 결측",IF(P61<=N61,"P0 시각 역전",IF(OR(H61<N61,H61>P61),"측정시각 구간 밖","OK"))))) | N61: =IF(COUNTIFS($C:$C,$C61,$D:$D,"P0(전)",$L:$L,">0")<>1,"",SUMIFS($H:$H,$C:$C,$C61,$D:$D,"P0(전)")) | O61: =IF(COUNTIFS($C:$C,$C61,$D:$D,"P0(전)",$L:$L,">0")<>1,"",SUMIFS($L:$L,$C:$C,$C61,$D:$D,"P0(전)")) | P61: =IF(COUNTIFS($C:$C,$C61,$D:$D,"P0(후)",$L:$L,">0")<>1,"",SUMIFS($H:$H,$C:$C,$C61,$D:$D,"P0(후)")) | Q61: =IF(COUNTIFS($C:$C,$C61,$D:$D,"P0(후)",$L:$L,">0")<>1,"",SUMIFS($L:$L,$C:$C,$C61,$D:$D,"P0(후)")) | R61: =IF(M61<>"OK","",O61+(Q61-O61)*(H61-N61)/(P61-N61)) | S61: =IF(OR(M61<>"OK",NOT(ISNUMBER(L61))),"",L61-R61) | T61: =IF(OR(NOT(ISNUMBER(S61)),IF(ISNUMBER(G61),G61,F61)=0),"",S61/IF(ISNUMBER(G61),G61,F61)) | U61: =IF(ISNUMBER(T61),ABS(T61),"") | V61: =IF(OR($D60<>"측정",$C60<>$C61,NOT(ISNUMBER(L61)),NOT(ISNUMBER(L60)),(IF(ISNUMBER(G61),G61,F61)-IF(ISNUMBER(G60),G60,F60))=0),"",(L61-L60)/(IF(ISNUMBER(G61),G61,F61)-IF(ISNUMBER(G60),G60,F60))) | W61: =IF(NOT(AND(ISNUMBER(N61),ISNUMBER(P61))),"",(P61-N61)*1440)
A62: S02 | B62: 임계 신규점1 | C62: S02-H동 | D62: 측정 | E62: 동 | F62: 4 | L62: =IF(COUNT(I62:K62)=0,"",MEDIAN(I62:K62)) | M62: =IF(COUNTIFS($C:$C,$C62,$D:$D,"P0(전)",$L:$L,">0")<>1,"P0(전) 유효 1개 아님",IF(COUNTIFS($C:$C,$C62,$D:$D,"P0(후)",$L:$L,">0")<>1,"P0(후) 유효 1개 아님",IF(NOT(AND(ISNUMBER(N62),ISNUMBER(P62),ISNUMBER(H62))),"시각 결측",IF(P62<=N62,"P0 시각 역전",IF(OR(H62<N62,H62>P62),"측정시각 구간 밖","OK"))))) | N62: =IF(COUNTIFS($C:$C,$C62,$D:$D,"P0(전)",$L:$L,">0")<>1,"",SUMIFS($H:$H,$C:$C,$C62,$D:$D,"P0(전)")) | O62: =IF(COUNTIFS($C:$C,$C62,$D:$D,"P0(전)",$L:$L,">0")<>1,"",SUMIFS($L:$L,$C:$C,$C62,$D:$D,"P0(전)")) | P62: =IF(COUNTIFS($C:$C,$C62,$D:$D,"P0(후)",$L:$L,">0")<>1,"",SUMIFS($H:$H,$C:$C,$C62,$D:$D,"P0(후)")) | Q62: =IF(COUNTIFS($C:$C,$C62,$D:$D,"P0(후)",$L:$L,">0")<>1,"",SUMIFS($L:$L,$C:$C,$C62,$D:$D,"P0(후)")) | R62: =IF(M62<>"OK","",O62+(Q62-O62)*(H62-N62)/(P62-N62)) | S62: =IF(OR(M62<>"OK",NOT(ISNUMBER(L62))),"",L62-R62) | T62: =IF(OR(NOT(ISNUMBER(S62)),IF(ISNUMBER(G62),G62,F62)=0),"",S62/IF(ISNUMBER(G62),G62,F62)) | U62: =IF(ISNUMBER(T62),ABS(T62),"") | V62: =IF(OR($D61<>"측정",$C61<>$C62,NOT(ISNUMBER(L62)),NOT(ISNUMBER(L61)),(IF(ISNUMBER(G62),G62,F62)-IF(ISNUMBER(G61),G61,F61))=0),"",(L62-L61)/(IF(ISNUMBER(G62),G62,F62)-IF(ISNUMBER(G61),G61,F61))) | W62: =IF(NOT(AND(ISNUMBER(N62),ISNUMBER(P62))),"",(P62-N62)*1440)
A63: S02 | B63: 임계 신규점1 | C63: S02-H동 | D63: 측정 | E63: 동 | F63: 5 | L63: =IF(COUNT(I63:K63)=0,"",MEDIAN(I63:K63)) | M63: =IF(COUNTIFS($C:$C,$C63,$D:$D,"P0(전)",$L:$L,">0")<>1,"P0(전) 유효 1개 아님",IF(COUNTIFS($C:$C,$C63,$D:$D,"P0(후)",$L:$L,">0")<>1,"P0(후) 유효 1개 아님",IF(NOT(AND(ISNUMBER(N63),ISNUMBER(P63),ISNUMBER(H63))),"시각 결측",IF(P63<=N63,"P0 시각 역전",IF(OR(H63<N63,H63>P63),"측정시각 구간 밖","OK"))))) | N63: =IF(COUNTIFS($C:$C,$C63,$D:$D,"P0(전)",$L:$L,">0")<>1,"",SUMIFS($H:$H,$C:$C,$C63,$D:$D,"P0(전)")) | O63: =IF(COUNTIFS($C:$C,$C63,$D:$D,"P0(전)",$L:$L,">0")<>1,"",SUMIFS($L:$L,$C:$C,$C63,$D:$D,"P0(전)")) | P63: =IF(COUNTIFS($C:$C,$C63,$D:$D,"P0(후)",$L:$L,">0")<>1,"",SUMIFS($H:$H,$C:$C,$C63,$D:$D,"P0(후)")) | Q63: =IF(COUNTIFS($C:$C,$C63,$D:$D,"P0(후)",$L:$L,">0")<>1,"",SUMIFS($L:$L,$C:$C,$C63,$D:$D,"P0(후)")) | R63: =IF(M63<>"OK","",O63+(Q63-O63)*(H63-N63)/(P63-N63)) | S63: =IF(OR(M63<>"OK",NOT(ISNUMBER(L63))),"",L63-R63) | T63: =IF(OR(NOT(ISNUMBER(S63)),IF(ISNUMBER(G63),G63,F63)=0),"",S63/IF(ISNUMBER(G63),G63,F63)) | U63: =IF(ISNUMBER(T63),ABS(T63),"") | V63: =IF(OR($D62<>"측정",$C62<>$C63,NOT(ISNUMBER(L63)),NOT(ISNUMBER(L62)),(IF(ISNUMBER(G63),G63,F63)-IF(ISNUMBER(G62),G62,F62))=0),"",(L63-L62)/(IF(ISNUMBER(G63),G63,F63)-IF(ISNUMBER(G62),G62,F62))) | W63: =IF(NOT(AND(ISNUMBER(N63),ISNUMBER(P63))),"",(P63-N63)*1440)
A64: S02 | B64: 임계 신규점1 | C64: S02-H동 | D64: 측정 | E64: 동 | F64: 6 | L64: =IF(COUNT(I64:K64)=0,"",MEDIAN(I64:K64)) | M64: =IF(COUNTIFS($C:$C,$C64,$D:$D,"P0(전)",$L:$L,">0")<>1,"P0(전) 유효 1개 아님",IF(COUNTIFS($C:$C,$C64,$D:$D,"P0(후)",$L:$L,">0")<>1,"P0(후) 유효 1개 아님",IF(NOT(AND(ISNUMBER(N64),ISNUMBER(P64),ISNUMBER(H64))),"시각 결측",IF(P64<=N64,"P0 시각 역전",IF(OR(H64<N64,H64>P64),"측정시각 구간 밖","OK"))))) | N64: =IF(COUNTIFS($C:$C,$C64,$D:$D,"P0(전)",$L:$L,">0")<>1,"",SUMIFS($H:$H,$C:$C,$C64,$D:$D,"P0(전)")) | O64: =IF(COUNTIFS($C:$C,$C64,$D:$D,"P0(전)",$L:$L,">0")<>1,"",SUMIFS($L:$L,$C:$C,$C64,$D:$D,"P0(전)")) | P64: =IF(COUNTIFS($C:$C,$C64,$D:$D,"P0(후)",$L:$L,">0")<>1,"",SUMIFS($H:$H,$C:$C,$C64,$D:$D,"P0(후)")) | Q64: =IF(COUNTIFS($C:$C,$C64,$D:$D,"P0(후)",$L:$L,">0")<>1,"",SUMIFS($L:$L,$C:$C,$C64,$D:$D,"P0(후)")) | R64: =IF(M64<>"OK","",O64+(Q64-O64)*(H64-N64)/(P64-N64)) | S64: =IF(OR(M64<>"OK",NOT(ISNUMBER(L64))),"",L64-R64) | T64: =IF(OR(NOT(ISNUMBER(S64)),IF(ISNUMBER(G64),G64,F64)=0),"",S64/IF(ISNUMBER(G64),G64,F64)) | U64: =IF(ISNUMBER(T64),ABS(T64),"") | V64: =IF(OR($D63<>"측정",$C63<>$C64,NOT(ISNUMBER(L64)),NOT(ISNUMBER(L63)),(IF(ISNUMBER(G64),G64,F64)-IF(ISNUMBER(G63),G63,F63))=0),"",(L64-L63)/(IF(ISNUMBER(G64),G64,F64)-IF(ISNUMBER(G63),G63,F63))) | W64: =IF(NOT(AND(ISNUMBER(N64),ISNUMBER(P64))),"",(P64-N64)*1440)
A65: S02 | B65: 임계 신규점1 | C65: S02-H동 | D65: 측정 | E65: 동 | F65: 7 | L65: =IF(COUNT(I65:K65)=0,"",MEDIAN(I65:K65)) | M65: =IF(COUNTIFS($C:$C,$C65,$D:$D,"P0(전)",$L:$L,">0")<>1,"P0(전) 유효 1개 아님",IF(COUNTIFS($C:$C,$C65,$D:$D,"P0(후)",$L:$L,">0")<>1,"P0(후) 유효 1개 아님",IF(NOT(AND(ISNUMBER(N65),ISNUMBER(P65),ISNUMBER(H65))),"시각 결측",IF(P65<=N65,"P0 시각 역전",IF(OR(H65<N65,H65>P65),"측정시각 구간 밖","OK"))))) | N65: =IF(COUNTIFS($C:$C,$C65,$D:$D,"P0(전)",$L:$L,">0")<>1,"",SUMIFS($H:$H,$C:$C,$C65,$D:$D,"P0(전)")) | O65: =IF(COUNTIFS($C:$C,$C65,$D:$D,"P0(전)",$L:$L,">0")<>1,"",SUMIFS($L:$L,$C:$C,$C65,$D:$D,"P0(전)")) | P65: =IF(COUNTIFS($C:$C,$C65,$D:$D,"P0(후)",$L:$L,">0")<>1,"",SUMIFS($H:$H,$C:$C,$C65,$D:$D,"P0(후)")) | Q65: =IF(COUNTIFS($C:$C,$C65,$D:$D,"P0(후)",$L:$L,">0")<>1,"",SUMIFS($L:$L,$C:$C,$C65,$D:$D,"P0(후)")) | R65: =IF(M65<>"OK","",O65+(Q65-O65)*(H65-N65)/(P65-N65)) | S65: =IF(OR(M65<>"OK",NOT(ISNUMBER(L65))),"",L65-R65) | T65: =IF(OR(NOT(ISNUMBER(S65)),IF(ISNUMBER(G65),G65,F65)=0),"",S65/IF(ISNUMBER(G65),G65,F65)) | U65: =IF(ISNUMBER(T65),ABS(T65),"") | V65: =IF(OR($D64<>"측정",$C64<>$C65,NOT(ISNUMBER(L65)),NOT(ISNUMBER(L64)),(IF(ISNUMBER(G65),G65,F65)-IF(ISNUMBER(G64),G64,F64))=0),"",(L65-L64)/(IF(ISNUMBER(G65),G65,F65)-IF(ISNUMBER(G64),G64,F64))) | W65: =IF(NOT(AND(ISNUMBER(N65),ISNUMBER(P65))),"",(P65-N65)*1440)
A66: S02 | B66: 임계 신규점1 | C66: S02-H동 | D66: 측정 | E66: 동 | F66: 8 | L66: =IF(COUNT(I66:K66)=0,"",MEDIAN(I66:K66)) | M66: =IF(COUNTIFS($C:$C,$C66,$D:$D,"P0(전)",$L:$L,">0")<>1,"P0(전) 유효 1개 아님",IF(COUNTIFS($C:$C,$C66,$D:$D,"P0(후)",$L:$L,">0")<>1,"P0(후) 유효 1개 아님",IF(NOT(AND(ISNUMBER(N66),ISNUMBER(P66),ISNUMBER(H66))),"시각 결측",IF(P66<=N66,"P0 시각 역전",IF(OR(H66<N66,H66>P66),"측정시각 구간 밖","OK"))))) | N66: =IF(COUNTIFS($C:$C,$C66,$D:$D,"P0(전)",$L:$L,">0")<>1,"",SUMIFS($H:$H,$C:$C,$C66,$D:$D,"P0(전)")) | O66: =IF(COUNTIFS($C:$C,$C66,$D:$D,"P0(전)",$L:$L,">0")<>1,"",SUMIFS($L:$L,$C:$C,$C66,$D:$D,"P0(전)")) | P66: =IF(COUNTIFS($C:$C,$C66,$D:$D,"P0(후)",$L:$L,">0")<>1,"",SUMIFS($H:$H,$C:$C,$C66,$D:$D,"P0(후)")) | Q66: =IF(COUNTIFS($C:$C,$C66,$D:$D,"P0(후)",$L:$L,">0")<>1,"",SUMIFS($L:$L,$C:$C,$C66,$D:$D,"P0(후)")) | R66: =IF(M66<>"OK","",O66+(Q66-O66)*(H66-N66)/(P66-N66)) | S66: =IF(OR(M66<>"OK",NOT(ISNUMBER(L66))),"",L66-R66) | T66: =IF(OR(NOT(ISNUMBER(S66)),IF(ISNUMBER(G66),G66,F66)=0),"",S66/IF(ISNUMBER(G66),G66,F66)) | U66: =IF(ISNUMBER(T66),ABS(T66),"") | V66: =IF(OR($D65<>"측정",$C65<>$C66,NOT(ISNUMBER(L66)),NOT(ISNUMBER(L65)),(IF(ISNUMBER(G66),G66,F66)-IF(ISNUMBER(G65),G65,F65))=0),"",(L66-L65)/(IF(ISNUMBER(G66),G66,F66)-IF(ISNUMBER(G65),G65,F65))) | W66: =IF(NOT(AND(ISNUMBER(N66),ISNUMBER(P66))),"",(P66-N66)*1440)
A67: S02 | B67: 임계 신규점1 | C67: S02-H동 | D67: 측정 | E67: 동 | F67: 9 | L67: =IF(COUNT(I67:K67)=0,"",MEDIAN(I67:K67)) | M67: =IF(COUNTIFS($C:$C,$C67,$D:$D,"P0(전)",$L:$L,">0")<>1,"P0(전) 유효 1개 아님",IF(COUNTIFS($C:$C,$C67,$D:$D,"P0(후)",$L:$L,">0")<>1,"P0(후) 유효 1개 아님",IF(NOT(AND(ISNUMBER(N67),ISNUMBER(P67),ISNUMBER(H67))),"시각 결측",IF(P67<=N67,"P0 시각 역전",IF(OR(H67<N67,H67>P67),"측정시각 구간 밖","OK"))))) | N67: =IF(COUNTIFS($C:$C,$C67,$D:$D,"P0(전)",$L:$L,">0")<>1,"",SUMIFS($H:$H,$C:$C,$C67,$D:$D,"P0(전)")) | O67: =IF(COUNTIFS($C:$C,$C67,$D:$D,"P0(전)",$L:$L,">0")<>1,"",SUMIFS($L:$L,$C:$C,$C67,$D:$D,"P0(전)")) | P67: =IF(COUNTIFS($C:$C,$C67,$D:$D,"P0(후)",$L:$L,">0")<>1,"",SUMIFS($H:$H,$C:$C,$C67,$D:$D,"P0(후)")) | Q67: =IF(COUNTIFS($C:$C,$C67,$D:$D,"P0(후)",$L:$L,">0")<>1,"",SUMIFS($L:$L,$C:$C,$C67,$D:$D,"P0(후)")) | R67: =IF(M67<>"OK","",O67+(Q67-O67)*(H67-N67)/(P67-N67)) | S67: =IF(OR(M67<>"OK",NOT(ISNUMBER(L67))),"",L67-R67) | T67: =IF(OR(NOT(ISNUMBER(S67)),IF(ISNUMBER(G67),G67,F67)=0),"",S67/IF(ISNUMBER(G67),G67,F67)) | U67: =IF(ISNUMBER(T67),ABS(T67),"") | V67: =IF(OR($D66<>"측정",$C66<>$C67,NOT(ISNUMBER(L67)),NOT(ISNUMBER(L66)),(IF(ISNUMBER(G67),G67,F67)-IF(ISNUMBER(G66),G66,F66))=0),"",(L67-L66)/(IF(ISNUMBER(G67),G67,F67)-IF(ISNUMBER(G66),G66,F66))) | W67: =IF(NOT(AND(ISNUMBER(N67),ISNUMBER(P67))),"",(P67-N67)*1440)
A68: S02 | B68: 임계 신규점1 | C68: S02-H동 | D68: 측정 | E68: 동 | F68: 10 | L68: =IF(COUNT(I68:K68)=0,"",MEDIAN(I68:K68)) | M68: =IF(COUNTIFS($C:$C,$C68,$D:$D,"P0(전)",$L:$L,">0")<>1,"P0(전) 유효 1개 아님",IF(COUNTIFS($C:$C,$C68,$D:$D,"P0(후)",$L:$L,">0")<>1,"P0(후) 유효 1개 아님",IF(NOT(AND(ISNUMBER(N68),ISNUMBER(P68),ISNUMBER(H68))),"시각 결측",IF(P68<=N68,"P0 시각 역전",IF(OR(H68<N68,H68>P68),"측정시각 구간 밖","OK"))))) | N68: =IF(COUNTIFS($C:$C,$C68,$D:$D,"P0(전)",$L:$L,">0")<>1,"",SUMIFS($H:$H,$C:$C,$C68,$D:$D,"P0(전)")) | O68: =IF(COUNTIFS($C:$C,$C68,$D:$D,"P0(전)",$L:$L,">0")<>1,"",SUMIFS($L:$L,$C:$C,$C68,$D:$D,"P0(전)")) | P68: =IF(COUNTIFS($C:$C,$C68,$D:$D,"P0(후)",$L:$L,">0")<>1,"",SUMIFS($H:$H,$C:$C,$C68,$D:$D,"P0(후)")) | Q68: =IF(COUNTIFS($C:$C,$C68,$D:$D,"P0(후)",$L:$L,">0")<>1,"",SUMIFS($L:$L,$C:$C,$C68,$D:$D,"P0(후)")) | R68: =IF(M68<>"OK","",O68+(Q68-O68)*(H68-N68)/(P68-N68)) | S68: =IF(OR(M68<>"OK",NOT(ISNUMBER(L68))),"",L68-R68) | T68: =IF(OR(NOT(ISNUMBER(S68)),IF(ISNUMBER(G68),G68,F68)=0),"",S68/IF(ISNUMBER(G68),G68,F68)) | U68: =IF(ISNUMBER(T68),ABS(T68),"") | V68: =IF(OR($D67<>"측정",$C67<>$C68,NOT(ISNUMBER(L68)),NOT(ISNUMBER(L67)),(IF(ISNUMBER(G68),G68,F68)-IF(ISNUMBER(G67),G67,F67))=0),"",(L68-L67)/(IF(ISNUMBER(G68),G68,F68)-IF(ISNUMBER(G67),G67,F67))) | W68: =IF(NOT(AND(ISNUMBER(N68),ISNUMBER(P68))),"",(P68-N68)*1440)
A69: S02 | B69: 임계 신규점1 | C69: S02-H동 | D69: P0(후) | E69: 동 | L69: =IF(COUNT(I69:K69)=0,"",MEDIAN(I69:K69))
A70: S02 | B70: 임계 신규점1 | C70: S02-H서 | D70: P0(전) | E70: 서 | L70: =IF(COUNT(I70:K70)=0,"",MEDIAN(I70:K70))
A71: S02 | B71: 임계 신규점1 | C71: S02-H서 | D71: 측정 | E71: 서 | F71: 0.5 | L71: =IF(COUNT(I71:K71)=0,"",MEDIAN(I71:K71)) | M71: =IF(COUNTIFS($C:$C,$C71,$D:$D,"P0(전)",$L:$L,">0")<>1,"P0(전) 유효 1개 아님",IF(COUNTIFS($C:$C,$C71,$D:$D,"P0(후)",$L:$L,">0")<>1,"P0(후) 유효 1개 아님",IF(NOT(AND(ISNUMBER(N71),ISNUMBER(P71),ISNUMBER(H71))),"시각 결측",IF(P71<=N71,"P0 시각 역전",IF(OR(H71<N71,H71>P71),"측정시각 구간 밖","OK"))))) | N71: =IF(COUNTIFS($C:$C,$C71,$D:$D,"P0(전)",$L:$L,">0")<>1,"",SUMIFS($H:$H,$C:$C,$C71,$D:$D,"P0(전)")) | O71: =IF(COUNTIFS($C:$C,$C71,$D:$D,"P0(전)",$L:$L,">0")<>1,"",SUMIFS($L:$L,$C:$C,$C71,$D:$D,"P0(전)")) | P71: =IF(COUNTIFS($C:$C,$C71,$D:$D,"P0(후)",$L:$L,">0")<>1,"",SUMIFS($H:$H,$C:$C,$C71,$D:$D,"P0(후)")) | Q71: =IF(COUNTIFS($C:$C,$C71,$D:$D,"P0(후)",$L:$L,">0")<>1,"",SUMIFS($L:$L,$C:$C,$C71,$D:$D,"P0(후)")) | R71: =IF(M71<>"OK","",O71+(Q71-O71)*(H71-N71)/(P71-N71)) | S71: =IF(OR(M71<>"OK",NOT(ISNUMBER(L71))),"",L71-R71) | T71: =IF(OR(NOT(ISNUMBER(S71)),IF(ISNUMBER(G71),G71,F71)=0),"",S71/IF(ISNUMBER(G71),G71,F71)) | U71: =IF(ISNUMBER(T71),ABS(T71),"") | V71: =IF(OR($D70<>"측정",$C70<>$C71,NOT(ISNUMBER(L71)),NOT(ISNUMBER(L70)),(IF(ISNUMBER(G71),G71,F71)-IF(ISNUMBER(G70),G70,F70))=0),"",(L71-L70)/(IF(ISNUMBER(G71),G71,F71)-IF(ISNUMBER(G70),G70,F70))) | W71: =IF(NOT(AND(ISNUMBER(N71),ISNUMBER(P71))),"",(P71-N71)*1440)
A72: S02 | B72: 임계 신규점1 | C72: S02-H서 | D72: 측정 | E72: 서 | F72: 1 | L72: =IF(COUNT(I72:K72)=0,"",MEDIAN(I72:K72)) | M72: =IF(COUNTIFS($C:$C,$C72,$D:$D,"P0(전)",$L:$L,">0")<>1,"P0(전) 유효 1개 아님",IF(COUNTIFS($C:$C,$C72,$D:$D,"P0(후)",$L:$L,">0")<>1,"P0(후) 유효 1개 아님",IF(NOT(AND(ISNUMBER(N72),ISNUMBER(P72),ISNUMBER(H72))),"시각 결측",IF(P72<=N72,"P0 시각 역전",IF(OR(H72<N72,H72>P72),"측정시각 구간 밖","OK"))))) | N72: =IF(COUNTIFS($C:$C,$C72,$D:$D,"P0(전)",$L:$L,">0")<>1,"",SUMIFS($H:$H,$C:$C,$C72,$D:$D,"P0(전)")) | O72: =IF(COUNTIFS($C:$C,$C72,$D:$D,"P0(전)",$L:$L,">0")<>1,"",SUMIFS($L:$L,$C:$C,$C72,$D:$D,"P0(전)")) | P72: =IF(COUNTIFS($C:$C,$C72,$D:$D,"P0(후)",$L:$L,">0")<>1,"",SUMIFS($H:$H,$C:$C,$C72,$D:$D,"P0(후)")) | Q72: =IF(COUNTIFS($C:$C,$C72,$D:$D,"P0(후)",$L:$L,">0")<>1,"",SUMIFS($L:$L,$C:$C,$C72,$D:$D,"P0(후)")) | R72: =IF(M72<>"OK","",O72+(Q72-O72)*(H72-N72)/(P72-N72)) | S72: =IF(OR(M72<>"OK",NOT(ISNUMBER(L72))),"",L72-R72) | T72: =IF(OR(NOT(ISNUMBER(S72)),IF(ISNUMBER(G72),G72,F72)=0),"",S72/IF(ISNUMBER(G72),G72,F72)) | U72: =IF(ISNUMBER(T72),ABS(T72),"") | V72: =IF(OR($D71<>"측정",$C71<>$C72,NOT(ISNUMBER(L72)),NOT(ISNUMBER(L71)),(IF(ISNUMBER(G72),G72,F72)-IF(ISNUMBER(G71),G71,F71))=0),"",(L72-L71)/(IF(ISNUMBER(G72),G72,F72)-IF(ISNUMBER(G71),G71,F71))) | W72: =IF(NOT(AND(ISNUMBER(N72),ISNUMBER(P72))),"",(P72-N72)*1440)
A73: S02 | B73: 임계 신규점1 | C73: S02-H서 | D73: 측정 | E73: 서 | F73: 2 | L73: =IF(COUNT(I73:K73)=0,"",MEDIAN(I73:K73)) | M73: =IF(COUNTIFS($C:$C,$C73,$D:$D,"P0(전)",$L:$L,">0")<>1,"P0(전) 유효 1개 아님",IF(COUNTIFS($C:$C,$C73,$D:$D,"P0(후)",$L:$L,">0")<>1,"P0(후) 유효 1개 아님",IF(NOT(AND(ISNUMBER(N73),ISNUMBER(P73),ISNUMBER(H73))),"시각 결측",IF(P73<=N73,"P0 시각 역전",IF(OR(H73<N73,H73>P73),"측정시각 구간 밖","OK"))))) | N73: =IF(COUNTIFS($C:$C,$C73,$D:$D,"P0(전)",$L:$L,">0")<>1,"",SUMIFS($H:$H,$C:$C,$C73,$D:$D,"P0(전)")) | O73: =IF(COUNTIFS($C:$C,$C73,$D:$D,"P0(전)",$L:$L,">0")<>1,"",SUMIFS($L:$L,$C:$C,$C73,$D:$D,"P0(전)")) | P73: =IF(COUNTIFS($C:$C,$C73,$D:$D,"P0(후)",$L:$L,">0")<>1,"",SUMIFS($H:$H,$C:$C,$C73,$D:$D,"P0(후)")) | Q73: =IF(COUNTIFS($C:$C,$C73,$D:$D,"P0(후)",$L:$L,">0")<>1,"",SUMIFS($L:$L,$C:$C,$C73,$D:$D,"P0(후)")) | R73: =IF(M73<>"OK","",O73+(Q73-O73)*(H73-N73)/(P73-N73)) | S73: =IF(OR(M73<>"OK",NOT(ISNUMBER(L73))),"",L73-R73) | T73: =IF(OR(NOT(ISNUMBER(S73)),IF(ISNUMBER(G73),G73,F73)=0),"",S73/IF(ISNUMBER(G73),G73,F73)) | U73: =IF(ISNUMBER(T73),ABS(T73),"") | V73: =IF(OR($D72<>"측정",$C72<>$C73,NOT(ISNUMBER(L73)),NOT(ISNUMBER(L72)),(IF(ISNUMBER(G73),G73,F73)-IF(ISNUMBER(G72),G72,F72))=0),"",(L73-L72)/(IF(ISNUMBER(G73),G73,F73)-IF(ISNUMBER(G72),G72,F72))) | W73: =IF(NOT(AND(ISNUMBER(N73),ISNUMBER(P73))),"",(P73-N73)*1440)
A74: S02 | B74: 임계 신규점1 | C74: S02-H서 | D74: 측정 | E74: 서 | F74: 3 | L74: =IF(COUNT(I74:K74)=0,"",MEDIAN(I74:K74)) | M74: =IF(COUNTIFS($C:$C,$C74,$D:$D,"P0(전)",$L:$L,">0")<>1,"P0(전) 유효 1개 아님",IF(COUNTIFS($C:$C,$C74,$D:$D,"P0(후)",$L:$L,">0")<>1,"P0(후) 유효 1개 아님",IF(NOT(AND(ISNUMBER(N74),ISNUMBER(P74),ISNUMBER(H74))),"시각 결측",IF(P74<=N74,"P0 시각 역전",IF(OR(H74<N74,H74>P74),"측정시각 구간 밖","OK"))))) | N74: =IF(COUNTIFS($C:$C,$C74,$D:$D,"P0(전)",$L:$L,">0")<>1,"",SUMIFS($H:$H,$C:$C,$C74,$D:$D,"P0(전)")) | O74: =IF(COUNTIFS($C:$C,$C74,$D:$D,"P0(전)",$L:$L,">0")<>1,"",SUMIFS($L:$L,$C:$C,$C74,$D:$D,"P0(전)")) | P74: =IF(COUNTIFS($C:$C,$C74,$D:$D,"P0(후)",$L:$L,">0")<>1,"",SUMIFS($H:$H,$C:$C,$C74,$D:$D,"P0(후)")) | Q74: =IF(COUNTIFS($C:$C,$C74,$D:$D,"P0(후)",$L:$L,">0")<>1,"",SUMIFS($L:$L,$C:$C,$C74,$D:$D,"P0(후)")) | R74: =IF(M74<>"OK","",O74+(Q74-O74)*(H74-N74)/(P74-N74)) | S74: =IF(OR(M74<>"OK",NOT(ISNUMBER(L74))),"",L74-R74) | T74: =IF(OR(NOT(ISNUMBER(S74)),IF(ISNUMBER(G74),G74,F74)=0),"",S74/IF(ISNUMBER(G74),G74,F74)) | U74: =IF(ISNUMBER(T74),ABS(T74),"") | V74: =IF(OR($D73<>"측정",$C73<>$C74,NOT(ISNUMBER(L74)),NOT(ISNUMBER(L73)),(IF(ISNUMBER(G74),G74,F74)-IF(ISNUMBER(G73),G73,F73))=0),"",(L74-L73)/(IF(ISNUMBER(G74),G74,F74)-IF(ISNUMBER(G73),G73,F73))) | W74: =IF(NOT(AND(ISNUMBER(N74),ISNUMBER(P74))),"",(P74-N74)*1440)
A75: S02 | B75: 임계 신규점1 | C75: S02-H서 | D75: 측정 | E75: 서 | F75: 4 | L75: =IF(COUNT(I75:K75)=0,"",MEDIAN(I75:K75)) | M75: =IF(COUNTIFS($C:$C,$C75,$D:$D,"P0(전)",$L:$L,">0")<>1,"P0(전) 유효 1개 아님",IF(COUNTIFS($C:$C,$C75,$D:$D,"P0(후)",$L:$L,">0")<>1,"P0(후) 유효 1개 아님",IF(NOT(AND(ISNUMBER(N75),ISNUMBER(P75),ISNUMBER(H75))),"시각 결측",IF(P75<=N75,"P0 시각 역전",IF(OR(H75<N75,H75>P75),"측정시각 구간 밖","OK"))))) | N75: =IF(COUNTIFS($C:$C,$C75,$D:$D,"P0(전)",$L:$L,">0")<>1,"",SUMIFS($H:$H,$C:$C,$C75,$D:$D,"P0(전)")) | O75: =IF(COUNTIFS($C:$C,$C75,$D:$D,"P0(전)",$L:$L,">0")<>1,"",SUMIFS($L:$L,$C:$C,$C75,$D:$D,"P0(전)")) | P75: =IF(COUNTIFS($C:$C,$C75,$D:$D,"P0(후)",$L:$L,">0")<>1,"",SUMIFS($H:$H,$C:$C,$C75,$D:$D,"P0(후)")) | Q75: =IF(COUNTIFS($C:$C,$C75,$D:$D,"P0(후)",$L:$L,">0")<>1,"",SUMIFS($L:$L,$C:$C,$C75,$D:$D,"P0(후)")) | R75: =IF(M75<>"OK","",O75+(Q75-O75)*(H75-N75)/(P75-N75)) | S75: =IF(OR(M75<>"OK",NOT(ISNUMBER(L75))),"",L75-R75) | T75: =IF(OR(NOT(ISNUMBER(S75)),IF(ISNUMBER(G75),G75,F75)=0),"",S75/IF(ISNUMBER(G75),G75,F75)) | U75: =IF(ISNUMBER(T75),ABS(T75),"") | V75: =IF(OR($D74<>"측정",$C74<>$C75,NOT(ISNUMBER(L75)),NOT(ISNUMBER(L74)),(IF(ISNUMBER(G75),G75,F75)-IF(ISNUMBER(G74),G74,F74))=0),"",(L75-L74)/(IF(ISNUMBER(G75),G75,F75)-IF(ISNUMBER(G74),G74,F74))) | W75: =IF(NOT(AND(ISNUMBER(N75),ISNUMBER(P75))),"",(P75-N75)*1440)
A76: S02 | B76: 임계 신규점1 | C76: S02-H서 | D76: 측정 | E76: 서 | F76: 5 | L76: =IF(COUNT(I76:K76)=0,"",MEDIAN(I76:K76)) | M76: =IF(COUNTIFS($C:$C,$C76,$D:$D,"P0(전)",$L:$L,">0")<>1,"P0(전) 유효 1개 아님",IF(COUNTIFS($C:$C,$C76,$D:$D,"P0(후)",$L:$L,">0")<>1,"P0(후) 유효 1개 아님",IF(NOT(AND(ISNUMBER(N76),ISNUMBER(P76),ISNUMBER(H76))),"시각 결측",IF(P76<=N76,"P0 시각 역전",IF(OR(H76<N76,H76>P76),"측정시각 구간 밖","OK"))))) | N76: =IF(COUNTIFS($C:$C,$C76,$D:$D,"P0(전)",$L:$L,">0")<>1,"",SUMIFS($H:$H,$C:$C,$C76,$D:$D,"P0(전)")) | O76: =IF(COUNTIFS($C:$C,$C76,$D:$D,"P0(전)",$L:$L,">0")<>1,"",SUMIFS($L:$L,$C:$C,$C76,$D:$D,"P0(전)")) | P76: =IF(COUNTIFS($C:$C,$C76,$D:$D,"P0(후)",$L:$L,">0")<>1,"",SUMIFS($H:$H,$C:$C,$C76,$D:$D,"P0(후)")) | Q76: =IF(COUNTIFS($C:$C,$C76,$D:$D,"P0(후)",$L:$L,">0")<>1,"",SUMIFS($L:$L,$C:$C,$C76,$D:$D,"P0(후)")) | R76: =IF(M76<>"OK","",O76+(Q76-O76)*(H76-N76)/(P76-N76)) | S76: =IF(OR(M76<>"OK",NOT(ISNUMBER(L76))),"",L76-R76) | T76: =IF(OR(NOT(ISNUMBER(S76)),IF(ISNUMBER(G76),G76,F76)=0),"",S76/IF(ISNUMBER(G76),G76,F76)) | U76: =IF(ISNUMBER(T76),ABS(T76),"") | V76: =IF(OR($D75<>"측정",$C75<>$C76,NOT(ISNUMBER(L76)),NOT(ISNUMBER(L75)),(IF(ISNUMBER(G76),G76,F76)-IF(ISNUMBER(G75),G75,F75))=0),"",(L76-L75)/(IF(ISNUMBER(G76),G76,F76)-IF(ISNUMBER(G75),G75,F75))) | W76: =IF(NOT(AND(ISNUMBER(N76),ISNUMBER(P76))),"",(P76-N76)*1440)
A77: S02 | B77: 임계 신규점1 | C77: S02-H서 | D77: 측정 | E77: 서 | F77: 6 | L77: =IF(COUNT(I77:K77)=0,"",MEDIAN(I77:K77)) | M77: =IF(COUNTIFS($C:$C,$C77,$D:$D,"P0(전)",$L:$L,">0")<>1,"P0(전) 유효 1개 아님",IF(COUNTIFS($C:$C,$C77,$D:$D,"P0(후)",$L:$L,">0")<>1,"P0(후) 유효 1개 아님",IF(NOT(AND(ISNUMBER(N77),ISNUMBER(P77),ISNUMBER(H77))),"시각 결측",IF(P77<=N77,"P0 시각 역전",IF(OR(H77<N77,H77>P77),"측정시각 구간 밖","OK"))))) | N77: =IF(COUNTIFS($C:$C,$C77,$D:$D,"P0(전)",$L:$L,">0")<>1,"",SUMIFS($H:$H,$C:$C,$C77,$D:$D,"P0(전)")) | O77: =IF(COUNTIFS($C:$C,$C77,$D:$D,"P0(전)",$L:$L,">0")<>1,"",SUMIFS($L:$L,$C:$C,$C77,$D:$D,"P0(전)")) | P77: =IF(COUNTIFS($C:$C,$C77,$D:$D,"P0(후)",$L:$L,">0")<>1,"",SUMIFS($H:$H,$C:$C,$C77,$D:$D,"P0(후)")) | Q77: =IF(COUNTIFS($C:$C,$C77,$D:$D,"P0(후)",$L:$L,">0")<>1,"",SUMIFS($L:$L,$C:$C,$C77,$D:$D,"P0(후)")) | R77: =IF(M77<>"OK","",O77+(Q77-O77)*(H77-N77)/(P77-N77)) | S77: =IF(OR(M77<>"OK",NOT(ISNUMBER(L77))),"",L77-R77) | T77: =IF(OR(NOT(ISNUMBER(S77)),IF(ISNUMBER(G77),G77,F77)=0),"",S77/IF(ISNUMBER(G77),G77,F77)) | U77: =IF(ISNUMBER(T77),ABS(T77),"") | V77: =IF(OR($D76<>"측정",$C76<>$C77,NOT(ISNUMBER(L77)),NOT(ISNUMBER(L76)),(IF(ISNUMBER(G77),G77,F77)-IF(ISNUMBER(G76),G76,F76))=0),"",(L77-L76)/(IF(ISNUMBER(G77),G77,F77)-IF(ISNUMBER(G76),G76,F76))) | W77: =IF(NOT(AND(ISNUMBER(N77),ISNUMBER(P77))),"",(P77-N77)*1440)
A78: S02 | B78: 임계 신규점1 | C78: S02-H서 | D78: 측정 | E78: 서 | F78: 7 | L78: =IF(COUNT(I78:K78)=0,"",MEDIAN(I78:K78)) | M78: =IF(COUNTIFS($C:$C,$C78,$D:$D,"P0(전)",$L:$L,">0")<>1,"P0(전) 유효 1개 아님",IF(COUNTIFS($C:$C,$C78,$D:$D,"P0(후)",$L:$L,">0")<>1,"P0(후) 유효 1개 아님",IF(NOT(AND(ISNUMBER(N78),ISNUMBER(P78),ISNUMBER(H78))),"시각 결측",IF(P78<=N78,"P0 시각 역전",IF(OR(H78<N78,H78>P78),"측정시각 구간 밖","OK"))))) | N78: =IF(COUNTIFS($C:$C,$C78,$D:$D,"P0(전)",$L:$L,">0")<>1,"",SUMIFS($H:$H,$C:$C,$C78,$D:$D,"P0(전)")) | O78: =IF(COUNTIFS($C:$C,$C78,$D:$D,"P0(전)",$L:$L,">0")<>1,"",SUMIFS($L:$L,$C:$C,$C78,$D:$D,"P0(전)")) | P78: =IF(COUNTIFS($C:$C,$C78,$D:$D,"P0(후)",$L:$L,">0")<>1,"",SUMIFS($H:$H,$C:$C,$C78,$D:$D,"P0(후)")) | Q78: =IF(COUNTIFS($C:$C,$C78,$D:$D,"P0(후)",$L:$L,">0")<>1,"",SUMIFS($L:$L,$C:$C,$C78,$D:$D,"P0(후)")) | R78: =IF(M78<>"OK","",O78+(Q78-O78)*(H78-N78)/(P78-N78)) | S78: =IF(OR(M78<>"OK",NOT(ISNUMBER(L78))),"",L78-R78) | T78: =IF(OR(NOT(ISNUMBER(S78)),IF(ISNUMBER(G78),G78,F78)=0),"",S78/IF(ISNUMBER(G78),G78,F78)) | U78: =IF(ISNUMBER(T78),ABS(T78),"") | V78: =IF(OR($D77<>"측정",$C77<>$C78,NOT(ISNUMBER(L78)),NOT(ISNUMBER(L77)),(IF(ISNUMBER(G78),G78,F78)-IF(ISNUMBER(G77),G77,F77))=0),"",(L78-L77)/(IF(ISNUMBER(G78),G78,F78)-IF(ISNUMBER(G77),G77,F77))) | W78: =IF(NOT(AND(ISNUMBER(N78),ISNUMBER(P78))),"",(P78-N78)*1440)
A79: S02 | B79: 임계 신규점1 | C79: S02-H서 | D79: 측정 | E79: 서 | F79: 8 | L79: =IF(COUNT(I79:K79)=0,"",MEDIAN(I79:K79)) | M79: =IF(COUNTIFS($C:$C,$C79,$D:$D,"P0(전)",$L:$L,">0")<>1,"P0(전) 유효 1개 아님",IF(COUNTIFS($C:$C,$C79,$D:$D,"P0(후)",$L:$L,">0")<>1,"P0(후) 유효 1개 아님",IF(NOT(AND(ISNUMBER(N79),ISNUMBER(P79),ISNUMBER(H79))),"시각 결측",IF(P79<=N79,"P0 시각 역전",IF(OR(H79<N79,H79>P79),"측정시각 구간 밖","OK"))))) | N79: =IF(COUNTIFS($C:$C,$C79,$D:$D,"P0(전)",$L:$L,">0")<>1,"",SUMIFS($H:$H,$C:$C,$C79,$D:$D,"P0(전)")) | O79: =IF(COUNTIFS($C:$C,$C79,$D:$D,"P0(전)",$L:$L,">0")<>1,"",SUMIFS($L:$L,$C:$C,$C79,$D:$D,"P0(전)")) | P79: =IF(COUNTIFS($C:$C,$C79,$D:$D,"P0(후)",$L:$L,">0")<>1,"",SUMIFS($H:$H,$C:$C,$C79,$D:$D,"P0(후)")) | Q79: =IF(COUNTIFS($C:$C,$C79,$D:$D,"P0(후)",$L:$L,">0")<>1,"",SUMIFS($L:$L,$C:$C,$C79,$D:$D,"P0(후)")) | R79: =IF(M79<>"OK","",O79+(Q79-O79)*(H79-N79)/(P79-N79)) | S79: =IF(OR(M79<>"OK",NOT(ISNUMBER(L79))),"",L79-R79) | T79: =IF(OR(NOT(ISNUMBER(S79)),IF(ISNUMBER(G79),G79,F79)=0),"",S79/IF(ISNUMBER(G79),G79,F79)) | U79: =IF(ISNUMBER(T79),ABS(T79),"") | V79: =IF(OR($D78<>"측정",$C78<>$C79,NOT(ISNUMBER(L79)),NOT(ISNUMBER(L78)),(IF(ISNUMBER(G79),G79,F79)-IF(ISNUMBER(G78),G78,F78))=0),"",(L79-L78)/(IF(ISNUMBER(G79),G79,F79)-IF(ISNUMBER(G78),G78,F78))) | W79: =IF(NOT(AND(ISNUMBER(N79),ISNUMBER(P79))),"",(P79-N79)*1440)
A80: S02 | B80: 임계 신규점1 | C80: S02-H서 | D80: 측정 | E80: 서 | F80: 9 | L80: =IF(COUNT(I80:K80)=0,"",MEDIAN(I80:K80)) | M80: =IF(COUNTIFS($C:$C,$C80,$D:$D,"P0(전)",$L:$L,">0")<>1,"P0(전) 유효 1개 아님",IF(COUNTIFS($C:$C,$C80,$D:$D,"P0(후)",$L:$L,">0")<>1,"P0(후) 유효 1개 아님",IF(NOT(AND(ISNUMBER(N80),ISNUMBER(P80),ISNUMBER(H80))),"시각 결측",IF(P80<=N80,"P0 시각 역전",IF(OR(H80<N80,H80>P80),"측정시각 구간 밖","OK"))))) | N80: =IF(COUNTIFS($C:$C,$C80,$D:$D,"P0(전)",$L:$L,">0")<>1,"",SUMIFS($H:$H,$C:$C,$C80,$D:$D,"P0(전)")) | O80: =IF(COUNTIFS($C:$C,$C80,$D:$D,"P0(전)",$L:$L,">0")<>1,"",SUMIFS($L:$L,$C:$C,$C80,$D:$D,"P0(전)")) | P80: =IF(COUNTIFS($C:$C,$C80,$D:$D,"P0(후)",$L:$L,">0")<>1,"",SUMIFS($H:$H,$C:$C,$C80,$D:$D,"P0(후)")) | Q80: =IF(COUNTIFS($C:$C,$C80,$D:$D,"P0(후)",$L:$L,">0")<>1,"",SUMIFS($L:$L,$C:$C,$C80,$D:$D,"P0(후)")) | R80: =IF(M80<>"OK","",O80+(Q80-O80)*(H80-N80)/(P80-N80)) | S80: =IF(OR(M80<>"OK",NOT(ISNUMBER(L80))),"",L80-R80) | T80: =IF(OR(NOT(ISNUMBER(S80)),IF(ISNUMBER(G80),G80,F80)=0),"",S80/IF(ISNUMBER(G80),G80,F80)) | U80: =IF(ISNUMBER(T80),ABS(T80),"") | V80: =IF(OR($D79<>"측정",$C79<>$C80,NOT(ISNUMBER(L80)),NOT(ISNUMBER(L79)),(IF(ISNUMBER(G80),G80,F80)-IF(ISNUMBER(G79),G79,F79))=0),"",(L80-L79)/(IF(ISNUMBER(G80),G80,F80)-IF(ISNUMBER(G79),G79,F79))) | W80: =IF(NOT(AND(ISNUMBER(N80),ISNUMBER(P80))),"",(P80-N80)*1440)
A81: S02 | B81: 임계 신규점1 | C81: S02-H서 | D81: 측정 | E81: 서 | F81: 10 | L81: =IF(COUNT(I81:K81)=0,"",MEDIAN(I81:K81)) | M81: =IF(COUNTIFS($C:$C,$C81,$D:$D,"P0(전)",$L:$L,">0")<>1,"P0(전) 유효 1개 아님",IF(COUNTIFS($C:$C,$C81,$D:$D,"P0(후)",$L:$L,">0")<>1,"P0(후) 유효 1개 아님",IF(NOT(AND(ISNUMBER(N81),ISNUMBER(P81),ISNUMBER(H81))),"시각 결측",IF(P81<=N81,"P0 시각 역전",IF(OR(H81<N81,H81>P81),"측정시각 구간 밖","OK"))))) | N81: =IF(COUNTIFS($C:$C,$C81,$D:$D,"P0(전)",$L:$L,">0")<>1,"",SUMIFS($H:$H,$C:$C,$C81,$D:$D,"P0(전)")) | O81: =IF(COUNTIFS($C:$C,$C81,$D:$D,"P0(전)",$L:$L,">0")<>1,"",SUMIFS($L:$L,$C:$C,$C81,$D:$D,"P0(전)")) | P81: =IF(COUNTIFS($C:$C,$C81,$D:$D,"P0(후)",$L:$L,">0")<>1,"",SUMIFS($H:$H,$C:$C,$C81,$D:$D,"P0(후)")) | Q81: =IF(COUNTIFS($C:$C,$C81,$D:$D,"P0(후)",$L:$L,">0")<>1,"",SUMIFS($L:$L,$C:$C,$C81,$D:$D,"P0(후)")) | R81: =IF(M81<>"OK","",O81+(Q81-O81)*(H81-N81)/(P81-N81)) | S81: =IF(OR(M81<>"OK",NOT(ISNUMBER(L81))),"",L81-R81) | T81: =IF(OR(NOT(ISNUMBER(S81)),IF(ISNUMBER(G81),G81,F81)=0),"",S81/IF(ISNUMBER(G81),G81,F81)) | U81: =IF(ISNUMBER(T81),ABS(T81),"") | V81: =IF(OR($D80<>"측정",$C80<>$C81,NOT(ISNUMBER(L81)),NOT(ISNUMBER(L80)),(IF(ISNUMBER(G81),G81,F81)-IF(ISNUMBER(G80),G80,F80))=0),"",(L81-L80)/(IF(ISNUMBER(G81),G81,F81)-IF(ISNUMBER(G80),G80,F80))) | W81: =IF(NOT(AND(ISNUMBER(N81),ISNUMBER(P81))),"",(P81-N81)*1440)
A82: S02 | B82: 임계 신규점1 | C82: S02-H서 | D82: P0(후) | E82: 서 | L82: =IF(COUNT(I82:K82)=0,"",MEDIAN(I82:K82))
A83: S02 | B83: 임계 신규점1 | C83: S02-H남 | D83: P0(전) | E83: 남 | L83: =IF(COUNT(I83:K83)=0,"",MEDIAN(I83:K83))
A84: S02 | B84: 임계 신규점1 | C84: S02-H남 | D84: 측정 | E84: 남 | F84: 0.5 | L84: =IF(COUNT(I84:K84)=0,"",MEDIAN(I84:K84)) | M84: =IF(COUNTIFS($C:$C,$C84,$D:$D,"P0(전)",$L:$L,">0")<>1,"P0(전) 유효 1개 아님",IF(COUNTIFS($C:$C,$C84,$D:$D,"P0(후)",$L:$L,">0")<>1,"P0(후) 유효 1개 아님",IF(NOT(AND(ISNUMBER(N84),ISNUMBER(P84),ISNUMBER(H84))),"시각 결측",IF(P84<=N84,"P0 시각 역전",IF(OR(H84<N84,H84>P84),"측정시각 구간 밖","OK"))))) | N84: =IF(COUNTIFS($C:$C,$C84,$D:$D,"P0(전)",$L:$L,">0")<>1,"",SUMIFS($H:$H,$C:$C,$C84,$D:$D,"P0(전)")) | O84: =IF(COUNTIFS($C:$C,$C84,$D:$D,"P0(전)",$L:$L,">0")<>1,"",SUMIFS($L:$L,$C:$C,$C84,$D:$D,"P0(전)")) | P84: =IF(COUNTIFS($C:$C,$C84,$D:$D,"P0(후)",$L:$L,">0")<>1,"",SUMIFS($H:$H,$C:$C,$C84,$D:$D,"P0(후)")) | Q84: =IF(COUNTIFS($C:$C,$C84,$D:$D,"P0(후)",$L:$L,">0")<>1,"",SUMIFS($L:$L,$C:$C,$C84,$D:$D,"P0(후)")) | R84: =IF(M84<>"OK","",O84+(Q84-O84)*(H84-N84)/(P84-N84)) | S84: =IF(OR(M84<>"OK",NOT(ISNUMBER(L84))),"",L84-R84) | T84: =IF(OR(NOT(ISNUMBER(S84)),IF(ISNUMBER(G84),G84,F84)=0),"",S84/IF(ISNUMBER(G84),G84,F84)) | U84: =IF(ISNUMBER(T84),ABS(T84),"") | V84: =IF(OR($D83<>"측정",$C83<>$C84,NOT(ISNUMBER(L84)),NOT(ISNUMBER(L83)),(IF(ISNUMBER(G84),G84,F84)-IF(ISNUMBER(G83),G83,F83))=0),"",(L84-L83)/(IF(ISNUMBER(G84),G84,F84)-IF(ISNUMBER(G83),G83,F83))) | W84: =IF(NOT(AND(ISNUMBER(N84),ISNUMBER(P84))),"",(P84-N84)*1440)
A85: S02 | B85: 임계 신규점1 | C85: S02-H남 | D85: 측정 | E85: 남 | F85: 1 | L85: =IF(COUNT(I85:K85)=0,"",MEDIAN(I85:K85)) | M85: =IF(COUNTIFS($C:$C,$C85,$D:$D,"P0(전)",$L:$L,">0")<>1,"P0(전) 유효 1개 아님",IF(COUNTIFS($C:$C,$C85,$D:$D,"P0(후)",$L:$L,">0")<>1,"P0(후) 유효 1개 아님",IF(NOT(AND(ISNUMBER(N85),ISNUMBER(P85),ISNUMBER(H85))),"시각 결측",IF(P85<=N85,"P0 시각 역전",IF(OR(H85<N85,H85>P85),"측정시각 구간 밖","OK"))))) | N85: =IF(COUNTIFS($C:$C,$C85,$D:$D,"P0(전)",$L:$L,">0")<>1,"",SUMIFS($H:$H,$C:$C,$C85,$D:$D,"P0(전)")) | O85: =IF(COUNTIFS($C:$C,$C85,$D:$D,"P0(전)",$L:$L,">0")<>1,"",SUMIFS($L:$L,$C:$C,$C85,$D:$D,"P0(전)")) | P85: =IF(COUNTIFS($C:$C,$C85,$D:$D,"P0(후)",$L:$L,">0")<>1,"",SUMIFS($H:$H,$C:$C,$C85,$D:$D,"P0(후)")) | Q85: =IF(COUNTIFS($C:$C,$C85,$D:$D,"P0(후)",$L:$L,">0")<>1,"",SUMIFS($L:$L,$C:$C,$C85,$D:$D,"P0(후)")) | R85: =IF(M85<>"OK","",O85+(Q85-O85)*(H85-N85)/(P85-N85)) | S85: =IF(OR(M85<>"OK",NOT(ISNUMBER(L85))),"",L85-R85) | T85: =IF(OR(NOT(ISNUMBER(S85)),IF(ISNUMBER(G85),G85,F85)=0),"",S85/IF(ISNUMBER(G85),G85,F85)) | U85: =IF(ISNUMBER(T85),ABS(T85),"") | V85: =IF(OR($D84<>"측정",$C84<>$C85,NOT(ISNUMBER(L85)),NOT(ISNUMBER(L84)),(IF(ISNUMBER(G85),G85,F85)-IF(ISNUMBER(G84),G84,F84))=0),"",(L85-L84)/(IF(ISNUMBER(G85),G85,F85)-IF(ISNUMBER(G84),G84,F84))) | W85: =IF(NOT(AND(ISNUMBER(N85),ISNUMBER(P85))),"",(P85-N85)*1440)
A86: S02 | B86: 임계 신규점1 | C86: S02-H남 | D86: 측정 | E86: 남 | F86: 2 | L86: =IF(COUNT(I86:K86)=0,"",MEDIAN(I86:K86)) | M86: =IF(COUNTIFS($C:$C,$C86,$D:$D,"P0(전)",$L:$L,">0")<>1,"P0(전) 유효 1개 아님",IF(COUNTIFS($C:$C,$C86,$D:$D,"P0(후)",$L:$L,">0")<>1,"P0(후) 유효 1개 아님",IF(NOT(AND(ISNUMBER(N86),ISNUMBER(P86),ISNUMBER(H86))),"시각 결측",IF(P86<=N86,"P0 시각 역전",IF(OR(H86<N86,H86>P86),"측정시각 구간 밖","OK"))))) | N86: =IF(COUNTIFS($C:$C,$C86,$D:$D,"P0(전)",$L:$L,">0")<>1,"",SUMIFS($H:$H,$C:$C,$C86,$D:$D,"P0(전)")) | O86: =IF(COUNTIFS($C:$C,$C86,$D:$D,"P0(전)",$L:$L,">0")<>1,"",SUMIFS($L:$L,$C:$C,$C86,$D:$D,"P0(전)")) | P86: =IF(COUNTIFS($C:$C,$C86,$D:$D,"P0(후)",$L:$L,">0")<>1,"",SUMIFS($H:$H,$C:$C,$C86,$D:$D,"P0(후)")) | Q86: =IF(COUNTIFS($C:$C,$C86,$D:$D,"P0(후)",$L:$L,">0")<>1,"",SUMIFS($L:$L,$C:$C,$C86,$D:$D,"P0(후)")) | R86: =IF(M86<>"OK","",O86+(Q86-O86)*(H86-N86)/(P86-N86)) | S86: =IF(OR(M86<>"OK",NOT(ISNUMBER(L86))),"",L86-R86) | T86: =IF(OR(NOT(ISNUMBER(S86)),IF(ISNUMBER(G86),G86,F86)=0),"",S86/IF(ISNUMBER(G86),G86,F86)) | U86: =IF(ISNUMBER(T86),ABS(T86),"") | V86: =IF(OR($D85<>"측정",$C85<>$C86,NOT(ISNUMBER(L86)),NOT(ISNUMBER(L85)),(IF(ISNUMBER(G86),G86,F86)-IF(ISNUMBER(G85),G85,F85))=0),"",(L86-L85)/(IF(ISNUMBER(G86),G86,F86)-IF(ISNUMBER(G85),G85,F85))) | W86: =IF(NOT(AND(ISNUMBER(N86),ISNUMBER(P86))),"",(P86-N86)*1440)
A87: S02 | B87: 임계 신규점1 | C87: S02-H남 | D87: 측정 | E87: 남 | F87: 3 | L87: =IF(COUNT(I87:K87)=0,"",MEDIAN(I87:K87)) | M87: =IF(COUNTIFS($C:$C,$C87,$D:$D,"P0(전)",$L:$L,">0")<>1,"P0(전) 유효 1개 아님",IF(COUNTIFS($C:$C,$C87,$D:$D,"P0(후)",$L:$L,">0")<>1,"P0(후) 유효 1개 아님",IF(NOT(AND(ISNUMBER(N87),ISNUMBER(P87),ISNUMBER(H87))),"시각 결측",IF(P87<=N87,"P0 시각 역전",IF(OR(H87<N87,H87>P87),"측정시각 구간 밖","OK"))))) | N87: =IF(COUNTIFS($C:$C,$C87,$D:$D,"P0(전)",$L:$L,">0")<>1,"",SUMIFS($H:$H,$C:$C,$C87,$D:$D,"P0(전)")) | O87: =IF(COUNTIFS($C:$C,$C87,$D:$D,"P0(전)",$L:$L,">0")<>1,"",SUMIFS($L:$L,$C:$C,$C87,$D:$D,"P0(전)")) | P87: =IF(COUNTIFS($C:$C,$C87,$D:$D,"P0(후)",$L:$L,">0")<>1,"",SUMIFS($H:$H,$C:$C,$C87,$D:$D,"P0(후)")) | Q87: =IF(COUNTIFS($C:$C,$C87,$D:$D,"P0(후)",$L:$L,">0")<>1,"",SUMIFS($L:$L,$C:$C,$C87,$D:$D,"P0(후)")) | R87: =IF(M87<>"OK","",O87+(Q87-O87)*(H87-N87)/(P87-N87)) | S87: =IF(OR(M87<>"OK",NOT(ISNUMBER(L87))),"",L87-R87) | T87: =IF(OR(NOT(ISNUMBER(S87)),IF(ISNUMBER(G87),G87,F87)=0),"",S87/IF(ISNUMBER(G87),G87,F87)) | U87: =IF(ISNUMBER(T87),ABS(T87),"") | V87: =IF(OR($D86<>"측정",$C86<>$C87,NOT(ISNUMBER(L87)),NOT(ISNUMBER(L86)),(IF(ISNUMBER(G87),G87,F87)-IF(ISNUMBER(G86),G86,F86))=0),"",(L87-L86)/(IF(ISNUMBER(G87),G87,F87)-IF(ISNUMBER(G86),G86,F86))) | W87: =IF(NOT(AND(ISNUMBER(N87),ISNUMBER(P87))),"",(P87-N87)*1440)
A88: S02 | B88: 임계 신규점1 | C88: S02-H남 | D88: 측정 | E88: 남 | F88: 4 | L88: =IF(COUNT(I88:K88)=0,"",MEDIAN(I88:K88)) | M88: =IF(COUNTIFS($C:$C,$C88,$D:$D,"P0(전)",$L:$L,">0")<>1,"P0(전) 유효 1개 아님",IF(COUNTIFS($C:$C,$C88,$D:$D,"P0(후)",$L:$L,">0")<>1,"P0(후) 유효 1개 아님",IF(NOT(AND(ISNUMBER(N88),ISNUMBER(P88),ISNUMBER(H88))),"시각 결측",IF(P88<=N88,"P0 시각 역전",IF(OR(H88<N88,H88>P88),"측정시각 구간 밖","OK"))))) | N88: =IF(COUNTIFS($C:$C,$C88,$D:$D,"P0(전)",$L:$L,">0")<>1,"",SUMIFS($H:$H,$C:$C,$C88,$D:$D,"P0(전)")) | O88: =IF(COUNTIFS($C:$C,$C88,$D:$D,"P0(전)",$L:$L,">0")<>1,"",SUMIFS($L:$L,$C:$C,$C88,$D:$D,"P0(전)")) | P88: =IF(COUNTIFS($C:$C,$C88,$D:$D,"P0(후)",$L:$L,">0")<>1,"",SUMIFS($H:$H,$C:$C,$C88,$D:$D,"P0(후)")) | Q88: =IF(COUNTIFS($C:$C,$C88,$D:$D,"P0(후)",$L:$L,">0")<>1,"",SUMIFS($L:$L,$C:$C,$C88,$D:$D,"P0(후)")) | R88: =IF(M88<>"OK","",O88+(Q88-O88)*(H88-N88)/(P88-N88)) | S88: =IF(OR(M88<>"OK",NOT(ISNUMBER(L88))),"",L88-R88) | T88: =IF(OR(NOT(ISNUMBER(S88)),IF(ISNUMBER(G88),G88,F88)=0),"",S88/IF(ISNUMBER(G88),G88,F88)) | U88: =IF(ISNUMBER(T88),ABS(T88),"") | V88: =IF(OR($D87<>"측정",$C87<>$C88,NOT(ISNUMBER(L88)),NOT(ISNUMBER(L87)),(IF(ISNUMBER(G88),G88,F88)-IF(ISNUMBER(G87),G87,F87))=0),"",(L88-L87)/(IF(ISNUMBER(G88),G88,F88)-IF(ISNUMBER(G87),G87,F87))) | W88: =IF(NOT(AND(ISNUMBER(N88),ISNUMBER(P88))),"",(P88-N88)*1440)
A89: S02 | B89: 임계 신규점1 | C89: S02-H남 | D89: 측정 | E89: 남 | F89: 5 | L89: =IF(COUNT(I89:K89)=0,"",MEDIAN(I89:K89)) | M89: =IF(COUNTIFS($C:$C,$C89,$D:$D,"P0(전)",$L:$L,">0")<>1,"P0(전) 유효 1개 아님",IF(COUNTIFS($C:$C,$C89,$D:$D,"P0(후)",$L:$L,">0")<>1,"P0(후) 유효 1개 아님",IF(NOT(AND(ISNUMBER(N89),ISNUMBER(P89),ISNUMBER(H89))),"시각 결측",IF(P89<=N89,"P0 시각 역전",IF(OR(H89<N89,H89>P89),"측정시각 구간 밖","OK"))))) | N89: =IF(COUNTIFS($C:$C,$C89,$D:$D,"P0(전)",$L:$L,">0")<>1,"",SUMIFS($H:$H,$C:$C,$C89,$D:$D,"P0(전)")) | O89: =IF(COUNTIFS($C:$C,$C89,$D:$D,"P0(전)",$L:$L,">0")<>1,"",SUMIFS($L:$L,$C:$C,$C89,$D:$D,"P0(전)")) | P89: =IF(COUNTIFS($C:$C,$C89,$D:$D,"P0(후)",$L:$L,">0")<>1,"",SUMIFS($H:$H,$C:$C,$C89,$D:$D,"P0(후)")) | Q89: =IF(COUNTIFS($C:$C,$C89,$D:$D,"P0(후)",$L:$L,">0")<>1,"",SUMIFS($L:$L,$C:$C,$C89,$D:$D,"P0(후)")) | R89: =IF(M89<>"OK","",O89+(Q89-O89)*(H89-N89)/(P89-N89)) | S89: =IF(OR(M89<>"OK",NOT(ISNUMBER(L89))),"",L89-R89) | T89: =IF(OR(NOT(ISNUMBER(S89)),IF(ISNUMBER(G89),G89,F89)=0),"",S89/IF(ISNUMBER(G89),G89,F89)) | U89: =IF(ISNUMBER(T89),ABS(T89),"") | V89: =IF(OR($D88<>"측정",$C88<>$C89,NOT(ISNUMBER(L89)),NOT(ISNUMBER(L88)),(IF(ISNUMBER(G89),G89,F89)-IF(ISNUMBER(G88),G88,F88))=0),"",(L89-L88)/(IF(ISNUMBER(G89),G89,F89)-IF(ISNUMBER(G88),G88,F88))) | W89: =IF(NOT(AND(ISNUMBER(N89),ISNUMBER(P89))),"",(P89-N89)*1440)
A90: S02 | B90: 임계 신규점1 | C90: S02-H남 | D90: 측정 | E90: 남 | F90: 6 | L90: =IF(COUNT(I90:K90)=0,"",MEDIAN(I90:K90)) | M90: =IF(COUNTIFS($C:$C,$C90,$D:$D,"P0(전)",$L:$L,">0")<>1,"P0(전) 유효 1개 아님",IF(COUNTIFS($C:$C,$C90,$D:$D,"P0(후)",$L:$L,">0")<>1,"P0(후) 유효 1개 아님",IF(NOT(AND(ISNUMBER(N90),ISNUMBER(P90),ISNUMBER(H90))),"시각 결측",IF(P90<=N90,"P0 시각 역전",IF(OR(H90<N90,H90>P90),"측정시각 구간 밖","OK"))))) | N90: =IF(COUNTIFS($C:$C,$C90,$D:$D,"P0(전)",$L:$L,">0")<>1,"",SUMIFS($H:$H,$C:$C,$C90,$D:$D,"P0(전)")) | O90: =IF(COUNTIFS($C:$C,$C90,$D:$D,"P0(전)",$L:$L,">0")<>1,"",SUMIFS($L:$L,$C:$C,$C90,$D:$D,"P0(전)")) | P90: =IF(COUNTIFS($C:$C,$C90,$D:$D,"P0(후)",$L:$L,">0")<>1,"",SUMIFS($H:$H,$C:$C,$C90,$D:$D,"P0(후)")) | Q90: =IF(COUNTIFS($C:$C,$C90,$D:$D,"P0(후)",$L:$L,">0")<>1,"",SUMIFS($L:$L,$C:$C,$C90,$D:$D,"P0(후)")) | R90: =IF(M90<>"OK","",O90+(Q90-O90)*(H90-N90)/(P90-N90)) | S90: =IF(OR(M90<>"OK",NOT(ISNUMBER(L90))),"",L90-R90) | T90: =IF(OR(NOT(ISNUMBER(S90)),IF(ISNUMBER(G90),G90,F90)=0),"",S90/IF(ISNUMBER(G90),G90,F90)) | U90: =IF(ISNUMBER(T90),ABS(T90),"") | V90: =IF(OR($D89<>"측정",$C89<>$C90,NOT(ISNUMBER(L90)),NOT(ISNUMBER(L89)),(IF(ISNUMBER(G90),G90,F90)-IF(ISNUMBER(G89),G89,F89))=0),"",(L90-L89)/(IF(ISNUMBER(G90),G90,F90)-IF(ISNUMBER(G89),G89,F89))) | W90: =IF(NOT(AND(ISNUMBER(N90),ISNUMBER(P90))),"",(P90-N90)*1440)
A91: S02 | B91: 임계 신규점1 | C91: S02-H남 | D91: 측정 | E91: 남 | F91: 7 | L91: =IF(COUNT(I91:K91)=0,"",MEDIAN(I91:K91)) | M91: =IF(COUNTIFS($C:$C,$C91,$D:$D,"P0(전)",$L:$L,">0")<>1,"P0(전) 유효 1개 아님",IF(COUNTIFS($C:$C,$C91,$D:$D,"P0(후)",$L:$L,">0")<>1,"P0(후) 유효 1개 아님",IF(NOT(AND(ISNUMBER(N91),ISNUMBER(P91),ISNUMBER(H91))),"시각 결측",IF(P91<=N91,"P0 시각 역전",IF(OR(H91<N91,H91>P91),"측정시각 구간 밖","OK"))))) | N91: =IF(COUNTIFS($C:$C,$C91,$D:$D,"P0(전)",$L:$L,">0")<>1,"",SUMIFS($H:$H,$C:$C,$C91,$D:$D,"P0(전)")) | O91: =IF(COUNTIFS($C:$C,$C91,$D:$D,"P0(전)",$L:$L,">0")<>1,"",SUMIFS($L:$L,$C:$C,$C91,$D:$D,"P0(전)")) | P91: =IF(COUNTIFS($C:$C,$C91,$D:$D,"P0(후)",$L:$L,">0")<>1,"",SUMIFS($H:$H,$C:$C,$C91,$D:$D,"P0(후)")) | Q91: =IF(COUNTIFS($C:$C,$C91,$D:$D,"P0(후)",$L:$L,">0")<>1,"",SUMIFS($L:$L,$C:$C,$C91,$D:$D,"P0(후)")) | R91: =IF(M91<>"OK","",O91+(Q91-O91)*(H91-N91)/(P91-N91)) | S91: =IF(OR(M91<>"OK",NOT(ISNUMBER(L91))),"",L91-R91) | T91: =IF(OR(NOT(ISNUMBER(S91)),IF(ISNUMBER(G91),G91,F91)=0),"",S91/IF(ISNUMBER(G91),G91,F91)) | U91: =IF(ISNUMBER(T91),ABS(T91),"") | V91: =IF(OR($D90<>"측정",$C90<>$C91,NOT(ISNUMBER(L91)),NOT(ISNUMBER(L90)),(IF(ISNUMBER(G91),G91,F91)-IF(ISNUMBER(G90),G90,F90))=0),"",(L91-L90)/(IF(ISNUMBER(G91),G91,F91)-IF(ISNUMBER(G90),G90,F90))) | W91: =IF(NOT(AND(ISNUMBER(N91),ISNUMBER(P91))),"",(P91-N91)*1440)
A92: S02 | B92: 임계 신규점1 | C92: S02-H남 | D92: 측정 | E92: 남 | F92: 8 | L92: =IF(COUNT(I92:K92)=0,"",MEDIAN(I92:K92)) | M92: =IF(COUNTIFS($C:$C,$C92,$D:$D,"P0(전)",$L:$L,">0")<>1,"P0(전) 유효 1개 아님",IF(COUNTIFS($C:$C,$C92,$D:$D,"P0(후)",$L:$L,">0")<>1,"P0(후) 유효 1개 아님",IF(NOT(AND(ISNUMBER(N92),ISNUMBER(P92),ISNUMBER(H92))),"시각 결측",IF(P92<=N92,"P0 시각 역전",IF(OR(H92<N92,H92>P92),"측정시각 구간 밖","OK"))))) | N92: =IF(COUNTIFS($C:$C,$C92,$D:$D,"P0(전)",$L:$L,">0")<>1,"",SUMIFS($H:$H,$C:$C,$C92,$D:$D,"P0(전)")) | O92: =IF(COUNTIFS($C:$C,$C92,$D:$D,"P0(전)",$L:$L,">0")<>1,"",SUMIFS($L:$L,$C:$C,$C92,$D:$D,"P0(전)")) | P92: =IF(COUNTIFS($C:$C,$C92,$D:$D,"P0(후)",$L:$L,">0")<>1,"",SUMIFS($H:$H,$C:$C,$C92,$D:$D,"P0(후)")) | Q92: =IF(COUNTIFS($C:$C,$C92,$D:$D,"P0(후)",$L:$L,">0")<>1,"",SUMIFS($L:$L,$C:$C,$C92,$D:$D,"P0(후)")) | R92: =IF(M92<>"OK","",O92+(Q92-O92)*(H92-N92)/(P92-N92)) | S92: =IF(OR(M92<>"OK",NOT(ISNUMBER(L92))),"",L92-R92) | T92: =IF(OR(NOT(ISNUMBER(S92)),IF(ISNUMBER(G92),G92,F92)=0),"",S92/IF(ISNUMBER(G92),G92,F92)) | U92: =IF(ISNUMBER(T92),ABS(T92),"") | V92: =IF(OR($D91<>"측정",$C91<>$C92,NOT(ISNUMBER(L92)),NOT(ISNUMBER(L91)),(IF(ISNUMBER(G92),G92,F92)-IF(ISNUMBER(G91),G91,F91))=0),"",(L92-L91)/(IF(ISNUMBER(G92),G92,F92)-IF(ISNUMBER(G91),G91,F91))) | W92: =IF(NOT(AND(ISNUMBER(N92),ISNUMBER(P92))),"",(P92-N92)*1440)
A93: S02 | B93: 임계 신규점1 | C93: S02-H남 | D93: 측정 | E93: 남 | F93: 9 | L93: =IF(COUNT(I93:K93)=0,"",MEDIAN(I93:K93)) | M93: =IF(COUNTIFS($C:$C,$C93,$D:$D,"P0(전)",$L:$L,">0")<>1,"P0(전) 유효 1개 아님",IF(COUNTIFS($C:$C,$C93,$D:$D,"P0(후)",$L:$L,">0")<>1,"P0(후) 유효 1개 아님",IF(NOT(AND(ISNUMBER(N93),ISNUMBER(P93),ISNUMBER(H93))),"시각 결측",IF(P93<=N93,"P0 시각 역전",IF(OR(H93<N93,H93>P93),"측정시각 구간 밖","OK"))))) | N93: =IF(COUNTIFS($C:$C,$C93,$D:$D,"P0(전)",$L:$L,">0")<>1,"",SUMIFS($H:$H,$C:$C,$C93,$D:$D,"P0(전)")) | O93: =IF(COUNTIFS($C:$C,$C93,$D:$D,"P0(전)",$L:$L,">0")<>1,"",SUMIFS($L:$L,$C:$C,$C93,$D:$D,"P0(전)")) | P93: =IF(COUNTIFS($C:$C,$C93,$D:$D,"P0(후)",$L:$L,">0")<>1,"",SUMIFS($H:$H,$C:$C,$C93,$D:$D,"P0(후)")) | Q93: =IF(COUNTIFS($C:$C,$C93,$D:$D,"P0(후)",$L:$L,">0")<>1,"",SUMIFS($L:$L,$C:$C,$C93,$D:$D,"P0(후)")) | R93: =IF(M93<>"OK","",O93+(Q93-O93)*(H93-N93)/(P93-N93)) | S93: =IF(OR(M93<>"OK",NOT(ISNUMBER(L93))),"",L93-R93) | T93: =IF(OR(NOT(ISNUMBER(S93)),IF(ISNUMBER(G93),G93,F93)=0),"",S93/IF(ISNUMBER(G93),G93,F93)) | U93: =IF(ISNUMBER(T93),ABS(T93),"") | V93: =IF(OR($D92<>"측정",$C92<>$C93,NOT(ISNUMBER(L93)),NOT(ISNUMBER(L92)),(IF(ISNUMBER(G93),G93,F93)-IF(ISNUMBER(G92),G92,F92))=0),"",(L93-L92)/(IF(ISNUMBER(G93),G93,F93)-IF(ISNUMBER(G92),G92,F92))) | W93: =IF(NOT(AND(ISNUMBER(N93),ISNUMBER(P93))),"",(P93-N93)*1440)
A94: S02 | B94: 임계 신규점1 | C94: S02-H남 | D94: 측정 | E94: 남 | F94: 10 | L94: =IF(COUNT(I94:K94)=0,"",MEDIAN(I94:K94)) | M94: =IF(COUNTIFS($C:$C,$C94,$D:$D,"P0(전)",$L:$L,">0")<>1,"P0(전) 유효 1개 아님",IF(COUNTIFS($C:$C,$C94,$D:$D,"P0(후)",$L:$L,">0")<>1,"P0(후) 유효 1개 아님",IF(NOT(AND(ISNUMBER(N94),ISNUMBER(P94),ISNUMBER(H94))),"시각 결측",IF(P94<=N94,"P0 시각 역전",IF(OR(H94<N94,H94>P94),"측정시각 구간 밖","OK"))))) | N94: =IF(COUNTIFS($C:$C,$C94,$D:$D,"P0(전)",$L:$L,">0")<>1,"",SUMIFS($H:$H,$C:$C,$C94,$D:$D,"P0(전)")) | O94: =IF(COUNTIFS($C:$C,$C94,$D:$D,"P0(전)",$L:$L,">0")<>1,"",SUMIFS($L:$L,$C:$C,$C94,$D:$D,"P0(전)")) | P94: =IF(COUNTIFS($C:$C,$C94,$D:$D,"P0(후)",$L:$L,">0")<>1,"",SUMIFS($H:$H,$C:$C,$C94,$D:$D,"P0(후)")) | Q94: =IF(COUNTIFS($C:$C,$C94,$D:$D,"P0(후)",$L:$L,">0")<>1,"",SUMIFS($L:$L,$C:$C,$C94,$D:$D,"P0(후)")) | R94: =IF(M94<>"OK","",O94+(Q94-O94)*(H94-N94)/(P94-N94)) | S94: =IF(OR(M94<>"OK",NOT(ISNUMBER(L94))),"",L94-R94) | T94: =IF(OR(NOT(ISNUMBER(S94)),IF(ISNUMBER(G94),G94,F94)=0),"",S94/IF(ISNUMBER(G94),G94,F94)) | U94: =IF(ISNUMBER(T94),ABS(T94),"") | V94: =IF(OR($D93<>"측정",$C93<>$C94,NOT(ISNUMBER(L94)),NOT(ISNUMBER(L93)),(IF(ISNUMBER(G94),G94,F94)-IF(ISNUMBER(G93),G93,F93))=0),"",(L94-L93)/(IF(ISNUMBER(G94),G94,F94)-IF(ISNUMBER(G93),G93,F93))) | W94: =IF(NOT(AND(ISNUMBER(N94),ISNUMBER(P94))),"",(P94-N94)*1440)
A95: S02 | B95: 임계 신규점1 | C95: S02-H남 | D95: P0(후) | E95: 남 | L95: =IF(COUNT(I95:K95)=0,"",MEDIAN(I95:K95))
A96: S02 | B96: 임계 신규점1 | C96: S02-H북 | D96: P0(전) | E96: 북 | L96: =IF(COUNT(I96:K96)=0,"",MEDIAN(I96:K96))
A97: S02 | B97: 임계 신규점1 | C97: S02-H북 | D97: 측정 | E97: 북 | F97: 0.5 | L97: =IF(COUNT(I97:K97)=0,"",MEDIAN(I97:K97)) | M97: =IF(COUNTIFS($C:$C,$C97,$D:$D,"P0(전)",$L:$L,">0")<>1,"P0(전) 유효 1개 아님",IF(COUNTIFS($C:$C,$C97,$D:$D,"P0(후)",$L:$L,">0")<>1,"P0(후) 유효 1개 아님",IF(NOT(AND(ISNUMBER(N97),ISNUMBER(P97),ISNUMBER(H97))),"시각 결측",IF(P97<=N97,"P0 시각 역전",IF(OR(H97<N97,H97>P97),"측정시각 구간 밖","OK"))))) | N97: =IF(COUNTIFS($C:$C,$C97,$D:$D,"P0(전)",$L:$L,">0")<>1,"",SUMIFS($H:$H,$C:$C,$C97,$D:$D,"P0(전)")) | O97: =IF(COUNTIFS($C:$C,$C97,$D:$D,"P0(전)",$L:$L,">0")<>1,"",SUMIFS($L:$L,$C:$C,$C97,$D:$D,"P0(전)")) | P97: =IF(COUNTIFS($C:$C,$C97,$D:$D,"P0(후)",$L:$L,">0")<>1,"",SUMIFS($H:$H,$C:$C,$C97,$D:$D,"P0(후)")) | Q97: =IF(COUNTIFS($C:$C,$C97,$D:$D,"P0(후)",$L:$L,">0")<>1,"",SUMIFS($L:$L,$C:$C,$C97,$D:$D,"P0(후)")) | R97: =IF(M97<>"OK","",O97+(Q97-O97)*(H97-N97)/(P97-N97)) | S97: =IF(OR(M97<>"OK",NOT(ISNUMBER(L97))),"",L97-R97) | T97: =IF(OR(NOT(ISNUMBER(S97)),IF(ISNUMBER(G97),G97,F97)=0),"",S97/IF(ISNUMBER(G97),G97,F97)) | U97: =IF(ISNUMBER(T97),ABS(T97),"") | V97: =IF(OR($D96<>"측정",$C96<>$C97,NOT(ISNUMBER(L97)),NOT(ISNUMBER(L96)),(IF(ISNUMBER(G97),G97,F97)-IF(ISNUMBER(G96),G96,F96))=0),"",(L97-L96)/(IF(ISNUMBER(G97),G97,F97)-IF(ISNUMBER(G96),G96,F96))) | W97: =IF(NOT(AND(ISNUMBER(N97),ISNUMBER(P97))),"",(P97-N97)*1440)
A98: S02 | B98: 임계 신규점1 | C98: S02-H북 | D98: 측정 | E98: 북 | F98: 1 | L98: =IF(COUNT(I98:K98)=0,"",MEDIAN(I98:K98)) | M98: =IF(COUNTIFS($C:$C,$C98,$D:$D,"P0(전)",$L:$L,">0")<>1,"P0(전) 유효 1개 아님",IF(COUNTIFS($C:$C,$C98,$D:$D,"P0(후)",$L:$L,">0")<>1,"P0(후) 유효 1개 아님",IF(NOT(AND(ISNUMBER(N98),ISNUMBER(P98),ISNUMBER(H98))),"시각 결측",IF(P98<=N98,"P0 시각 역전",IF(OR(H98<N98,H98>P98),"측정시각 구간 밖","OK"))))) | N98: =IF(COUNTIFS($C:$C,$C98,$D:$D,"P0(전)",$L:$L,">0")<>1,"",SUMIFS($H:$H,$C:$C,$C98,$D:$D,"P0(전)")) | O98: =IF(COUNTIFS($C:$C,$C98,$D:$D,"P0(전)",$L:$L,">0")<>1,"",SUMIFS($L:$L,$C:$C,$C98,$D:$D,"P0(전)")) | P98: =IF(COUNTIFS($C:$C,$C98,$D:$D,"P0(후)",$L:$L,">0")<>1,"",SUMIFS($H:$H,$C:$C,$C98,$D:$D,"P0(후)")) | Q98: =IF(COUNTIFS($C:$C,$C98,$D:$D,"P0(후)",$L:$L,">0")<>1,"",SUMIFS($L:$L,$C:$C,$C98,$D:$D,"P0(후)")) | R98: =IF(M98<>"OK","",O98+(Q98-O98)*(H98-N98)/(P98-N98)) | S98: =IF(OR(M98<>"OK",NOT(ISNUMBER(L98))),"",L98-R98) | T98: =IF(OR(NOT(ISNUMBER(S98)),IF(ISNUMBER(G98),G98,F98)=0),"",S98/IF(ISNUMBER(G98),G98,F98)) | U98: =IF(ISNUMBER(T98),ABS(T98),"") | V98: =IF(OR($D97<>"측정",$C97<>$C98,NOT(ISNUMBER(L98)),NOT(ISNUMBER(L97)),(IF(ISNUMBER(G98),G98,F98)-IF(ISNUMBER(G97),G97,F97))=0),"",(L98-L97)/(IF(ISNUMBER(G98),G98,F98)-IF(ISNUMBER(G97),G97,F97))) | W98: =IF(NOT(AND(ISNUMBER(N98),ISNUMBER(P98))),"",(P98-N98)*1440)
A99: S02 | B99: 임계 신규점1 | C99: S02-H북 | D99: 측정 | E99: 북 | F99: 2 | L99: =IF(COUNT(I99:K99)=0,"",MEDIAN(I99:K99)) | M99: =IF(COUNTIFS($C:$C,$C99,$D:$D,"P0(전)",$L:$L,">0")<>1,"P0(전) 유효 1개 아님",IF(COUNTIFS($C:$C,$C99,$D:$D,"P0(후)",$L:$L,">0")<>1,"P0(후) 유효 1개 아님",IF(NOT(AND(ISNUMBER(N99),ISNUMBER(P99),ISNUMBER(H99))),"시각 결측",IF(P99<=N99,"P0 시각 역전",IF(OR(H99<N99,H99>P99),"측정시각 구간 밖","OK"))))) | N99: =IF(COUNTIFS($C:$C,$C99,$D:$D,"P0(전)",$L:$L,">0")<>1,"",SUMIFS($H:$H,$C:$C,$C99,$D:$D,"P0(전)")) | O99: =IF(COUNTIFS($C:$C,$C99,$D:$D,"P0(전)",$L:$L,">0")<>1,"",SUMIFS($L:$L,$C:$C,$C99,$D:$D,"P0(전)")) | P99: =IF(COUNTIFS($C:$C,$C99,$D:$D,"P0(후)",$L:$L,">0")<>1,"",SUMIFS($H:$H,$C:$C,$C99,$D:$D,"P0(후)")) | Q99: =IF(COUNTIFS($C:$C,$C99,$D:$D,"P0(후)",$L:$L,">0")<>1,"",SUMIFS($L:$L,$C:$C,$C99,$D:$D,"P0(후)")) | R99: =IF(M99<>"OK","",O99+(Q99-O99)*(H99-N99)/(P99-N99)) | S99: =IF(OR(M99<>"OK",NOT(ISNUMBER(L99))),"",L99-R99) | T99: =IF(OR(NOT(ISNUMBER(S99)),IF(ISNUMBER(G99),G99,F99)=0),"",S99/IF(ISNUMBER(G99),G99,F99)) | U99: =IF(ISNUMBER(T99),ABS(T99),"") | V99: =IF(OR($D98<>"측정",$C98<>$C99,NOT(ISNUMBER(L99)),NOT(ISNUMBER(L98)),(IF(ISNUMBER(G99),G99,F99)-IF(ISNUMBER(G98),G98,F98))=0),"",(L99-L98)/(IF(ISNUMBER(G99),G99,F99)-IF(ISNUMBER(G98),G98,F98))) | W99: =IF(NOT(AND(ISNUMBER(N99),ISNUMBER(P99))),"",(P99-N99)*1440)
A100: S02 | B100: 임계 신규점1 | C100: S02-H북 | D100: 측정 | E100: 북 | F100: 3 | L100: =IF(COUNT(I100:K100)=0,"",MEDIAN(I100:K100)) | M100: =IF(COUNTIFS($C:$C,$C100,$D:$D,"P0(전)",$L:$L,">0")<>1,"P0(전) 유효 1개 아님",IF(COUNTIFS($C:$C,$C100,$D:$D,"P0(후)",$L:$L,">0")<>1,"P0(후) 유효 1개 아님",IF(NOT(AND(ISNUMBER(N100),ISNUMBER(P100),ISNUMBER(H100))),"시각 결측",IF(P100<=N100,"P0 시각 역전",IF(OR(H100<N100,H100>P100),"측정시각 구간 밖","OK"))))) | N100: =IF(COUNTIFS($C:$C,$C100,$D:$D,"P0(전)",$L:$L,">0")<>1,"",SUMIFS($H:$H,$C:$C,$C100,$D:$D,"P0(전)")) | O100: =IF(COUNTIFS($C:$C,$C100,$D:$D,"P0(전)",$L:$L,">0")<>1,"",SUMIFS($L:$L,$C:$C,$C100,$D:$D,"P0(전)")) | P100: =IF(COUNTIFS($C:$C,$C100,$D:$D,"P0(후)",$L:$L,">0")<>1,"",SUMIFS($H:$H,$C:$C,$C100,$D:$D,"P0(후)")) | Q100: =IF(COUNTIFS($C:$C,$C100,$D:$D,"P0(후)",$L:$L,">0")<>1,"",SUMIFS($L:$L,$C:$C,$C100,$D:$D,"P0(후)")) | R100: =IF(M100<>"OK","",O100+(Q100-O100)*(H100-N100)/(P100-N100)) | S100: =IF(OR(M100<>"OK",NOT(ISNUMBER(L100))),"",L100-R100) | T100: =IF(OR(NOT(ISNUMBER(S100)),IF(ISNUMBER(G100),G100,F100)=0),"",S100/IF(ISNUMBER(G100),G100,F100)) | U100: =IF(ISNUMBER(T100),ABS(T100),"") | V100: =IF(OR($D99<>"측정",$C99<>$C100,NOT(ISNUMBER(L100)),NOT(ISNUMBER(L99)),(IF(ISNUMBER(G100),G100,F100)-IF(ISNUMBER(G99),G99,F99))=0),"",(L100-L99)/(IF(ISNUMBER(G100),G100,F100)-IF(ISNUMBER(G99),G99,F99))) | W100: =IF(NOT(AND(ISNUMBER(N100),ISNUMBER(P100))),"",(P100-N100)*1440)
...

Sheet ⑩ 수직 자기구배
A1: 수직 자기구배 — 중심점(P0) 높이별 측정
A2: 중심점에서 지상 20~200 cm 를 20 cm 간격으로 순차 측정한다(Guide for Magnetic Repeat Station Surveys §4.2 (IAGA, 1996)). 기준높이에서 전·후 반복관측해 시간변화를 뺀다.
A3: ⚠ 유럽 권고는 「수직 자기구배 점검」을 요구하나 **정량 임계를 제시하지 않았다.** 따라서 이 시트는 자동 판정에 쓰지 않고 기술지표(보정 F 프로파일·전 구간 범위·인접 높이 변화·비선형성)만 낸다. 실제 센서 «중심»높이와 측정기준면을 반드시 적을 것 — 목표 높이만으로는 재현되지 않는다.
A4: Site ID | B4: 지점명 | C4: Set ID | D4: 구분 | E4: 명목 높이(cm) | F4: 실제 센서 중심높이(cm) | G4: 측정 기준면 | H4: 측정 시각(KST) | I4: F 판독1(nT) | J4: F 판독2 | K4: F 판독3 | L4: 중앙값 계산 | M4: Set 검증 계산 | N4: 기준(전) 시각 계산 | O4: 기준(전) F 계산 | P4: 기준(후) 시각 계산 | Q4: 기준(후) F 계산 | R4: 기준 추정값 계산 | S4: ΔF(nT) 계산 | T4: 인접높이 변화율 (nT/m) 계산 | U4: 기기번호 | V4: Set 상태 | W4: 상태·비고
A5: S01 | B5: 태백 신규점 | C5: S01-V | D5: 기준(전) | L5: =IF(COUNT(I5:K5)=0,"",MEDIAN(I5:K5))
A6: S01 | B6: 태백 신규점 | C6: S01-V | D6: 측정 | E6: 20 | L6: =IF(COUNT(I6:K6)=0,"",MEDIAN(I6:K6)) | M6: =IF(COUNTIFS($C:$C,$C6,$D:$D,"기준(전)",$L:$L,">0")<>1,"기준(전) 유효 1개 아님",IF(COUNTIFS($C:$C,$C6,$D:$D,"기준(후)",$L:$L,">0")<>1,"기준(후) 유효 1개 아님",IF(NOT(AND(ISNUMBER(N6),ISNUMBER(P6),ISNUMBER(H6))),"시각 결측",IF(P6<=N6,"기준 시각 역전",IF(OR(H6<N6,H6>P6),"측정시각 구간 밖","OK"))))) | N6: =IF(COUNTIFS($C:$C,$C6,$D:$D,"기준(전)",$L:$L,">0")<>1,"",SUMIFS($H:$H,$C:$C,$C6,$D:$D,"기준(전)")) | O6: =IF(COUNTIFS($C:$C,$C6,$D:$D,"기준(전)",$L:$L,">0")<>1,"",SUMIFS($L:$L,$C:$C,$C6,$D:$D,"기준(전)")) | P6: =IF(COUNTIFS($C:$C,$C6,$D:$D,"기준(후)",$L:$L,">0")<>1,"",SUMIFS($H:$H,$C:$C,$C6,$D:$D,"기준(후)")) | Q6: =IF(COUNTIFS($C:$C,$C6,$D:$D,"기준(후)",$L:$L,">0")<>1,"",SUMIFS($L:$L,$C:$C,$C6,$D:$D,"기준(후)")) | R6: =IF(M6<>"OK","",O6+(Q6-O6)*(H6-N6)/(P6-N6)) | S6: =IF(OR(M6<>"OK",NOT(ISNUMBER(L6))),"",L6-R6) | T6: =IF(OR($D5<>"측정",$C5<>$C6,NOT(ISNUMBER(L6)),NOT(ISNUMBER(L5)),(IF(ISNUMBER(F6),F6,E6)-IF(ISNUMBER(F5),F5,E5))=0),"",(L6-L5)/((IF(ISNUMBER(F6),F6,E6)-IF(ISNUMBER(F5),F5,E5))/100))
A7: S01 | B7: 태백 신규점 | C7: S01-V | D7: 측정 | E7: 40 | L7: =IF(COUNT(I7:K7)=0,"",MEDIAN(I7:K7)) | M7: =IF(COUNTIFS($C:$C,$C7,$D:$D,"기준(전)",$L:$L,">0")<>1,"기준(전) 유효 1개 아님",IF(COUNTIFS($C:$C,$C7,$D:$D,"기준(후)",$L:$L,">0")<>1,"기준(후) 유효 1개 아님",IF(NOT(AND(ISNUMBER(N7),ISNUMBER(P7),ISNUMBER(H7))),"시각 결측",IF(P7<=N7,"기준 시각 역전",IF(OR(H7<N7,H7>P7),"측정시각 구간 밖","OK"))))) | N7: =IF(COUNTIFS($C:$C,$C7,$D:$D,"기준(전)",$L:$L,">0")<>1,"",SUMIFS($H:$H,$C:$C,$C7,$D:$D,"기준(전)")) | O7: =IF(COUNTIFS($C:$C,$C7,$D:$D,"기준(전)",$L:$L,">0")<>1,"",SUMIFS($L:$L,$C:$C,$C7,$D:$D,"기준(전)")) | P7: =IF(COUNTIFS($C:$C,$C7,$D:$D,"기준(후)",$L:$L,">0")<>1,"",SUMIFS($H:$H,$C:$C,$C7,$D:$D,"기준(후)")) | Q7: =IF(COUNTIFS($C:$C,$C7,$D:$D,"기준(후)",$L:$L,">0")<>1,"",SUMIFS($L:$L,$C:$C,$C7,$D:$D,"기준(후)")) | R7: =IF(M7<>"OK","",O7+(Q7-O7)*(H7-N7)/(P7-N7)) | S7: =IF(OR(M7<>"OK",NOT(ISNUMBER(L7))),"",L7-R7) | T7: =IF(OR($D6<>"측정",$C6<>$C7,NOT(ISNUMBER(L7)),NOT(ISNUMBER(L6)),(IF(ISNUMBER(F7),F7,E7)-IF(ISNUMBER(F6),F6,E6))=0),"",(L7-L6)/((IF(ISNUMBER(F7),F7,E7)-IF(ISNUMBER(F6),F6,E6))/100))
A8: S01 | B8: 태백 신규점 | C8: S01-V | D8: 측정 | E8: 60 | L8: =IF(COUNT(I8:K8)=0,"",MEDIAN(I8:K8)) | M8: =IF(COUNTIFS($C:$C,$C8,$D:$D,"기준(전)",$L:$L,">0")<>1,"기준(전) 유효 1개 아님",IF(COUNTIFS($C:$C,$C8,$D:$D,"기준(후)",$L:$L,">0")<>1,"기준(후) 유효 1개 아님",IF(NOT(AND(ISNUMBER(N8),ISNUMBER(P8),ISNUMBER(H8))),"시각 결측",IF(P8<=N8,"기준 시각 역전",IF(OR(H8<N8,H8>P8),"측정시각 구간 밖","OK"))))) | N8: =IF(COUNTIFS($C:$C,$C8,$D:$D,"기준(전)",$L:$L,">0")<>1,"",SUMIFS($H:$H,$C:$C,$C8,$D:$D,"기준(전)")) | O8: =IF(COUNTIFS($C:$C,$C8,$D:$D,"기준(전)",$L:$L,">0")<>1,"",SUMIFS($L:$L,$C:$C,$C8,$D:$D,"기준(전)")) | P8: =IF(COUNTIFS($C:$C,$C8,$D:$D,"기준(후)",$L:$L,">0")<>1,"",SUMIFS($H:$H,$C:$C,$C8,$D:$D,"기준(후)")) | Q8: =IF(COUNTIFS($C:$C,$C8,$D:$D,"기준(후)",$L:$L,">0")<>1,"",SUMIFS($L:$L,$C:$C,$C8,$D:$D,"기준(후)")) | R8: =IF(M8<>"OK","",O8+(Q8-O8)*(H8-N8)/(P8-N8)) | S8: =IF(OR(M8<>"OK",NOT(ISNUMBER(L8))),"",L8-R8) | T8: =IF(OR($D7<>"측정",$C7<>$C8,NOT(ISNUMBER(L8)),NOT(ISNUMBER(L7)),(IF(ISNUMBER(F8),F8,E8)-IF(ISNUMBER(F7),F7,E7))=0),"",(L8-L7)/((IF(ISNUMBER(F8),F8,E8)-IF(ISNUMBER(F7),F7,E7))/100))
A9: S01 | B9: 태백 신규점 | C9: S01-V | D9: 측정 | E9: 80 | L9: =IF(COUNT(I9:K9)=0,"",MEDIAN(I9:K9)) | M9: =IF(COUNTIFS($C:$C,$C9,$D:$D,"기준(전)",$L:$L,">0")<>1,"기준(전) 유효 1개 아님",IF(COUNTIFS($C:$C,$C9,$D:$D,"기준(후)",$L:$L,">0")<>1,"기준(후) 유효 1개 아님",IF(NOT(AND(ISNUMBER(N9),ISNUMBER(P9),ISNUMBER(H9))),"시각 결측",IF(P9<=N9,"기준 시각 역전",IF(OR(H9<N9,H9>P9),"측정시각 구간 밖","OK"))))) | N9: =IF(COUNTIFS($C:$C,$C9,$D:$D,"기준(전)",$L:$L,">0")<>1,"",SUMIFS($H:$H,$C:$C,$C9,$D:$D,"기준(전)")) | O9: =IF(COUNTIFS($C:$C,$C9,$D:$D,"기준(전)",$L:$L,">0")<>1,"",SUMIFS($L:$L,$C:$C,$C9,$D:$D,"기준(전)")) | P9: =IF(COUNTIFS($C:$C,$C9,$D:$D,"기준(후)",$L:$L,">0")<>1,"",SUMIFS($H:$H,$C:$C,$C9,$D:$D,"기준(후)")) | Q9: =IF(COUNTIFS($C:$C,$C9,$D:$D,"기준(후)",$L:$L,">0")<>1,"",SUMIFS($L:$L,$C:$C,$C9,$D:$D,"기준(후)")) | R9: =IF(M9<>"OK","",O9+(Q9-O9)*(H9-N9)/(P9-N9)) | S9: =IF(OR(M9<>"OK",NOT(ISNUMBER(L9))),"",L9-R9) | T9: =IF(OR($D8<>"측정",$C8<>$C9,NOT(ISNUMBER(L9)),NOT(ISNUMBER(L8)),(IF(ISNUMBER(F9),F9,E9)-IF(ISNUMBER(F8),F8,E8))=0),"",(L9-L8)/((IF(ISNUMBER(F9),F9,E9)-IF(ISNUMBER(F8),F8,E8))/100))
A10: S01 | B10: 태백 신규점 | C10: S01-V | D10: 측정 | E10: 100 | L10: =IF(COUNT(I10:K10)=0,"",MEDIAN(I10:K10)) | M10: =IF(COUNTIFS($C:$C,$C10,$D:$D,"기준(전)",$L:$L,">0")<>1,"기준(전) 유효 1개 아님",IF(COUNTIFS($C:$C,$C10,$D:$D,"기준(후)",$L:$L,">0")<>1,"기준(후) 유효 1개 아님",IF(NOT(AND(ISNUMBER(N10),ISNUMBER(P10),ISNUMBER(H10))),"시각 결측",IF(P10<=N10,"기준 시각 역전",IF(OR(H10<N10,H10>P10),"측정시각 구간 밖","OK"))))) | N10: =IF(COUNTIFS($C:$C,$C10,$D:$D,"기준(전)",$L:$L,">0")<>1,"",SUMIFS($H:$H,$C:$C,$C10,$D:$D,"기준(전)")) | O10: =IF(COUNTIFS($C:$C,$C10,$D:$D,"기준(전)",$L:$L,">0")<>1,"",SUMIFS($L:$L,$C:$C,$C10,$D:$D,"기준(전)")) | P10: =IF(COUNTIFS($C:$C,$C10,$D:$D,"기준(후)",$L:$L,">0")<>1,"",SUMIFS($H:$H,$C:$C,$C10,$D:$D,"기준(후)")) | Q10: =IF(COUNTIFS($C:$C,$C10,$D:$D,"기준(후)",$L:$L,">0")<>1,"",SUMIFS($L:$L,$C:$C,$C10,$D:$D,"기준(후)")) | R10: =IF(M10<>"OK","",O10+(Q10-O10)*(H10-N10)/(P10-N10)) | S10: =IF(OR(M10<>"OK",NOT(ISNUMBER(L10))),"",L10-R10) | T10: =IF(OR($D9<>"측정",$C9<>$C10,NOT(ISNUMBER(L10)),NOT(ISNUMBER(L9)),(IF(ISNUMBER(F10),F10,E10)-IF(ISNUMBER(F9),F9,E9))=0),"",(L10-L9)/((IF(ISNUMBER(F10),F10,E10)-IF(ISNUMBER(F9),F9,E9))/100))
A11: S01 | B11: 태백 신규점 | C11: S01-V | D11: 측정 | E11: 120 | L11: =IF(COUNT(I11:K11)=0,"",MEDIAN(I11:K11)) | M11: =IF(COUNTIFS($C:$C,$C11,$D:$D,"기준(전)",$L:$L,">0")<>1,"기준(전) 유효 1개 아님",IF(COUNTIFS($C:$C,$C11,$D:$D,"기준(후)",$L:$L,">0")<>1,"기준(후) 유효 1개 아님",IF(NOT(AND(ISNUMBER(N11),ISNUMBER(P11),ISNUMBER(H11))),"시각 결측",IF(P11<=N11,"기준 시각 역전",IF(OR(H11<N11,H11>P11),"측정시각 구간 밖","OK"))))) | N11: =IF(COUNTIFS($C:$C,$C11,$D:$D,"기준(전)",$L:$L,">0")<>1,"",SUMIFS($H:$H,$C:$C,$C11,$D:$D,"기준(전)")) | O11: =IF(COUNTIFS($C:$C,$C11,$D:$D,"기준(전)",$L:$L,">0")<>1,"",SUMIFS($L:$L,$C:$C,$C11,$D:$D,"기준(전)")) | P11: =IF(COUNTIFS($C:$C,$C11,$D:$D,"기준(후)",$L:$L,">0")<>1,"",SUMIFS($H:$H,$C:$C,$C11,$D:$D,"기준(후)")) | Q11: =IF(COUNTIFS($C:$C,$C11,$D:$D,"기준(후)",$L:$L,">0")<>1,"",SUMIFS($L:$L,$C:$C,$C11,$D:$D,"기준(후)")) | R11: =IF(M11<>"OK","",O11+(Q11-O11)*(H11-N11)/(P11-N11)) | S11: =IF(OR(M11<>"OK",NOT(ISNUMBER(L11))),"",L11-R11) | T11: =IF(OR($D10<>"측정",$C10<>$C11,NOT(ISNUMBER(L11)),NOT(ISNUMBER(L10)),(IF(ISNUMBER(F11),F11,E11)-IF(ISNUMBER(F10),F10,E10))=0),"",(L11-L10)/((IF(ISNUMBER(F11),F11,E11)-IF(ISNUMBER(F10),F10,E10))/100))
A12: S01 | B12: 태백 신규점 | C12: S01-V | D12: 측정 | E12: 140 | L12: =IF(COUNT(I12:K12)=0,"",MEDIAN(I12:K12)) | M12: =IF(COUNTIFS($C:$C,$C12,$D:$D,"기준(전)",$L:$L,">0")<>1,"기준(전) 유효 1개 아님",IF(COUNTIFS($C:$C,$C12,$D:$D,"기준(후)",$L:$L,">0")<>1,"기준(후) 유효 1개 아님",IF(NOT(AND(ISNUMBER(N12),ISNUMBER(P12),ISNUMBER(H12))),"시각 결측",IF(P12<=N12,"기준 시각 역전",IF(OR(H12<N12,H12>P12),"측정시각 구간 밖","OK"))))) | N12: =IF(COUNTIFS($C:$C,$C12,$D:$D,"기준(전)",$L:$L,">0")<>1,"",SUMIFS($H:$H,$C:$C,$C12,$D:$D,"기준(전)")) | O12: =IF(COUNTIFS($C:$C,$C12,$D:$D,"기준(전)",$L:$L,">0")<>1,"",SUMIFS($L:$L,$C:$C,$C12,$D:$D,"기준(전)")) | P12: =IF(COUNTIFS($C:$C,$C12,$D:$D,"기준(후)",$L:$L,">0")<>1,"",SUMIFS($H:$H,$C:$C,$C12,$D:$D,"기준(후)")) | Q12: =IF(COUNTIFS($C:$C,$C12,$D:$D,"기준(후)",$L:$L,">0")<>1,"",SUMIFS($L:$L,$C:$C,$C12,$D:$D,"기준(후)")) | R12: =IF(M12<>"OK","",O12+(Q12-O12)*(H12-N12)/(P12-N12)) | S12: =IF(OR(M12<>"OK",NOT(ISNUMBER(L12))),"",L12-R12) | T12: =IF(OR($D11<>"측정",$C11<>$C12,NOT(ISNUMBER(L12)),NOT(ISNUMBER(L11)),(IF(ISNUMBER(F12),F12,E12)-IF(ISNUMBER(F11),F11,E11))=0),"",(L12-L11)/((IF(ISNUMBER(F12),F12,E12)-IF(ISNUMBER(F11),F11,E11))/100))
A13: S01 | B13: 태백 신규점 | C13: S01-V | D13: 측정 | E13: 160 | L13: =IF(COUNT(I13:K13)=0,"",MEDIAN(I13:K13)) | M13: =IF(COUNTIFS($C:$C,$C13,$D:$D,"기준(전)",$L:$L,">0")<>1,"기준(전) 유효 1개 아님",IF(COUNTIFS($C:$C,$C13,$D:$D,"기준(후)",$L:$L,">0")<>1,"기준(후) 유효 1개 아님",IF(NOT(AND(ISNUMBER(N13),ISNUMBER(P13),ISNUMBER(H13))),"시각 결측",IF(P13<=N13,"기준 시각 역전",IF(OR(H13<N13,H13>P13),"측정시각 구간 밖","OK"))))) | N13: =IF(COUNTIFS($C:$C,$C13,$D:$D,"기준(전)",$L:$L,">0")<>1,"",SUMIFS($H:$H,$C:$C,$C13,$D:$D,"기준(전)")) | O13: =IF(COUNTIFS($C:$C,$C13,$D:$D,"기준(전)",$L:$L,">0")<>1,"",SUMIFS($L:$L,$C:$C,$C13,$D:$D,"기준(전)")) | P13: =IF(COUNTIFS($C:$C,$C13,$D:$D,"기준(후)",$L:$L,">0")<>1,"",SUMIFS($H:$H,$C:$C,$C13,$D:$D,"기준(후)")) | Q13: =IF(COUNTIFS($C:$C,$C13,$D:$D,"기준(후)",$L:$L,">0")<>1,"",SUMIFS($L:$L,$C:$C,$C13,$D:$D,"기준(후)")) | R13: =IF(M13<>"OK","",O13+(Q13-O13)*(H13-N13)/(P13-N13)) | S13: =IF(OR(M13<>"OK",NOT(ISNUMBER(L13))),"",L13-R13) | T13: =IF(OR($D12<>"측정",$C12<>$C13,NOT(ISNUMBER(L13)),NOT(ISNUMBER(L12)),(IF(ISNUMBER(F13),F13,E13)-IF(ISNUMBER(F12),F12,E12))=0),"",(L13-L12)/((IF(ISNUMBER(F13),F13,E13)-IF(ISNUMBER(F12),F12,E12))/100))
A14: S01 | B14: 태백 신규점 | C14: S01-V | D14: 측정 | E14: 180 | L14: =IF(COUNT(I14:K14)=0,"",MEDIAN(I14:K14)) | M14: =IF(COUNTIFS($C:$C,$C14,$D:$D,"기준(전)",$L:$L,">0")<>1,"기준(전) 유효 1개 아님",IF(COUNTIFS($C:$C,$C14,$D:$D,"기준(후)",$L:$L,">0")<>1,"기준(후) 유효 1개 아님",IF(NOT(AND(ISNUMBER(N14),ISNUMBER(P14),ISNUMBER(H14))),"시각 결측",IF(P14<=N14,"기준 시각 역전",IF(OR(H14<N14,H14>P14),"측정시각 구간 밖","OK"))))) | N14: =IF(COUNTIFS($C:$C,$C14,$D:$D,"기준(전)",$L:$L,">0")<>1,"",SUMIFS($H:$H,$C:$C,$C14,$D:$D,"기준(전)")) | O14: =IF(COUNTIFS($C:$C,$C14,$D:$D,"기준(전)",$L:$L,">0")<>1,"",SUMIFS($L:$L,$C:$C,$C14,$D:$D,"기준(전)")) | P14: =IF(COUNTIFS($C:$C,$C14,$D:$D,"기준(후)",$L:$L,">0")<>1,"",SUMIFS($H:$H,$C:$C,$C14,$D:$D,"기준(후)")) | Q14: =IF(COUNTIFS($C:$C,$C14,$D:$D,"기준(후)",$L:$L,">0")<>1,"",SUMIFS($L:$L,$C:$C,$C14,$D:$D,"기준(후)")) | R14: =IF(M14<>"OK","",O14+(Q14-O14)*(H14-N14)/(P14-N14)) | S14: =IF(OR(M14<>"OK",NOT(ISNUMBER(L14))),"",L14-R14) | T14: =IF(OR($D13<>"측정",$C13<>$C14,NOT(ISNUMBER(L14)),NOT(ISNUMBER(L13)),(IF(ISNUMBER(F14),F14,E14)-IF(ISNUMBER(F13),F13,E13))=0),"",(L14-L13)/((IF(ISNUMBER(F14),F14,E14)-IF(ISNUMBER(F13),F13,E13))/100))
A15: S01 | B15: 태백 신규점 | C15: S01-V | D15: 측정 | E15: 200 | L15: =IF(COUNT(I15:K15)=0,"",MEDIAN(I15:K15)) | M15: =IF(COUNTIFS($C:$C,$C15,$D:$D,"기준(전)",$L:$L,">0")<>1,"기준(전) 유효 1개 아님",IF(COUNTIFS($C:$C,$C15,$D:$D,"기준(후)",$L:$L,">0")<>1,"기준(후) 유효 1개 아님",IF(NOT(AND(ISNUMBER(N15),ISNUMBER(P15),ISNUMBER(H15))),"시각 결측",IF(P15<=N15,"기준 시각 역전",IF(OR(H15<N15,H15>P15),"측정시각 구간 밖","OK"))))) | N15: =IF(COUNTIFS($C:$C,$C15,$D:$D,"기준(전)",$L:$L,">0")<>1,"",SUMIFS($H:$H,$C:$C,$C15,$D:$D,"기준(전)")) | O15: =IF(COUNTIFS($C:$C,$C15,$D:$D,"기준(전)",$L:$L,">0")<>1,"",SUMIFS($L:$L,$C:$C,$C15,$D:$D,"기준(전)")) | P15: =IF(COUNTIFS($C:$C,$C15,$D:$D,"기준(후)",$L:$L,">0")<>1,"",SUMIFS($H:$H,$C:$C,$C15,$D:$D,"기준(후)")) | Q15: =IF(COUNTIFS($C:$C,$C15,$D:$D,"기준(후)",$L:$L,">0")<>1,"",SUMIFS($L:$L,$C:$C,$C15,$D:$D,"기준(후)")) | R15: =IF(M15<>"OK","",O15+(Q15-O15)*(H15-N15)/(P15-N15)) | S15: =IF(OR(M15<>"OK",NOT(ISNUMBER(L15))),"",L15-R15) | T15: =IF(OR($D14<>"측정",$C14<>$C15,NOT(ISNUMBER(L15)),NOT(ISNUMBER(L14)),(IF(ISNUMBER(F15),F15,E15)-IF(ISNUMBER(F14),F14,E14))=0),"",(L15-L14)/((IF(ISNUMBER(F15),F15,E15)-IF(ISNUMBER(F14),F14,E14))/100))
A16: S01 | B16: 태백 신규점 | C16: S01-V | D16: 기준(후) | L16: =IF(COUNT(I16:K16)=0,"",MEDIAN(I16:K16))
A17: S02 | B17: 임계 신규점1 | C17: S02-V | D17: 기준(전) | L17: =IF(COUNT(I17:K17)=0,"",MEDIAN(I17:K17))
A18: S02 | B18: 임계 신규점1 | C18: S02-V | D18: 측정 | E18: 20 | L18: =IF(COUNT(I18:K18)=0,"",MEDIAN(I18:K18)) | M18: =IF(COUNTIFS($C:$C,$C18,$D:$D,"기준(전)",$L:$L,">0")<>1,"기준(전) 유효 1개 아님",IF(COUNTIFS($C:$C,$C18,$D:$D,"기준(후)",$L:$L,">0")<>1,"기준(후) 유효 1개 아님",IF(NOT(AND(ISNUMBER(N18),ISNUMBER(P18),ISNUMBER(H18))),"시각 결측",IF(P18<=N18,"기준 시각 역전",IF(OR(H18<N18,H18>P18),"측정시각 구간 밖","OK"))))) | N18: =IF(COUNTIFS($C:$C,$C18,$D:$D,"기준(전)",$L:$L,">0")<>1,"",SUMIFS($H:$H,$C:$C,$C18,$D:$D,"기준(전)")) | O18: =IF(COUNTIFS($C:$C,$C18,$D:$D,"기준(전)",$L:$L,">0")<>1,"",SUMIFS($L:$L,$C:$C,$C18,$D:$D,"기준(전)")) | P18: =IF(COUNTIFS($C:$C,$C18,$D:$D,"기준(후)",$L:$L,">0")<>1,"",SUMIFS($H:$H,$C:$C,$C18,$D:$D,"기준(후)")) | Q18: =IF(COUNTIFS($C:$C,$C18,$D:$D,"기준(후)",$L:$L,">0")<>1,"",SUMIFS($L:$L,$C:$C,$C18,$D:$D,"기준(후)")) | R18: =IF(M18<>"OK","",O18+(Q18-O18)*(H18-N18)/(P18-N18)) | S18: =IF(OR(M18<>"OK",NOT(ISNUMBER(L18))),"",L18-R18) | T18: =IF(OR($D17<>"측정",$C17<>$C18,NOT(ISNUMBER(L18)),NOT(ISNUMBER(L17)),(IF(ISNUMBER(F18),F18,E18)-IF(ISNUMBER(F17),F17,E17))=0),"",(L18-L17)/((IF(ISNUMBER(F18),F18,E18)-IF(ISNUMBER(F17),F17,E17))/100))
A19: S02 | B19: 임계 신규점1 | C19: S02-V | D19: 측정 | E19: 40 | L19: =IF(COUNT(I19:K19)=0,"",MEDIAN(I19:K19)) | M19: =IF(COUNTIFS($C:$C,$C19,$D:$D,"기준(전)",$L:$L,">0")<>1,"기준(전) 유효 1개 아님",IF(COUNTIFS($C:$C,$C19,$D:$D,"기준(후)",$L:$L,">0")<>1,"기준(후) 유효 1개 아님",IF(NOT(AND(ISNUMBER(N19),ISNUMBER(P19),ISNUMBER(H19))),"시각 결측",IF(P19<=N19,"기준 시각 역전",IF(OR(H19<N19,H19>P19),"측정시각 구간 밖","OK"))))) | N19: =IF(COUNTIFS($C:$C,$C19,$D:$D,"기준(전)",$L:$L,">0")<>1,"",SUMIFS($H:$H,$C:$C,$C19,$D:$D,"기준(전)")) | O19: =IF(COUNTIFS($C:$C,$C19,$D:$D,"기준(전)",$L:$L,">0")<>1,"",SUMIFS($L:$L,$C:$C,$C19,$D:$D,"기준(전)")) | P19: =IF(COUNTIFS($C:$C,$C19,$D:$D,"기준(후)",$L:$L,">0")<>1,"",SUMIFS($H:$H,$C:$C,$C19,$D:$D,"기준(후)")) | Q19: =IF(COUNTIFS($C:$C,$C19,$D:$D,"기준(후)",$L:$L,">0")<>1,"",SUMIFS($L:$L,$C:$C,$C19,$D:$D,"기준(후)")) | R19: =IF(M19<>"OK","",O19+(Q19-O19)*(H19-N19)/(P19-N19)) | S19: =IF(OR(M19<>"OK",NOT(ISNUMBER(L19))),"",L19-R19) | T19: =IF(OR($D18<>"측정",$C18<>$C19,NOT(ISNUMBER(L19)),NOT(ISNUMBER(L18)),(IF(ISNUMBER(F19),F19,E19)-IF(ISNUMBER(F18),F18,E18))=0),"",(L19-L18)/((IF(ISNUMBER(F19),F19,E19)-IF(ISNUMBER(F18),F18,E18))/100))
A20: S02 | B20: 임계 신규점1 | C20: S02-V | D20: 측정 | E20: 60 | L20: =IF(COUNT(I20:K20)=0,"",MEDIAN(I20:K20)) | M20: =IF(COUNTIFS($C:$C,$C20,$D:$D,"기준(전)",$L:$L,">0")<>1,"기준(전) 유효 1개 아님",IF(COUNTIFS($C:$C,$C20,$D:$D,"기준(후)",$L:$L,">0")<>1,"기준(후) 유효 1개 아님",IF(NOT(AND(ISNUMBER(N20),ISNUMBER(P20),ISNUMBER(H20))),"시각 결측",IF(P20<=N20,"기준 시각 역전",IF(OR(H20<N20,H20>P20),"측정시각 구간 밖","OK"))))) | N20: =IF(COUNTIFS($C:$C,$C20,$D:$D,"기준(전)",$L:$L,">0")<>1,"",SUMIFS($H:$H,$C:$C,$C20,$D:$D,"기준(전)")) | O20: =IF(COUNTIFS($C:$C,$C20,$D:$D,"기준(전)",$L:$L,">0")<>1,"",SUMIFS($L:$L,$C:$C,$C20,$D:$D,"기준(전)")) | P20: =IF(COUNTIFS($C:$C,$C20,$D:$D,"기준(후)",$L:$L,">0")<>1,"",SUMIFS($H:$H,$C:$C,$C20,$D:$D,"기준(후)")) | Q20: =IF(COUNTIFS($C:$C,$C20,$D:$D,"기준(후)",$L:$L,">0")<>1,"",SUMIFS($L:$L,$C:$C,$C20,$D:$D,"기준(후)")) | R20: =IF(M20<>"OK","",O20+(Q20-O20)*(H20-N20)/(P20-N20)) | S20: =IF(OR(M20<>"OK",NOT(ISNUMBER(L20))),"",L20-R20) | T20: =IF(OR($D19<>"측정",$C19<>$C20,NOT(ISNUMBER(L20)),NOT(ISNUMBER(L19)),(IF(ISNUMBER(F20),F20,E20)-IF(ISNUMBER(F19),F19,E19))=0),"",(L20-L19)/((IF(ISNUMBER(F20),F20,E20)-IF(ISNUMBER(F19),F19,E19))/100))
A21: S02 | B21: 임계 신규점1 | C21: S02-V | D21: 측정 | E21: 80 | L21: =IF(COUNT(I21:K21)=0,"",MEDIAN(I21:K21)) | M21: =IF(COUNTIFS($C:$C,$C21,$D:$D,"기준(전)",$L:$L,">0")<>1,"기준(전) 유효 1개 아님",IF(COUNTIFS($C:$C,$C21,$D:$D,"기준(후)",$L:$L,">0")<>1,"기준(후) 유효 1개 아님",IF(NOT(AND(ISNUMBER(N21),ISNUMBER(P21),ISNUMBER(H21))),"시각 결측",IF(P21<=N21,"기준 시각 역전",IF(OR(H21<N21,H21>P21),"측정시각 구간 밖","OK"))))) | N21: =IF(COUNTIFS($C:$C,$C21,$D:$D,"기준(전)",$L:$L,">0")<>1,"",SUMIFS($H:$H,$C:$C,$C21,$D:$D,"기준(전)")) | O21: =IF(COUNTIFS($C:$C,$C21,$D:$D,"기준(전)",$L:$L,">0")<>1,"",SUMIFS($L:$L,$C:$C,$C21,$D:$D,"기준(전)")) | P21: =IF(COUNTIFS($C:$C,$C21,$D:$D,"기준(후)",$L:$L,">0")<>1,"",SUMIFS($H:$H,$C:$C,$C21,$D:$D,"기준(후)")) | Q21: =IF(COUNTIFS($C:$C,$C21,$D:$D,"기준(후)",$L:$L,">0")<>1,"",SUMIFS($L:$L,$C:$C,$C21,$D:$D,"기준(후)")) | R21: =IF(M21<>"OK","",O21+(Q21-O21)*(H21-N21)/(P21-N21)) | S21: =IF(OR(M21<>"OK",NOT(ISNUMBER(L21))),"",L21-R21) | T21: =IF(OR($D20<>"측정",$C20<>$C21,NOT(ISNUMBER(L21)),NOT(ISNUMBER(L20)),(IF(ISNUMBER(F21),F21,E21)-IF(ISNUMBER(F20),F20,E20))=0),"",(L21-L20)/((IF(ISNUMBER(F21),F21,E21)-IF(ISNUMBER(F20),F20,E20))/100))
A22: S02 | B22: 임계 신규점1 | C22: S02-V | D22: 측정 | E22: 100 | L22: =IF(COUNT(I22:K22)=0,"",MEDIAN(I22:K22)) | M22: =IF(COUNTIFS($C:$C,$C22,$D:$D,"기준(전)",$L:$L,">0")<>1,"기준(전) 유효 1개 아님",IF(COUNTIFS($C:$C,$C22,$D:$D,"기준(후)",$L:$L,">0")<>1,"기준(후) 유효 1개 아님",IF(NOT(AND(ISNUMBER(N22),ISNUMBER(P22),ISNUMBER(H22))),"시각 결측",IF(P22<=N22,"기준 시각 역전",IF(OR(H22<N22,H22>P22),"측정시각 구간 밖","OK"))))) | N22: =IF(COUNTIFS($C:$C,$C22,$D:$D,"기준(전)",$L:$L,">0")<>1,"",SUMIFS($H:$H,$C:$C,$C22,$D:$D,"기준(전)")) | O22: =IF(COUNTIFS($C:$C,$C22,$D:$D,"기준(전)",$L:$L,">0")<>1,"",SUMIFS($L:$L,$C:$C,$C22,$D:$D,"기준(전)")) | P22: =IF(COUNTIFS($C:$C,$C22,$D:$D,"기준(후)",$L:$L,">0")<>1,"",SUMIFS($H:$H,$C:$C,$C22,$D:$D,"기준(후)")) | Q22: =IF(COUNTIFS($C:$C,$C22,$D:$D,"기준(후)",$L:$L,">0")<>1,"",SUMIFS($L:$L,$C:$C,$C22,$D:$D,"기준(후)")) | R22: =IF(M22<>"OK","",O22+(Q22-O22)*(H22-N22)/(P22-N22)) | S22: =IF(OR(M22<>"OK",NOT(ISNUMBER(L22))),"",L22-R22) | T22: =IF(OR($D21<>"측정",$C21<>$C22,NOT(ISNUMBER(L22)),NOT(ISNUMBER(L21)),(IF(ISNUMBER(F22),F22,E22)-IF(ISNUMBER(F21),F21,E21))=0),"",(L22-L21)/((IF(ISNUMBER(F22),F22,E22)-IF(ISNUMBER(F21),F21,E21))/100))
A23: S02 | B23: 임계 신규점1 | C23: S02-V | D23: 측정 | E23: 120 | L23: =IF(COUNT(I23:K23)=0,"",MEDIAN(I23:K23)) | M23: =IF(COUNTIFS($C:$C,$C23,$D:$D,"기준(전)",$L:$L,">0")<>1,"기준(전) 유효 1개 아님",IF(COUNTIFS($C:$C,$C23,$D:$D,"기준(후)",$L:$L,">0")<>1,"기준(후) 유효 1개 아님",IF(NOT(AND(ISNUMBER(N23),ISNUMBER(P23),ISNUMBER(H23))),"시각 결측",IF(P23<=N23,"기준 시각 역전",IF(OR(H23<N23,H23>P23),"측정시각 구간 밖","OK"))))) | N23: =IF(COUNTIFS($C:$C,$C23,$D:$D,"기준(전)",$L:$L,">0")<>1,"",SUMIFS($H:$H,$C:$C,$C23,$D:$D,"기준(전)")) | O23: =IF(COUNTIFS($C:$C,$C23,$D:$D,"기준(전)",$L:$L,">0")<>1,"",SUMIFS($L:$L,$C:$C,$C23,$D:$D,"기준(전)")) | P23: =IF(COUNTIFS($C:$C,$C23,$D:$D,"기준(후)",$L:$L,">0")<>1,"",SUMIFS($H:$H,$C:$C,$C23,$D:$D,"기준(후)")) | Q23: =IF(COUNTIFS($C:$C,$C23,$D:$D,"기준(후)",$L:$L,">0")<>1,"",SUMIFS($L:$L,$C:$C,$C23,$D:$D,"기준(후)")) | R23: =IF(M23<>"OK","",O23+(Q23-O23)*(H23-N23)/(P23-N23)) | S23: =IF(OR(M23<>"OK",NOT(ISNUMBER(L23))),"",L23-R23) | T23: =IF(OR($D22<>"측정",$C22<>$C23,NOT(ISNUMBER(L23)),NOT(ISNUMBER(L22)),(IF(ISNUMBER(F23),F23,E23)-IF(ISNUMBER(F22),F22,E22))=0),"",(L23-L22)/((IF(ISNUMBER(F23),F23,E23)-IF(ISNUMBER(F22),F22,E22))/100))
A24: S02 | B24: 임계 신규점1 | C24: S02-V | D24: 측정 | E24: 140 | L24: =IF(COUNT(I24:K24)=0,"",MEDIAN(I24:K24)) | M24: =IF(COUNTIFS($C:$C,$C24,$D:$D,"기준(전)",$L:$L,">0")<>1,"기준(전) 유효 1개 아님",IF(COUNTIFS($C:$C,$C24,$D:$D,"기준(후)",$L:$L,">0")<>1,"기준(후) 유효 1개 아님",IF(NOT(AND(ISNUMBER(N24),ISNUMBER(P24),ISNUMBER(H24))),"시각 결측",IF(P24<=N24,"기준 시각 역전",IF(OR(H24<N24,H24>P24),"측정시각 구간 밖","OK"))))) | N24: =IF(COUNTIFS($C:$C,$C24,$D:$D,"기준(전)",$L:$L,">0")<>1,"",SUMIFS($H:$H,$C:$C,$C24,$D:$D,"기준(전)")) | O24: =IF(COUNTIFS($C:$C,$C24,$D:$D,"기준(전)",$L:$L,">0")<>1,"",SUMIFS($L:$L,$C:$C,$C24,$D:$D,"기준(전)")) | P24: =IF(COUNTIFS($C:$C,$C24,$D:$D,"기준(후)",$L:$L,">0")<>1,"",SUMIFS($H:$H,$C:$C,$C24,$D:$D,"기준(후)")) | Q24: =IF(COUNTIFS($C:$C,$C24,$D:$D,"기준(후)",$L:$L,">0")<>1,"",SUMIFS($L:$L,$C:$C,$C24,$D:$D,"기준(후)")) | R24: =IF(M24<>"OK","",O24+(Q24-O24)*(H24-N24)/(P24-N24)) | S24: =IF(OR(M24<>"OK",NOT(ISNUMBER(L24))),"",L24-R24) | T24: =IF(OR($D23<>"측정",$C23<>$C24,NOT(ISNUMBER(L24)),NOT(ISNUMBER(L23)),(IF(ISNUMBER(F24),F24,E24)-IF(ISNUMBER(F23),F23,E23))=0),"",(L24-L23)/((IF(ISNUMBER(F24),F24,E24)-IF(ISNUMBER(F23),F23,E23))/100))
A25: S02 | B25: 임계 신규점1 | C25: S02-V | D25: 측정 | E25: 160 | L25: =IF(COUNT(I25:K25)=0,"",MEDIAN(I25:K25)) | M25: =IF(COUNTIFS($C:$C,$C25,$D:$D,"기준(전)",$L:$L,">0")<>1,"기준(전) 유효 1개 아님",IF(COUNTIFS($C:$C,$C25,$D:$D,"기준(후)",$L:$L,">0")<>1,"기준(후) 유효 1개 아님",IF(NOT(AND(ISNUMBER(N25),ISNUMBER(P25),ISNUMBER(H25))),"시각 결측",IF(P25<=N25,"기준 시각 역전",IF(OR(H25<N25,H25>P25),"측정시각 구간 밖","OK"))))) | N25: =IF(COUNTIFS($C:$C,$C25,$D:$D,"기준(전)",$L:$L,">0")<>1,"",SUMIFS($H:$H,$C:$C,$C25,$D:$D,"기준(전)")) | O25: =IF(COUNTIFS($C:$C,$C25,$D:$D,"기준(전)",$L:$L,">0")<>1,"",SUMIFS($L:$L,$C:$C,$C25,$D:$D,"기준(전)")) | P25: =IF(COUNTIFS($C:$C,$C25,$D:$D,"기준(후)",$L:$L,">0")<>1,"",SUMIFS($H:$H,$C:$C,$C25,$D:$D,"기준(후)")) | Q25: =IF(COUNTIFS($C:$C,$C25,$D:$D,"기준(후)",$L:$L,">0")<>1,"",SUMIFS($L:$L,$C:$C,$C25,$D:$D,"기준(후)")) | R25: =IF(M25<>"OK","",O25+(Q25-O25)*(H25-N25)/(P25-N25)) | S25: =IF(OR(M25<>"OK",NOT(ISNUMBER(L25))),"",L25-R25) | T25: =IF(OR($D24<>"측정",$C24<>$C25,NOT(ISNUMBER(L25)),NOT(ISNUMBER(L24)),(IF(ISNUMBER(F25),F25,E25)-IF(ISNUMBER(F24),F24,E24))=0),"",(L25-L24)/((IF(ISNUMBER(F25),F25,E25)-IF(ISNUMBER(F24),F24,E24))/100))
A26: S02 | B26: 임계 신규점1 | C26: S02-V | D26: 측정 | E26: 180 | L26: =IF(COUNT(I26:K26)=0,"",MEDIAN(I26:K26)) | M26: =IF(COUNTIFS($C:$C,$C26,$D:$D,"기준(전)",$L:$L,">0")<>1,"기준(전) 유효 1개 아님",IF(COUNTIFS($C:$C,$C26,$D:$D,"기준(후)",$L:$L,">0")<>1,"기준(후) 유효 1개 아님",IF(NOT(AND(ISNUMBER(N26),ISNUMBER(P26),ISNUMBER(H26))),"시각 결측",IF(P26<=N26,"기준 시각 역전",IF(OR(H26<N26,H26>P26),"측정시각 구간 밖","OK"))))) | N26: =IF(COUNTIFS($C:$C,$C26,$D:$D,"기준(전)",$L:$L,">0")<>1,"",SUMIFS($H:$H,$C:$C,$C26,$D:$D,"기준(전)")) | O26: =IF(COUNTIFS($C:$C,$C26,$D:$D,"기준(전)",$L:$L,">0")<>1,"",SUMIFS($L:$L,$C:$C,$C26,$D:$D,"기준(전)")) | P26: =IF(COUNTIFS($C:$C,$C26,$D:$D,"기준(후)",$L:$L,">0")<>1,"",SUMIFS($H:$H,$C:$C,$C26,$D:$D,"기준(후)")) | Q26: =IF(COUNTIFS($C:$C,$C26,$D:$D,"기준(후)",$L:$L,">0")<>1,"",SUMIFS($L:$L,$C:$C,$C26,$D:$D,"기준(후)")) | R26: =IF(M26<>"OK","",O26+(Q26-O26)*(H26-N26)/(P26-N26)) | S26: =IF(OR(M26<>"OK",NOT(ISNUMBER(L26))),"",L26-R26) | T26: =IF(OR($D25<>"측정",$C25<>$C26,NOT(ISNUMBER(L26)),NOT(ISNUMBER(L25)),(IF(ISNUMBER(F26),F26,E26)-IF(ISNUMBER(F25),F25,E25))=0),"",(L26-L25)/((IF(ISNUMBER(F26),F26,E26)-IF(ISNUMBER(F25),F25,E25))/100))
A27: S02 | B27: 임계 신규점1 | C27: S02-V | D27: 측정 | E27: 200 | L27: =IF(COUNT(I27:K27)=0,"",MEDIAN(I27:K27)) | M27: =IF(COUNTIFS($C:$C,$C27,$D:$D,"기준(전)",$L:$L,">0")<>1,"기준(전) 유효 1개 아님",IF(COUNTIFS($C:$C,$C27,$D:$D,"기준(후)",$L:$L,">0")<>1,"기준(후) 유효 1개 아님",IF(NOT(AND(ISNUMBER(N27),ISNUMBER(P27),ISNUMBER(H27))),"시각 결측",IF(P27<=N27,"기준 시각 역전",IF(OR(H27<N27,H27>P27),"측정시각 구간 밖","OK"))))) | N27: =IF(COUNTIFS($C:$C,$C27,$D:$D,"기준(전)",$L:$L,">0")<>1,"",SUMIFS($H:$H,$C:$C,$C27,$D:$D,"기준(전)")) | O27: =IF(COUNTIFS($C:$C,$C27,$D:$D,"기준(전)",$L:$L,">0")<>1,"",SUMIFS($L:$L,$C:$C,$C27,$D:$D,"기준(전)")) | P27: =IF(COUNTIFS($C:$C,$C27,$D:$D,"기준(후)",$L:$L,">0")<>1,"",SUMIFS($H:$H,$C:$C,$C27,$D:$D,"기준(후)")) | Q27: =IF(COUNTIFS($C:$C,$C27,$D:$D,"기준(후)",$L:$L,">0")<>1,"",SUMIFS($L:$L,$C:$C,$C27,$D:$D,"기준(후)")) | R27: =IF(M27<>"OK","",O27+(Q27-O27)*(H27-N27)/(P27-N27)) | S27: =IF(OR(M27<>"OK",NOT(ISNUMBER(L27))),"",L27-R27) | T27: =IF(OR($D26<>"측정",$C26<>$C27,NOT(ISNUMBER(L27)),NOT(ISNUMBER(L26)),(IF(ISNUMBER(F27),F27,E27)-IF(ISNUMBER(F26),F26,E26))=0),"",(L27-L26)/((IF(ISNUMBER(F27),F27,E27)-IF(ISNUMBER(F26),F26,E26))/100))
A28: S02 | B28: 임계 신규점1 | C28: S02-V | D28: 기준(후) | L28: =IF(COUNT(I28:K28)=0,"",MEDIAN(I28:K28))
A29: S03 | B29: 예산 신규점2 | C29: S03-V | D29: 기준(전) | L29: =IF(COUNT(I29:K29)=0,"",MEDIAN(I29:K29))
A30: S03 | B30: 예산 신규점2 | C30: S03-V | D30: 측정 | E30: 20 | L30: =IF(COUNT(I30:K30)=0,"",MEDIAN(I30:K30)) | M30: =IF(COUNTIFS($C:$C,$C30,$D:$D,"기준(전)",$L:$L,">0")<>1,"기준(전) 유효 1개 아님",IF(COUNTIFS($C:$C,$C30,$D:$D,"기준(후)",$L:$L,">0")<>1,"기준(후) 유효 1개 아님",IF(NOT(AND(ISNUMBER(N30),ISNUMBER(P30),ISNUMBER(H30))),"시각 결측",IF(P30<=N30,"기준 시각 역전",IF(OR(H30<N30,H30>P30),"측정시각 구간 밖","OK"))))) | N30: =IF(COUNTIFS($C:$C,$C30,$D:$D,"기준(전)",$L:$L,">0")<>1,"",SUMIFS($H:$H,$C:$C,$C30,$D:$D,"기준(전)")) | O30: =IF(COUNTIFS($C:$C,$C30,$D:$D,"기준(전)",$L:$L,">0")<>1,"",SUMIFS($L:$L,$C:$C,$C30,$D:$D,"기준(전)")) | P30: =IF(COUNTIFS($C:$C,$C30,$D:$D,"기준(후)",$L:$L,">0")<>1,"",SUMIFS($H:$H,$C:$C,$C30,$D:$D,"기준(후)")) | Q30: =IF(COUNTIFS($C:$C,$C30,$D:$D,"기준(후)",$L:$L,">0")<>1,"",SUMIFS($L:$L,$C:$C,$C30,$D:$D,"기준(후)")) | R30: =IF(M30<>"OK","",O30+(Q30-O30)*(H30-N30)/(P30-N30)) | S30: =IF(OR(M30<>"OK",NOT(ISNUMBER(L30))),"",L30-R30) | T30: =IF(OR($D29<>"측정",$C29<>$C30,NOT(ISNUMBER(L30)),NOT(ISNUMBER(L29)),(IF(ISNUMBER(F30),F30,E30)-IF(ISNUMBER(F29),F29,E29))=0),"",(L30-L29)/((IF(ISNUMBER(F30),F30,E30)-IF(ISNUMBER(F29),F29,E29))/100))
A31: S03 | B31: 예산 신규점2 | C31: S03-V | D31: 측정 | E31: 40 | L31: =IF(COUNT(I31:K31)=0,"",MEDIAN(I31:K31)) | M31: =IF(COUNTIFS($C:$C,$C31,$D:$D,"기준(전)",$L:$L,">0")<>1,"기준(전) 유효 1개 아님",IF(COUNTIFS($C:$C,$C31,$D:$D,"기준(후)",$L:$L,">0")<>1,"기준(후) 유효 1개 아님",IF(NOT(AND(ISNUMBER(N31),ISNUMBER(P31),ISNUMBER(H31))),"시각 결측",IF(P31<=N31,"기준 시각 역전",IF(OR(H31<N31,H31>P31),"측정시각 구간 밖","OK"))))) | N31: =IF(COUNTIFS($C:$C,$C31,$D:$D,"기준(전)",$L:$L,">0")<>1,"",SUMIFS($H:$H,$C:$C,$C31,$D:$D,"기준(전)")) | O31: =IF(COUNTIFS($C:$C,$C31,$D:$D,"기준(전)",$L:$L,">0")<>1,"",SUMIFS($L:$L,$C:$C,$C31,$D:$D,"기준(전)")) | P31: =IF(COUNTIFS($C:$C,$C31,$D:$D,"기준(후)",$L:$L,">0")<>1,"",SUMIFS($H:$H,$C:$C,$C31,$D:$D,"기준(후)")) | Q31: =IF(COUNTIFS($C:$C,$C31,$D:$D,"기준(후)",$L:$L,">0")<>1,"",SUMIFS($L:$L,$C:$C,$C31,$D:$D,"기준(후)")) | R31: =IF(M31<>"OK","",O31+(Q31-O31)*(H31-N31)/(P31-N31)) | S31: =IF(OR(M31<>"OK",NOT(ISNUMBER(L31))),"",L31-R31) | T31: =IF(OR($D30<>"측정",$C30<>$C31,NOT(ISNUMBER(L31)),NOT(ISNUMBER(L30)),(IF(ISNUMBER(F31),F31,E31)-IF(ISNUMBER(F30),F30,E30))=0),"",(L31-L30)/((IF(ISNUMBER(F31),F31,E31)-IF(ISNUMBER(F30),F30,E30))/100))
A32: S03 | B32: 예산 신규점2 | C32: S03-V | D32: 측정 | E32: 60 | L32: =IF(COUNT(I32:K32)=0,"",MEDIAN(I32:K32)) | M32: =IF(COUNTIFS($C:$C,$C32,$D:$D,"기준(전)",$L:$L,">0")<>1,"기준(전) 유효 1개 아님",IF(COUNTIFS($C:$C,$C32,$D:$D,"기준(후)",$L:$L,">0")<>1,"기준(후) 유효 1개 아님",IF(NOT(AND(ISNUMBER(N32),ISNUMBER(P32),ISNUMBER(H32))),"시각 결측",IF(P32<=N32,"기준 시각 역전",IF(OR(H32<N32,H32>P32),"측정시각 구간 밖","OK"))))) | N32: =IF(COUNTIFS($C:$C,$C32,$D:$D,"기준(전)",$L:$L,">0")<>1,"",SUMIFS($H:$H,$C:$C,$C32,$D:$D,"기준(전)")) | O32: =IF(COUNTIFS($C:$C,$C32,$D:$D,"기준(전)",$L:$L,">0")<>1,"",SUMIFS($L:$L,$C:$C,$C32,$D:$D,"기준(전)")) | P32: =IF(COUNTIFS($C:$C,$C32,$D:$D,"기준(후)",$L:$L,">0")<>1,"",SUMIFS($H:$H,$C:$C,$C32,$D:$D,"기준(후)")) | Q32: =IF(COUNTIFS($C:$C,$C32,$D:$D,"기준(후)",$L:$L,">0")<>1,"",SUMIFS($L:$L,$C:$C,$C32,$D:$D,"기준(후)")) | R32: =IF(M32<>"OK","",O32+(Q32-O32)*(H32-N32)/(P32-N32)) | S32: =IF(OR(M32<>"OK",NOT(ISNUMBER(L32))),"",L32-R32) | T32: =IF(OR($D31<>"측정",$C31<>$C32,NOT(ISNUMBER(L32)),NOT(ISNUMBER(L31)),(IF(ISNUMBER(F32),F32,E32)-IF(ISNUMBER(F31),F31,E31))=0),"",(L32-L31)/((IF(ISNUMBER(F32),F32,E32)-IF(ISNUMBER(F31),F31,E31))/100))
A33: S03 | B33: 예산 신규점2 | C33: S03-V | D33: 측정 | E33: 80 | L33: =IF(COUNT(I33:K33)=0,"",MEDIAN(I33:K33)) | M33: =IF(COUNTIFS($C:$C,$C33,$D:$D,"기준(전)",$L:$L,">0")<>1,"기준(전) 유효 1개 아님",IF(COUNTIFS($C:$C,$C33,$D:$D,"기준(후)",$L:$L,">0")<>1,"기준(후) 유효 1개 아님",IF(NOT(AND(ISNUMBER(N33),ISNUMBER(P33),ISNUMBER(H33))),"시각 결측",IF(P33<=N33,"기준 시각 역전",IF(OR(H33<N33,H33>P33),"측정시각 구간 밖","OK"))))) | N33: =IF(COUNTIFS($C:$C,$C33,$D:$D,"기준(전)",$L:$L,">0")<>1,"",SUMIFS($H:$H,$C:$C,$C33,$D:$D,"기준(전)")) | O33: =IF(COUNTIFS($C:$C,$C33,$D:$D,"기준(전)",$L:$L,">0")<>1,"",SUMIFS($L:$L,$C:$C,$C33,$D:$D,"기준(전)")) | P33: =IF(COUNTIFS($C:$C,$C33,$D:$D,"기준(후)",$L:$L,">0")<>1,"",SUMIFS($H:$H,$C:$C,$C33,$D:$D,"기준(후)")) | Q33: =IF(COUNTIFS($C:$C,$C33,$D:$D,"기준(후)",$L:$L,">0")<>1,"",SUMIFS($L:$L,$C:$C,$C33,$D:$D,"기준(후)")) | R33: =IF(M33<>"OK","",O33+(Q33-O33)*(H33-N33)/(P33-N33)) | S33: =IF(OR(M33<>"OK",NOT(ISNUMBER(L33))),"",L33-R33) | T33: =IF(OR($D32<>"측정",$C32<>$C33,NOT(ISNUMBER(L33)),NOT(ISNUMBER(L32)),(IF(ISNUMBER(F33),F33,E33)-IF(ISNUMBER(F32),F32,E32))=0),"",(L33-L32)/((IF(ISNUMBER(F33),F33,E33)-IF(ISNUMBER(F32),F32,E32))/100))
A34: S03 | B34: 예산 신규점2 | C34: S03-V | D34: 측정 | E34: 100 | L34: =IF(COUNT(I34:K34)=0,"",MEDIAN(I34:K34)) | M34: =IF(COUNTIFS($C:$C,$C34,$D:$D,"기준(전)",$L:$L,">0")<>1,"기준(전) 유효 1개 아님",IF(COUNTIFS($C:$C,$C34,$D:$D,"기준(후)",$L:$L,">0")<>1,"기준(후) 유효 1개 아님",IF(NOT(AND(ISNUMBER(N34),ISNUMBER(P34),ISNUMBER(H34))),"시각 결측",IF(P34<=N34,"기준 시각 역전",IF(OR(H34<N34,H34>P34),"측정시각 구간 밖","OK"))))) | N34: =IF(COUNTIFS($C:$C,$C34,$D:$D,"기준(전)",$L:$L,">0")<>1,"",SUMIFS($H:$H,$C:$C,$C34,$D:$D,"기준(전)")) | O34: =IF(COUNTIFS($C:$C,$C34,$D:$D,"기준(전)",$L:$L,">0")<>1,"",SUMIFS($L:$L,$C:$C,$C34,$D:$D,"기준(전)")) | P34: =IF(COUNTIFS($C:$C,$C34,$D:$D,"기준(후)",$L:$L,">0")<>1,"",SUMIFS($H:$H,$C:$C,$C34,$D:$D,"기준(후)")) | Q34: =IF(COUNTIFS($C:$C,$C34,$D:$D,"기준(후)",$L:$L,">0")<>1,"",SUMIFS($L:$L,$C:$C,$C34,$D:$D,"기준(후)")) | R34: =IF(M34<>"OK","",O34+(Q34-O34)*(H34-N34)/(P34-N34)) | S34: =IF(OR(M34<>"OK",NOT(ISNUMBER(L34))),"",L34-R34) | T34: =IF(OR($D33<>"측정",$C33<>$C34,NOT(ISNUMBER(L34)),NOT(ISNUMBER(L33)),(IF(ISNUMBER(F34),F34,E34)-IF(ISNUMBER(F33),F33,E33))=0),"",(L34-L33)/((IF(ISNUMBER(F34),F34,E34)-IF(ISNUMBER(F33),F33,E33))/100))
A35: S03 | B35: 예산 신규점2 | C35: S03-V | D35: 측정 | E35: 120 | L35: =IF(COUNT(I35:K35)=0,"",MEDIAN(I35:K35)) | M35: =IF(COUNTIFS($C:$C,$C35,$D:$D,"기준(전)",$L:$L,">0")<>1,"기준(전) 유효 1개 아님",IF(COUNTIFS($C:$C,$C35,$D:$D,"기준(후)",$L:$L,">0")<>1,"기준(후) 유효 1개 아님",IF(NOT(AND(ISNUMBER(N35),ISNUMBER(P35),ISNUMBER(H35))),"시각 결측",IF(P35<=N35,"기준 시각 역전",IF(OR(H35<N35,H35>P35),"측정시각 구간 밖","OK"))))) | N35: =IF(COUNTIFS($C:$C,$C35,$D:$D,"기준(전)",$L:$L,">0")<>1,"",SUMIFS($H:$H,$C:$C,$C35,$D:$D,"기준(전)")) | O35: =IF(COUNTIFS($C:$C,$C35,$D:$D,"기준(전)",$L:$L,">0")<>1,"",SUMIFS($L:$L,$C:$C,$C35,$D:$D,"기준(전)")) | P35: =IF(COUNTIFS($C:$C,$C35,$D:$D,"기준(후)",$L:$L,">0")<>1,"",SUMIFS($H:$H,$C:$C,$C35,$D:$D,"기준(후)")) | Q35: =IF(COUNTIFS($C:$C,$C35,$D:$D,"기준(후)",$L:$L,">0")<>1,"",SUMIFS($L:$L,$C:$C,$C35,$D:$D,"기준(후)")) | R35: =IF(M35<>"OK","",O35+(Q35-O35)*(H35-N35)/(P35-N35)) | S35: =IF(OR(M35<>"OK",NOT(ISNUMBER(L35))),"",L35-R35) | T35: =IF(OR($D34<>"측정",$C34<>$C35,NOT(ISNUMBER(L35)),NOT(ISNUMBER(L34)),(IF(ISNUMBER(F35),F35,E35)-IF(ISNUMBER(F34),F34,E34))=0),"",(L35-L34)/((IF(ISNUMBER(F35),F35,E35)-IF(ISNUMBER(F34),F34,E34))/100))
A36: S03 | B36: 예산 신규점2 | C36: S03-V | D36: 측정 | E36: 140 | L36: =IF(COUNT(I36:K36)=0,"",MEDIAN(I36:K36)) | M36: =IF(COUNTIFS($C:$C,$C36,$D:$D,"기준(전)",$L:$L,">0")<>1,"기준(전) 유효 1개 아님",IF(COUNTIFS($C:$C,$C36,$D:$D,"기준(후)",$L:$L,">0")<>1,"기준(후) 유효 1개 아님",IF(NOT(AND(ISNUMBER(N36),ISNUMBER(P36),ISNUMBER(H36))),"시각 결측",IF(P36<=N36,"기준 시각 역전",IF(OR(H36<N36,H36>P36),"측정시각 구간 밖","OK"))))) | N36: =IF(COUNTIFS($C:$C,$C36,$D:$D,"기준(전)",$L:$L,">0")<>1,"",SUMIFS($H:$H,$C:$C,$C36,$D:$D,"기준(전)")) | O36: =IF(COUNTIFS($C:$C,$C36,$D:$D,"기준(전)",$L:$L,">0")<>1,"",SUMIFS($L:$L,$C:$C,$C36,$D:$D,"기준(전)")) | P36: =IF(COUNTIFS($C:$C,$C36,$D:$D,"기준(후)",$L:$L,">0")<>1,"",SUMIFS($H:$H,$C:$C,$C36,$D:$D,"기준(후)")) | Q36: =IF(COUNTIFS($C:$C,$C36,$D:$D,"기준(후)",$L:$L,">0")<>1,"",SUMIFS($L:$L,$C:$C,$C36,$D:$D,"기준(후)")) | R36: =IF(M36<>"OK","",O36+(Q36-O36)*(H36-N36)/(P36-N36)) | S36: =IF(OR(M36<>"OK",NOT(ISNUMBER(L36))),"",L36-R36) | T36: =IF(OR($D35<>"측정",$C35<>$C36,NOT(ISNUMBER(L36)),NOT(ISNUMBER(L35)),(IF(ISNUMBER(F36),F36,E36)-IF(ISNUMBER(F35),F35,E35))=0),"",(L36-L35)/((IF(ISNUMBER(F36),F36,E36)-IF(ISNUMBER(F35),F35,E35))/100))
A37: S03 | B37: 예산 신규점2 | C37: S03-V | D37: 측정 | E37: 160 | L37: =IF(COUNT(I37:K37)=0,"",MEDIAN(I37:K37)) | M37: =IF(COUNTIFS($C:$C,$C37,$D:$D,"기준(전)",$L:$L,">0")<>1,"기준(전) 유효 1개 아님",IF(COUNTIFS($C:$C,$C37,$D:$D,"기준(후)",$L:$L,">0")<>1,"기준(후) 유효 1개 아님",IF(NOT(AND(ISNUMBER(N37),ISNUMBER(P37),ISNUMBER(H37))),"시각 결측",IF(P37<=N37,"기준 시각 역전",IF(OR(H37<N37,H37>P37),"측정시각 구간 밖","OK"))))) | N37: =IF(COUNTIFS($C:$C,$C37,$D:$D,"기준(전)",$L:$L,">0")<>1,"",SUMIFS($H:$H,$C:$C,$C37,$D:$D,"기준(전)")) | O37: =IF(COUNTIFS($C:$C,$C37,$D:$D,"기준(전)",$L:$L,">0")<>1,"",SUMIFS($L:$L,$C:$C,$C37,$D:$D,"기준(전)")) | P37: =IF(COUNTIFS($C:$C,$C37,$D:$D,"기준(후)",$L:$L,">0")<>1,"",SUMIFS($H:$H,$C:$C,$C37,$D:$D,"기준(후)")) | Q37: =IF(COUNTIFS($C:$C,$C37,$D:$D,"기준(후)",$L:$L,">0")<>1,"",SUMIFS($L:$L,$C:$C,$C37,$D:$D,"기준(후)")) | R37: =IF(M37<>"OK","",O37+(Q37-O37)*(H37-N37)/(P37-N37)) | S37: =IF(OR(M37<>"OK",NOT(ISNUMBER(L37))),"",L37-R37) | T37: =IF(OR($D36<>"측정",$C36<>$C37,NOT(ISNUMBER(L37)),NOT(ISNUMBER(L36)),(IF(ISNUMBER(F37),F37,E37)-IF(ISNUMBER(F36),F36,E36))=0),"",(L37-L36)/((IF(ISNUMBER(F37),F37,E37)-IF(ISNUMBER(F36),F36,E36))/100))
A38: S03 | B38: 예산 신규점2 | C38: S03-V | D38: 측정 | E38: 180 | L38: =IF(COUNT(I38:K38)=0,"",MEDIAN(I38:K38)) | M38: =IF(COUNTIFS($C:$C,$C38,$D:$D,"기준(전)",$L:$L,">0")<>1,"기준(전) 유효 1개 아님",IF(COUNTIFS($C:$C,$C38,$D:$D,"기준(후)",$L:$L,">0")<>1,"기준(후) 유효 1개 아님",IF(NOT(AND(ISNUMBER(N38),ISNUMBER(P38),ISNUMBER(H38))),"시각 결측",IF(P38<=N38,"기준 시각 역전",IF(OR(H38<N38,H38>P38),"측정시각 구간 밖","OK"))))) | N38: =IF(COUNTIFS($C:$C,$C38,$D:$D,"기준(전)",$L:$L,">0")<>1,"",SUMIFS($H:$H,$C:$C,$C38,$D:$D,"기준(전)")) | O38: =IF(COUNTIFS($C:$C,$C38,$D:$D,"기준(전)",$L:$L,">0")<>1,"",SUMIFS($L:$L,$C:$C,$C38,$D:$D,"기준(전)")) | P38: =IF(COUNTIFS($C:$C,$C38,$D:$D,"기준(후)",$L:$L,">0")<>1,"",SUMIFS($H:$H,$C:$C,$C38,$D:$D,"기준(후)")) | Q38: =IF(COUNTIFS($C:$C,$C38,$D:$D,"기준(후)",$L:$L,">0")<>1,"",SUMIFS($L:$L,$C:$C,$C38,$D:$D,"기준(후)")) | R38: =IF(M38<>"OK","",O38+(Q38-O38)*(H38-N38)/(P38-N38)) | S38: =IF(OR(M38<>"OK",NOT(ISNUMBER(L38))),"",L38-R38) | T38: =IF(OR($D37<>"측정",$C37<>$C38,NOT(ISNUMBER(L38)),NOT(ISNUMBER(L37)),(IF(ISNUMBER(F38),F38,E38)-IF(ISNUMBER(F37),F37,E37))=0),"",(L38-L37)/((IF(ISNUMBER(F38),F38,E38)-IF(ISNUMBER(F37),F37,E37))/100))
A39: S03 | B39: 예산 신규점2 | C39: S03-V | D39: 측정 | E39: 200 | L39: =IF(COUNT(I39:K39)=0,"",MEDIAN(I39:K39)) | M39: =IF(COUNTIFS($C:$C,$C39,$D:$D,"기준(전)",$L:$L,">0")<>1,"기준(전) 유효 1개 아님",IF(COUNTIFS($C:$C,$C39,$D:$D,"기준(후)",$L:$L,">0")<>1,"기준(후) 유효 1개 아님",IF(NOT(AND(ISNUMBER(N39),ISNUMBER(P39),ISNUMBER(H39))),"시각 결측",IF(P39<=N39,"기준 시각 역전",IF(OR(H39<N39,H39>P39),"측정시각 구간 밖","OK"))))) | N39: =IF(COUNTIFS($C:$C,$C39,$D:$D,"기준(전)",$L:$L,">0")<>1,"",SUMIFS($H:$H,$C:$C,$C39,$D:$D,"기준(전)")) | O39: =IF(COUNTIFS($C:$C,$C39,$D:$D,"기준(전)",$L:$L,">0")<>1,"",SUMIFS($L:$L,$C:$C,$C39,$D:$D,"기준(전)")) | P39: =IF(COUNTIFS($C:$C,$C39,$D:$D,"기준(후)",$L:$L,">0")<>1,"",SUMIFS($H:$H,$C:$C,$C39,$D:$D,"기준(후)")) | Q39: =IF(COUNTIFS($C:$C,$C39,$D:$D,"기준(후)",$L:$L,">0")<>1,"",SUMIFS($L:$L,$C:$C,$C39,$D:$D,"기준(후)")) | R39: =IF(M39<>"OK","",O39+(Q39-O39)*(H39-N39)/(P39-N39)) | S39: =IF(OR(M39<>"OK",NOT(ISNUMBER(L39))),"",L39-R39) | T39: =IF(OR($D38<>"측정",$C38<>$C39,NOT(ISNUMBER(L39)),NOT(ISNUMBER(L38)),(IF(ISNUMBER(F39),F39,E39)-IF(ISNUMBER(F38),F38,E38))=0),"",(L39-L38)/((IF(ISNUMBER(F39),F39,E39)-IF(ISNUMBER(F38),F38,E38))/100))
A40: S03 | B40: 예산 신규점2 | C40: S03-V | D40: 기준(후) | L40: =IF(COUNT(I40:K40)=0,"",MEDIAN(I40:K40))
A41: S04 | B41: 진안 신규점1 | C41: S04-V | D41: 기준(전) | L41: =IF(COUNT(I41:K41)=0,"",MEDIAN(I41:K41))
A42: S04 | B42: 진안 신규점1 | C42: S04-V | D42: 측정 | E42: 20 | L42: =IF(COUNT(I42:K42)=0,"",MEDIAN(I42:K42)) | M42: =IF(COUNTIFS($C:$C,$C42,$D:$D,"기준(전)",$L:$L,">0")<>1,"기준(전) 유효 1개 아님",IF(COUNTIFS($C:$C,$C42,$D:$D,"기준(후)",$L:$L,">0")<>1,"기준(후) 유효 1개 아님",IF(NOT(AND(ISNUMBER(N42),ISNUMBER(P42),ISNUMBER(H42))),"시각 결측",IF(P42<=N42,"기준 시각 역전",IF(OR(H42<N42,H42>P42),"측정시각 구간 밖","OK"))))) | N42: =IF(COUNTIFS($C:$C,$C42,$D:$D,"기준(전)",$L:$L,">0")<>1,"",SUMIFS($H:$H,$C:$C,$C42,$D:$D,"기준(전)")) | O42: =IF(COUNTIFS($C:$C,$C42,$D:$D,"기준(전)",$L:$L,">0")<>1,"",SUMIFS($L:$L,$C:$C,$C42,$D:$D,"기준(전)")) | P42: =IF(COUNTIFS($C:$C,$C42,$D:$D,"기준(후)",$L:$L,">0")<>1,"",SUMIFS($H:$H,$C:$C,$C42,$D:$D,"기준(후)")) | Q42: =IF(COUNTIFS($C:$C,$C42,$D:$D,"기준(후)",$L:$L,">0")<>1,"",SUMIFS($L:$L,$C:$C,$C42,$D:$D,"기준(후)")) | R42: =IF(M42<>"OK","",O42+(Q42-O42)*(H42-N42)/(P42-N42)) | S42: =IF(OR(M42<>"OK",NOT(ISNUMBER(L42))),"",L42-R42) | T42: =IF(OR($D41<>"측정",$C41<>$C42,NOT(ISNUMBER(L42)),NOT(ISNUMBER(L41)),(IF(ISNUMBER(F42),F42,E42)-IF(ISNUMBER(F41),F41,E41))=0),"",(L42-L41)/((IF(ISNUMBER(F42),F42,E42)-IF(ISNUMBER(F41),F41,E41))/100))
A43: S04 | B43: 진안 신규점1 | C43: S04-V | D43: 측정 | E43: 40 | L43: =IF(COUNT(I43:K43)=0,"",MEDIAN(I43:K43)) | M43: =IF(COUNTIFS($C:$C,$C43,$D:$D,"기준(전)",$L:$L,">0")<>1,"기준(전) 유효 1개 아님",IF(COUNTIFS($C:$C,$C43,$D:$D,"기준(후)",$L:$L,">0")<>1,"기준(후) 유효 1개 아님",IF(NOT(AND(ISNUMBER(N43),ISNUMBER(P43),ISNUMBER(H43))),"시각 결측",IF(P43<=N43,"기준 시각 역전",IF(OR(H43<N43,H43>P43),"측정시각 구간 밖","OK"))))) | N43: =IF(COUNTIFS($C:$C,$C43,$D:$D,"기준(전)",$L:$L,">0")<>1,"",SUMIFS($H:$H,$C:$C,$C43,$D:$D,"기준(전)")) | O43: =IF(COUNTIFS($C:$C,$C43,$D:$D,"기준(전)",$L:$L,">0")<>1,"",SUMIFS($L:$L,$C:$C,$C43,$D:$D,"기준(전)")) | P43: =IF(COUNTIFS($C:$C,$C43,$D:$D,"기준(후)",$L:$L,">0")<>1,"",SUMIFS($H:$H,$C:$C,$C43,$D:$D,"기준(후)")) | Q43: =IF(COUNTIFS($C:$C,$C43,$D:$D,"기준(후)",$L:$L,">0")<>1,"",SUMIFS($L:$L,$C:$C,$C43,$D:$D,"기준(후)")) | R43: =IF(M43<>"OK","",O43+(Q43-O43)*(H43-N43)/(P43-N43)) | S43: =IF(OR(M43<>"OK",NOT(ISNUMBER(L43))),"",L43-R43) | T43: =IF(OR($D42<>"측정",$C42<>$C43,NOT(ISNUMBER(L43)),NOT(ISNUMBER(L42)),(IF(ISNUMBER(F43),F43,E43)-IF(ISNUMBER(F42),F42,E42))=0),"",(L43-L42)/((IF(ISNUMBER(F43),F43,E43)-IF(ISNUMBER(F42),F42,E42))/100))
A44: S04 | B44: 진안 신규점1 | C44: S04-V | D44: 측정 | E44: 60 | L44: =IF(COUNT(I44:K44)=0,"",MEDIAN(I44:K44)) | M44: =IF(COUNTIFS($C:$C,$C44,$D:$D,"기준(전)",$L:$L,">0")<>1,"기준(전) 유효 1개 아님",IF(COUNTIFS($C:$C,$C44,$D:$D,"기준(후)",$L:$L,">0")<>1,"기준(후) 유효 1개 아님",IF(NOT(AND(ISNUMBER(N44),ISNUMBER(P44),ISNUMBER(H44))),"시각 결측",IF(P44<=N44,"기준 시각 역전",IF(OR(H44<N44,H44>P44),"측정시각 구간 밖","OK"))))) | N44: =IF(COUNTIFS($C:$C,$C44,$D:$D,"기준(전)",$L:$L,">0")<>1,"",SUMIFS($H:$H,$C:$C,$C44,$D:$D,"기준(전)")) | O44: =IF(COUNTIFS($C:$C,$C44,$D:$D,"기준(전)",$L:$L,">0")<>1,"",SUMIFS($L:$L,$C:$C,$C44,$D:$D,"기준(전)")) | P44: =IF(COUNTIFS($C:$C,$C44,$D:$D,"기준(후)",$L:$L,">0")<>1,"",SUMIFS($H:$H,$C:$C,$C44,$D:$D,"기준(후)")) | Q44: =IF(COUNTIFS($C:$C,$C44,$D:$D,"기준(후)",$L:$L,">0")<>1,"",SUMIFS($L:$L,$C:$C,$C44,$D:$D,"기준(후)")) | R44: =IF(M44<>"OK","",O44+(Q44-O44)*(H44-N44)/(P44-N44)) | S44: =IF(OR(M44<>"OK",NOT(ISNUMBER(L44))),"",L44-R44) | T44: =IF(OR($D43<>"측정",$C43<>$C44,NOT(ISNUMBER(L44)),NOT(ISNUMBER(L43)),(IF(ISNUMBER(F44),F44,E44)-IF(ISNUMBER(F43),F43,E43))=0),"",(L44-L43)/((IF(ISNUMBER(F44),F44,E44)-IF(ISNUMBER(F43),F43,E43))/100))
A45: S04 | B45: 진안 신규점1 | C45: S04-V | D45: 측정 | E45: 80 | L45: =IF(COUNT(I45:K45)=0,"",MEDIAN(I45:K45)) | M45: =IF(COUNTIFS($C:$C,$C45,$D:$D,"기준(전)",$L:$L,">0")<>1,"기준(전) 유효 1개 아님",IF(COUNTIFS($C:$C,$C45,$D:$D,"기준(후)",$L:$L,">0")<>1,"기준(후) 유효 1개 아님",IF(NOT(AND(ISNUMBER(N45),ISNUMBER(P45),ISNUMBER(H45))),"시각 결측",IF(P45<=N45,"기준 시각 역전",IF(OR(H45<N45,H45>P45),"측정시각 구간 밖","OK"))))) | N45: =IF(COUNTIFS($C:$C,$C45,$D:$D,"기준(전)",$L:$L,">0")<>1,"",SUMIFS($H:$H,$C:$C,$C45,$D:$D,"기준(전)")) | O45: =IF(COUNTIFS($C:$C,$C45,$D:$D,"기준(전)",$L:$L,">0")<>1,"",SUMIFS($L:$L,$C:$C,$C45,$D:$D,"기준(전)")) | P45: =IF(COUNTIFS($C:$C,$C45,$D:$D,"기준(후)",$L:$L,">0")<>1,"",SUMIFS($H:$H,$C:$C,$C45,$D:$D,"기준(후)")) | Q45: =IF(COUNTIFS($C:$C,$C45,$D:$D,"기준(후)",$L:$L,">0")<>1,"",SUMIFS($L:$L,$C:$C,$C45,$D:$D,"기준(후)")) | R45: =IF(M45<>"OK","",O45+(Q45-O45)*(H45-N45)/(P45-N45)) | S45: =IF(OR(M45<>"OK",NOT(ISNUMBER(L45))),"",L45-R45) | T45: =IF(OR($D44<>"측정",$C44<>$C45,NOT(ISNUMBER(L45)),NOT(ISNUMBER(L44)),(IF(ISNUMBER(F45),F45,E45)-IF(ISNUMBER(F44),F44,E44))=0),"",(L45-L44)/((IF(ISNUMBER(F45),F45,E45)-IF(ISNUMBER(F44),F44,E44))/100))
A46: S04 | B46: 진안 신규점1 | C46: S04-V | D46: 측정 | E46: 100 | L46: =IF(COUNT(I46:K46)=0,"",MEDIAN(I46:K46)) | M46: =IF(COUNTIFS($C:$C,$C46,$D:$D,"기준(전)",$L:$L,">0")<>1,"기준(전) 유효 1개 아님",IF(COUNTIFS($C:$C,$C46,$D:$D,"기준(후)",$L:$L,">0")<>1,"기준(후) 유효 1개 아님",IF(NOT(AND(ISNUMBER(N46),ISNUMBER(P46),ISNUMBER(H46))),"시각 결측",IF(P46<=N46,"기준 시각 역전",IF(OR(H46<N46,H46>P46),"측정시각 구간 밖","OK"))))) | N46: =IF(COUNTIFS($C:$C,$C46,$D:$D,"기준(전)",$L:$L,">0")<>1,"",SUMIFS($H:$H,$C:$C,$C46,$D:$D,"기준(전)")) | O46: =IF(COUNTIFS($C:$C,$C46,$D:$D,"기준(전)",$L:$L,">0")<>1,"",SUMIFS($L:$L,$C:$C,$C46,$D:$D,"기준(전)")) | P46: =IF(COUNTIFS($C:$C,$C46,$D:$D,"기준(후)",$L:$L,">0")<>1,"",SUMIFS($H:$H,$C:$C,$C46,$D:$D,"기준(후)")) | Q46: =IF(COUNTIFS($C:$C,$C46,$D:$D,"기준(후)",$L:$L,">0")<>1,"",SUMIFS($L:$L,$C:$C,$C46,$D:$D,"기준(후)")) | R46: =IF(M46<>"OK","",O46+(Q46-O46)*(H46-N46)/(P46-N46)) | S46: =IF(OR(M46<>"OK",NOT(ISNUMBER(L46))),"",L46-R46) | T46: =IF(OR($D45<>"측정",$C45<>$C46,NOT(ISNUMBER(L46)),NOT(ISNUMBER(L45)),(IF(ISNUMBER(F46),F46,E46)-IF(ISNUMBER(F45),F45,E45))=0),"",(L46-L45)/((IF(ISNUMBER(F46),F46,E46)-IF(ISNUMBER(F45),F45,E45))/100))
A47: S04 | B47: 진안 신규점1 | C47: S04-V | D47: 측정 | E47: 120 | L47: =IF(COUNT(I47:K47)=0,"",MEDIAN(I47:K47)) | M47: =IF(COUNTIFS($C:$C,$C47,$D:$D,"기준(전)",$L:$L,">0")<>1,"기준(전) 유효 1개 아님",IF(COUNTIFS($C:$C,$C47,$D:$D,"기준(후)",$L:$L,">0")<>1,"기준(후) 유효 1개 아님",IF(NOT(AND(ISNUMBER(N47),ISNUMBER(P47),ISNUMBER(H47))),"시각 결측",IF(P47<=N47,"기준 시각 역전",IF(OR(H47<N47,H47>P47),"측정시각 구간 밖","OK"))))) | N47: =IF(COUNTIFS($C:$C,$C47,$D:$D,"기준(전)",$L:$L,">0")<>1,"",SUMIFS($H:$H,$C:$C,$C47,$D:$D,"기준(전)")) | O47: =IF(COUNTIFS($C:$C,$C47,$D:$D,"기준(전)",$L:$L,">0")<>1,"",SUMIFS($L:$L,$C:$C,$C47,$D:$D,"기준(전)")) | P47: =IF(COUNTIFS($C:$C,$C47,$D:$D,"기준(후)",$L:$L,">0")<>1,"",SUMIFS($H:$H,$C:$C,$C47,$D:$D,"기준(후)")) | Q47: =IF(COUNTIFS($C:$C,$C47,$D:$D,"기준(후)",$L:$L,">0")<>1,"",SUMIFS($L:$L,$C:$C,$C47,$D:$D,"기준(후)")) | R47: =IF(M47<>"OK","",O47+(Q47-O47)*(H47-N47)/(P47-N47)) | S47: =IF(OR(M47<>"OK",NOT(ISNUMBER(L47))),"",L47-R47) | T47: =IF(OR($D46<>"측정",$C46<>$C47,NOT(ISNUMBER(L47)),NOT(ISNUMBER(L46)),(IF(ISNUMBER(F47),F47,E47)-IF(ISNUMBER(F46),F46,E46))=0),"",(L47-L46)/((IF(ISNUMBER(F47),F47,E47)-IF(ISNUMBER(F46),F46,E46))/100))
A48: S04 | B48: 진안 신규점1 | C48: S04-V | D48: 측정 | E48: 140 | L48: =IF(COUNT(I48:K48)=0,"",MEDIAN(I48:K48)) | M48: =IF(COUNTIFS($C:$C,$C48,$D:$D,"기준(전)",$L:$L,">0")<>1,"기준(전) 유효 1개 아님",IF(COUNTIFS($C:$C,$C48,$D:$D,"기준(후)",$L:$L,">0")<>1,"기준(후) 유효 1개 아님",IF(NOT(AND(ISNUMBER(N48),ISNUMBER(P48),ISNUMBER(H48))),"시각 결측",IF(P48<=N48,"기준 시각 역전",IF(OR(H48<N48,H48>P48),"측정시각 구간 밖","OK"))))) | N48: =IF(COUNTIFS($C:$C,$C48,$D:$D,"기준(전)",$L:$L,">0")<>1,"",SUMIFS($H:$H,$C:$C,$C48,$D:$D,"기준(전)")) | O48: =IF(COUNTIFS($C:$C,$C48,$D:$D,"기준(전)",$L:$L,">0")<>1,"",SUMIFS($L:$L,$C:$C,$C48,$D:$D,"기준(전)")) | P48: =IF(COUNTIFS($C:$C,$C48,$D:$D,"기준(후)",$L:$L,">0")<>1,"",SUMIFS($H:$H,$C:$C,$C48,$D:$D,"기준(후)")) | Q48: =IF(COUNTIFS($C:$C,$C48,$D:$D,"기준(후)",$L:$L,">0")<>1,"",SUMIFS($L:$L,$C:$C,$C48,$D:$D,"기준(후)")) | R48: =IF(M48<>"OK","",O48+(Q48-O48)*(H48-N48)/(P48-N48)) | S48: =IF(OR(M48<>"OK",NOT(ISNUMBER(L48))),"",L48-R48) | T48: =IF(OR($D47<>"측정",$C47<>$C48,NOT(ISNUMBER(L48)),NOT(ISNUMBER(L47)),(IF(ISNUMBER(F48),F48,E48)-IF(ISNUMBER(F47),F47,E47))=0),"",(L48-L47)/((IF(ISNUMBER(F48),F48,E48)-IF(ISNUMBER(F47),F47,E47))/100))
A49: S04 | B49: 진안 신규점1 | C49: S04-V | D49: 측정 | E49: 160 | L49: =IF(COUNT(I49:K49)=0,"",MEDIAN(I49:K49)) | M49: =IF(COUNTIFS($C:$C,$C49,$D:$D,"기준(전)",$L:$L,">0")<>1,"기준(전) 유효 1개 아님",IF(COUNTIFS($C:$C,$C49,$D:$D,"기준(후)",$L:$L,">0")<>1,"기준(후) 유효 1개 아님",IF(NOT(AND(ISNUMBER(N49),ISNUMBER(P49),ISNUMBER(H49))),"시각 결측",IF(P49<=N49,"기준 시각 역전",IF(OR(H49<N49,H49>P49),"측정시각 구간 밖","OK"))))) | N49: =IF(COUNTIFS($C:$C,$C49,$D:$D,"기준(전)",$L:$L,">0")<>1,"",SUMIFS($H:$H,$C:$C,$C49,$D:$D,"기준(전)")) | O49: =IF(COUNTIFS($C:$C,$C49,$D:$D,"기준(전)",$L:$L,">0")<>1,"",SUMIFS($L:$L,$C:$C,$C49,$D:$D,"기준(전)")) | P49: =IF(COUNTIFS($C:$C,$C49,$D:$D,"기준(후)",$L:$L,">0")<>1,"",SUMIFS($H:$H,$C:$C,$C49,$D:$D,"기준(후)")) | Q49: =IF(COUNTIFS($C:$C,$C49,$D:$D,"기준(후)",$L:$L,">0")<>1,"",SUMIFS($L:$L,$C:$C,$C49,$D:$D,"기준(후)")) | R49: =IF(M49<>"OK","",O49+(Q49-O49)*(H49-N49)/(P49-N49)) | S49: =IF(OR(M49<>"OK",NOT(ISNUMBER(L49))),"",L49-R49) | T49: =IF(OR($D48<>"측정",$C48<>$C49,NOT(ISNUMBER(L49)),NOT(ISNUMBER(L48)),(IF(ISNUMBER(F49),F49,E49)-IF(ISNUMBER(F48),F48,E48))=0),"",(L49-L48)/((IF(ISNUMBER(F49),F49,E49)-IF(ISNUMBER(F48),F48,E48))/100))
A50: S04 | B50: 진안 신규점1 | C50: S04-V | D50: 측정 | E50: 180 | L50: =IF(COUNT(I50:K50)=0,"",MEDIAN(I50:K50)) | M50: =IF(COUNTIFS($C:$C,$C50,$D:$D,"기준(전)",$L:$L,">0")<>1,"기준(전) 유효 1개 아님",IF(COUNTIFS($C:$C,$C50,$D:$D,"기준(후)",$L:$L,">0")<>1,"기준(후) 유효 1개 아님",IF(NOT(AND(ISNUMBER(N50),ISNUMBER(P50),ISNUMBER(H50))),"시각 결측",IF(P50<=N50,"기준 시각 역전",IF(OR(H50<N50,H50>P50),"측정시각 구간 밖","OK"))))) | N50: =IF(COUNTIFS($C:$C,$C50,$D:$D,"기준(전)",$L:$L,">0")<>1,"",SUMIFS($H:$H,$C:$C,$C50,$D:$D,"기준(전)")) | O50: =IF(COUNTIFS($C:$C,$C50,$D:$D,"기준(전)",$L:$L,">0")<>1,"",SUMIFS($L:$L,$C:$C,$C50,$D:$D,"기준(전)")) | P50: =IF(COUNTIFS($C:$C,$C50,$D:$D,"기준(후)",$L:$L,">0")<>1,"",SUMIFS($H:$H,$C:$C,$C50,$D:$D,"기준(후)")) | Q50: =IF(COUNTIFS($C:$C,$C50,$D:$D,"기준(후)",$L:$L,">0")<>1,"",SUMIFS($L:$L,$C:$C,$C50,$D:$D,"기준(후)")) | R50: =IF(M50<>"OK","",O50+(Q50-O50)*(H50-N50)/(P50-N50)) | S50: =IF(OR(M50<>"OK",NOT(ISNUMBER(L50))),"",L50-R50) | T50: =IF(OR($D49<>"측정",$C49<>$C50,NOT(ISNUMBER(L50)),NOT(ISNUMBER(L49)),(IF(ISNUMBER(F50),F50,E50)-IF(ISNUMBER(F49),F49,E49))=0),"",(L50-L49)/((IF(ISNUMBER(F50),F50,E50)-IF(ISNUMBER(F49),F49,E49))/100))
A51: S04 | B51: 진안 신규점1 | C51: S04-V | D51: 측정 | E51: 200 | L51: =IF(COUNT(I51:K51)=0,"",MEDIAN(I51:K51)) | M51: =IF(COUNTIFS($C:$C,$C51,$D:$D,"기준(전)",$L:$L,">0")<>1,"기준(전) 유효 1개 아님",IF(COUNTIFS($C:$C,$C51,$D:$D,"기준(후)",$L:$L,">0")<>1,"기준(후) 유효 1개 아님",IF(NOT(AND(ISNUMBER(N51),ISNUMBER(P51),ISNUMBER(H51))),"시각 결측",IF(P51<=N51,"기준 시각 역전",IF(OR(H51<N51,H51>P51),"측정시각 구간 밖","OK"))))) | N51: =IF(COUNTIFS($C:$C,$C51,$D:$D,"기준(전)",$L:$L,">0")<>1,"",SUMIFS($H:$H,$C:$C,$C51,$D:$D,"기준(전)")) | O51: =IF(COUNTIFS($C:$C,$C51,$D:$D,"기준(전)",$L:$L,">0")<>1,"",SUMIFS($L:$L,$C:$C,$C51,$D:$D,"기준(전)")) | P51: =IF(COUNTIFS($C:$C,$C51,$D:$D,"기준(후)",$L:$L,">0")<>1,"",SUMIFS($H:$H,$C:$C,$C51,$D:$D,"기준(후)")) | Q51: =IF(COUNTIFS($C:$C,$C51,$D:$D,"기준(후)",$L:$L,">0")<>1,"",SUMIFS($L:$L,$C:$C,$C51,$D:$D,"기준(후)")) | R51: =IF(M51<>"OK","",O51+(Q51-O51)*(H51-N51)/(P51-N51)) | S51: =IF(OR(M51<>"OK",NOT(ISNUMBER(L51))),"",L51-R51) | T51: =IF(OR($D50<>"측정",$C50<>$C51,NOT(ISNUMBER(L51)),NOT(ISNUMBER(L50)),(IF(ISNUMBER(F51),F51,E51)-IF(ISNUMBER(F50),F50,E50))=0),"",(L51-L50)/((IF(ISNUMBER(F51),F51,E51)-IF(ISNUMBER(F50),F50,E50))/100))
A52: S04 | B52: 진안 신규점1 | C52: S04-V | D52: 기준(후) | L52: =IF(COUNT(I52:K52)=0,"",MEDIAN(I52:K52))
A53: S05 | B53: 무풍 신규점1 | C53: S05-V | D53: 기준(전) | L53: =IF(COUNT(I53:K53)=0,"",MEDIAN(I53:K53))
A54: S05 | B54: 무풍 신규점1 | C54: S05-V | D54: 측정 | E54: 20 | L54: =IF(COUNT(I54:K54)=0,"",MEDIAN(I54:K54)) | M54: =IF(COUNTIFS($C:$C,$C54,$D:$D,"기준(전)",$L:$L,">0")<>1,"기준(전) 유효 1개 아님",IF(COUNTIFS($C:$C,$C54,$D:$D,"기준(후)",$L:$L,">0")<>1,"기준(후) 유효 1개 아님",IF(NOT(AND(ISNUMBER(N54),ISNUMBER(P54),ISNUMBER(H54))),"시각 결측",IF(P54<=N54,"기준 시각 역전",IF(OR(H54<N54,H54>P54),"측정시각 구간 밖","OK"))))) | N54: =IF(COUNTIFS($C:$C,$C54,$D:$D,"기준(전)",$L:$L,">0")<>1,"",SUMIFS($H:$H,$C:$C,$C54,$D:$D,"기준(전)")) | O54: =IF(COUNTIFS($C:$C,$C54,$D:$D,"기준(전)",$L:$L,">0")<>1,"",SUMIFS($L:$L,$C:$C,$C54,$D:$D,"기준(전)")) | P54: =IF(COUNTIFS($C:$C,$C54,$D:$D,"기준(후)",$L:$L,">0")<>1,"",SUMIFS($H:$H,$C:$C,$C54,$D:$D,"기준(후)")) | Q54: =IF(COUNTIFS($C:$C,$C54,$D:$D,"기준(후)",$L:$L,">0")<>1,"",SUMIFS($L:$L,$C:$C,$C54,$D:$D,"기준(후)")) | R54: =IF(M54<>"OK","",O54+(Q54-O54)*(H54-N54)/(P54-N54)) | S54: =IF(OR(M54<>"OK",NOT(ISNUMBER(L54))),"",L54-R54) | T54: =IF(OR($D53<>"측정",$C53<>$C54,NOT(ISNUMBER(L54)),NOT(ISNUMBER(L53)),(IF(ISNUMBER(F54),F54,E54)-IF(ISNUMBER(F53),F53,E53))=0),"",(L54-L53)/((IF(ISNUMBER(F54),F54,E54)-IF(ISNUMBER(F53),F53,E53))/100))
A55: S05 | B55: 무풍 신규점1 | C55: S05-V | D55: 측정 | E55: 40 | L55: =IF(COUNT(I55:K55)=0,"",MEDIAN(I55:K55)) | M55: =IF(COUNTIFS($C:$C,$C55,$D:$D,"기준(전)",$L:$L,">0")<>1,"기준(전) 유효 1개 아님",IF(COUNTIFS($C:$C,$C55,$D:$D,"기준(후)",$L:$L,">0")<>1,"기준(후) 유효 1개 아님",IF(NOT(AND(ISNUMBER(N55),ISNUMBER(P55),ISNUMBER(H55))),"시각 결측",IF(P55<=N55,"기준 시각 역전",IF(OR(H55<N55,H55>P55),"측정시각 구간 밖","OK"))))) | N55: =IF(COUNTIFS($C:$C,$C55,$D:$D,"기준(전)",$L:$L,">0")<>1,"",SUMIFS($H:$H,$C:$C,$C55,$D:$D,"기준(전)")) | O55: =IF(COUNTIFS($C:$C,$C55,$D:$D,"기준(전)",$L:$L,">0")<>1,"",SUMIFS($L:$L,$C:$C,$C55,$D:$D,"기준(전)")) | P55: =IF(COUNTIFS($C:$C,$C55,$D:$D,"기준(후)",$L:$L,">0")<>1,"",SUMIFS($H:$H,$C:$C,$C55,$D:$D,"기준(후)")) | Q55: =IF(COUNTIFS($C:$C,$C55,$D:$D,"기준(후)",$L:$L,">0")<>1,"",SUMIFS($L:$L,$C:$C,$C55,$D:$D,"기준(후)")) | R55: =IF(M55<>"OK","",O55+(Q55-O55)*(H55-N55)/(P55-N55)) | S55: =IF(OR(M55<>"OK",NOT(ISNUMBER(L55))),"",L55-R55) | T55: =IF(OR($D54<>"측정",$C54<>$C55,NOT(ISNUMBER(L55)),NOT(ISNUMBER(L54)),(IF(ISNUMBER(F55),F55,E55)-IF(ISNUMBER(F54),F54,E54))=0),"",(L55-L54)/((IF(ISNUMBER(F55),F55,E55)-IF(ISNUMBER(F54),F54,E54))/100))
A56: S05 | B56: 무풍 신규점1 | C56: S05-V | D56: 측정 | E56: 60 | L56: =IF(COUNT(I56:K56)=0,"",MEDIAN(I56:K56)) | M56: =IF(COUNTIFS($C:$C,$C56,$D:$D,"기준(전)",$L:$L,">0")<>1,"기준(전) 유효 1개 아님",IF(COUNTIFS($C:$C,$C56,$D:$D,"기준(후)",$L:$L,">0")<>1,"기준(후) 유효 1개 아님",IF(NOT(AND(ISNUMBER(N56),ISNUMBER(P56),ISNUMBER(H56))),"시각 결측",IF(P56<=N56,"기준 시각 역전",IF(OR(H56<N56,H56>P56),"측정시각 구간 밖","OK"))))) | N56: =IF(COUNTIFS($C:$C,$C56,$D:$D,"기준(전)",$L:$L,">0")<>1,"",SUMIFS($H:$H,$C:$C,$C56,$D:$D,"기준(전)")) | O56: =IF(COUNTIFS($C:$C,$C56,$D:$D,"기준(전)",$L:$L,">0")<>1,"",SUMIFS($L:$L,$C:$C,$C56,$D:$D,"기준(전)")) | P56: =IF(COUNTIFS($C:$C,$C56,$D:$D,"기준(후)",$L:$L,">0")<>1,"",SUMIFS($H:$H,$C:$C,$C56,$D:$D,"기준(후)")) | Q56: =IF(COUNTIFS($C:$C,$C56,$D:$D,"기준(후)",$L:$L,">0")<>1,"",SUMIFS($L:$L,$C:$C,$C56,$D:$D,"기준(후)")) | R56: =IF(M56<>"OK","",O56+(Q56-O56)*(H56-N56)/(P56-N56)) | S56: =IF(OR(M56<>"OK",NOT(ISNUMBER(L56))),"",L56-R56) | T56: =IF(OR($D55<>"측정",$C55<>$C56,NOT(ISNUMBER(L56)),NOT(ISNUMBER(L55)),(IF(ISNUMBER(F56),F56,E56)-IF(ISNUMBER(F55),F55,E55))=0),"",(L56-L55)/((IF(ISNUMBER(F56),F56,E56)-IF(ISNUMBER(F55),F55,E55))/100))
A57: S05 | B57: 무풍 신규점1 | C57: S05-V | D57: 측정 | E57: 80 | L57: =IF(COUNT(I57:K57)=0,"",MEDIAN(I57:K57)) | M57: =IF(COUNTIFS($C:$C,$C57,$D:$D,"기준(전)",$L:$L,">0")<>1,"기준(전) 유효 1개 아님",IF(COUNTIFS($C:$C,$C57,$D:$D,"기준(후)",$L:$L,">0")<>1,"기준(후) 유효 1개 아님",IF(NOT(AND(ISNUMBER(N57),ISNUMBER(P57),ISNUMBER(H57))),"시각 결측",IF(P57<=N57,"기준 시각 역전",IF(OR(H57<N57,H57>P57),"측정시각 구간 밖","OK"))))) | N57: =IF(COUNTIFS($C:$C,$C57,$D:$D,"기준(전)",$L:$L,">0")<>1,"",SUMIFS($H:$H,$C:$C,$C57,$D:$D,"기준(전)")) | O57: =IF(COUNTIFS($C:$C,$C57,$D:$D,"기준(전)",$L:$L,">0")<>1,"",SUMIFS($L:$L,$C:$C,$C57,$D:$D,"기준(전)")) | P57: =IF(COUNTIFS($C:$C,$C57,$D:$D,"기준(후)",$L:$L,">0")<>1,"",SUMIFS($H:$H,$C:$C,$C57,$D:$D,"기준(후)")) | Q57: =IF(COUNTIFS($C:$C,$C57,$D:$D,"기준(후)",$L:$L,">0")<>1,"",SUMIFS($L:$L,$C:$C,$C57,$D:$D,"기준(후)")) | R57: =IF(M57<>"OK","",O57+(Q57-O57)*(H57-N57)/(P57-N57)) | S57: =IF(OR(M57<>"OK",NOT(ISNUMBER(L57))),"",L57-R57) | T57: =IF(OR($D56<>"측정",$C56<>$C57,NOT(ISNUMBER(L57)),NOT(ISNUMBER(L56)),(IF(ISNUMBER(F57),F57,E57)-IF(ISNUMBER(F56),F56,E56))=0),"",(L57-L56)/((IF(ISNUMBER(F57),F57,E57)-IF(ISNUMBER(F56),F56,E56))/100))
A58: S05 | B58: 무풍 신규점1 | C58: S05-V | D58: 측정 | E58: 100 | L58: =IF(COUNT(I58:K58)=0,"",MEDIAN(I58:K58)) | M58: =IF(COUNTIFS($C:$C,$C58,$D:$D,"기준(전)",$L:$L,">0")<>1,"기준(전) 유효 1개 아님",IF(COUNTIFS($C:$C,$C58,$D:$D,"기준(후)",$L:$L,">0")<>1,"기준(후) 유효 1개 아님",IF(NOT(AND(ISNUMBER(N58),ISNUMBER(P58),ISNUMBER(H58))),"시각 결측",IF(P58<=N58,"기준 시각 역전",IF(OR(H58<N58,H58>P58),"측정시각 구간 밖","OK"))))) | N58: =IF(COUNTIFS($C:$C,$C58,$D:$D,"기준(전)",$L:$L,">0")<>1,"",SUMIFS($H:$H,$C:$C,$C58,$D:$D,"기준(전)")) | O58: =IF(COUNTIFS($C:$C,$C58,$D:$D,"기준(전)",$L:$L,">0")<>1,"",SUMIFS($L:$L,$C:$C,$C58,$D:$D,"기준(전)")) | P58: =IF(COUNTIFS($C:$C,$C58,$D:$D,"기준(후)",$L:$L,">0")<>1,"",SUMIFS($H:$H,$C:$C,$C58,$D:$D,"기준(후)")) | Q58: =IF(COUNTIFS($C:$C,$C58,$D:$D,"기준(후)",$L:$L,">0")<>1,"",SUMIFS($L:$L,$C:$C,$C58,$D:$D,"기준(후)")) | R58: =IF(M58<>"OK","",O58+(Q58-O58)*(H58-N58)/(P58-N58)) | S58: =IF(OR(M58<>"OK",NOT(ISNUMBER(L58))),"",L58-R58) | T58: =IF(OR($D57<>"측정",$C57<>$C58,NOT(ISNUMBER(L58)),NOT(ISNUMBER(L57)),(IF(ISNUMBER(F58),F58,E58)-IF(ISNUMBER(F57),F57,E57))=0),"",(L58-L57)/((IF(ISNUMBER(F58),F58,E58)-IF(ISNUMBER(F57),F57,E57))/100))
A59: S05 | B59: 무풍 신규점1 | C59: S05-V | D59: 측정 | E59: 120 | L59: =IF(COUNT(I59:K59)=0,"",MEDIAN(I59:K59)) | M59: =IF(COUNTIFS($C:$C,$C59,$D:$D,"기준(전)",$L:$L,">0")<>1,"기준(전) 유효 1개 아님",IF(COUNTIFS($C:$C,$C59,$D:$D,"기준(후)",$L:$L,">0")<>1,"기준(후) 유효 1개 아님",IF(NOT(AND(ISNUMBER(N59),ISNUMBER(P59),ISNUMBER(H59))),"시각 결측",IF(P59<=N59,"기준 시각 역전",IF(OR(H59<N59,H59>P59),"측정시각 구간 밖","OK"))))) | N59: =IF(COUNTIFS($C:$C,$C59,$D:$D,"기준(전)",$L:$L,">0")<>1,"",SUMIFS($H:$H,$C:$C,$C59,$D:$D,"기준(전)")) | O59: =IF(COUNTIFS($C:$C,$C59,$D:$D,"기준(전)",$L:$L,">0")<>1,"",SUMIFS($L:$L,$C:$C,$C59,$D:$D,"기준(전)")) | P59: =IF(COUNTIFS($C:$C,$C59,$D:$D,"기준(후)",$L:$L,">0")<>1,"",SUMIFS($H:$H,$C:$C,$C59,$D:$D,"기준(후)")) | Q59: =IF(COUNTIFS($C:$C,$C59,$D:$D,"기준(후)",$L:$L,">0")<>1,"",SUMIFS($L:$L,$C:$C,$C59,$D:$D,"기준(후)")) | R59: =IF(M59<>"OK","",O59+(Q59-O59)*(H59-N59)/(P59-N59)) | S59: =IF(OR(M59<>"OK",NOT(ISNUMBER(L59))),"",L59-R59) | T59: =IF(OR($D58<>"측정",$C58<>$C59,NOT(ISNUMBER(L59)),NOT(ISNUMBER(L58)),(IF(ISNUMBER(F59),F59,E59)-IF(ISNUMBER(F58),F58,E58))=0),"",(L59-L58)/((IF(ISNUMBER(F59),F59,E59)-IF(ISNUMBER(F58),F58,E58))/100))
A60: S05 | B60: 무풍 신규점1 | C60: S05-V | D60: 측정 | E60: 140 | L60: =IF(COUNT(I60:K60)=0,"",MEDIAN(I60:K60)) | M60: =IF(COUNTIFS($C:$C,$C60,$D:$D,"기준(전)",$L:$L,">0")<>1,"기준(전) 유효 1개 아님",IF(COUNTIFS($C:$C,$C60,$D:$D,"기준(후)",$L:$L,">0")<>1,"기준(후) 유효 1개 아님",IF(NOT(AND(ISNUMBER(N60),ISNUMBER(P60),ISNUMBER(H60))),"시각 결측",IF(P60<=N60,"기준 시각 역전",IF(OR(H60<N60,H60>P60),"측정시각 구간 밖","OK"))))) | N60: =IF(COUNTIFS($C:$C,$C60,$D:$D,"기준(전)",$L:$L,">0")<>1,"",SUMIFS($H:$H,$C:$C,$C60,$D:$D,"기준(전)")) | O60: =IF(COUNTIFS($C:$C,$C60,$D:$D,"기준(전)",$L:$L,">0")<>1,"",SUMIFS($L:$L,$C:$C,$C60,$D:$D,"기준(전)")) | P60: =IF(COUNTIFS($C:$C,$C60,$D:$D,"기준(후)",$L:$L,">0")<>1,"",SUMIFS($H:$H,$C:$C,$C60,$D:$D,"기준(후)")) | Q60: =IF(COUNTIFS($C:$C,$C60,$D:$D,"기준(후)",$L:$L,">0")<>1,"",SUMIFS($L:$L,$C:$C,$C60,$D:$D,"기준(후)")) | R60: =IF(M60<>"OK","",O60+(Q60-O60)*(H60-N60)/(P60-N60)) | S60: =IF(OR(M60<>"OK",NOT(ISNUMBER(L60))),"",L60-R60) | T60: =IF(OR($D59<>"측정",$C59<>$C60,NOT(ISNUMBER(L60)),NOT(ISNUMBER(L59)),(IF(ISNUMBER(F60),F60,E60)-IF(ISNUMBER(F59),F59,E59))=0),"",(L60-L59)/((IF(ISNUMBER(F60),F60,E60)-IF(ISNUMBER(F59),F59,E59))/100))
A61: S05 | B61: 무풍 신규점1 | C61: S05-V | D61: 측정 | E61: 160 | L61: =IF(COUNT(I61:K61)=0,"",MEDIAN(I61:K61)) | M61: =IF(COUNTIFS($C:$C,$C61,$D:$D,"기준(전)",$L:$L,">0")<>1,"기준(전) 유효 1개 아님",IF(COUNTIFS($C:$C,$C61,$D:$D,"기준(후)",$L:$L,">0")<>1,"기준(후) 유효 1개 아님",IF(NOT(AND(ISNUMBER(N61),ISNUMBER(P61),ISNUMBER(H61))),"시각 결측",IF(P61<=N61,"기준 시각 역전",IF(OR(H61<N61,H61>P61),"측정시각 구간 밖","OK"))))) | N61: =IF(COUNTIFS($C:$C,$C61,$D:$D,"기준(전)",$L:$L,">0")<>1,"",SUMIFS($H:$H,$C:$C,$C61,$D:$D,"기준(전)")) | O61: =IF(COUNTIFS($C:$C,$C61,$D:$D,"기준(전)",$L:$L,">0")<>1,"",SUMIFS($L:$L,$C:$C,$C61,$D:$D,"기준(전)")) | P61: =IF(COUNTIFS($C:$C,$C61,$D:$D,"기준(후)",$L:$L,">0")<>1,"",SUMIFS($H:$H,$C:$C,$C61,$D:$D,"기준(후)")) | Q61: =IF(COUNTIFS($C:$C,$C61,$D:$D,"기준(후)",$L:$L,">0")<>1,"",SUMIFS($L:$L,$C:$C,$C61,$D:$D,"기준(후)")) | R61: =IF(M61<>"OK","",O61+(Q61-O61)*(H61-N61)/(P61-N61)) | S61: =IF(OR(M61<>"OK",NOT(ISNUMBER(L61))),"",L61-R61) | T61: =IF(OR($D60<>"측정",$C60<>$C61,NOT(ISNUMBER(L61)),NOT(ISNUMBER(L60)),(IF(ISNUMBER(F61),F61,E61)-IF(ISNUMBER(F60),F60,E60))=0),"",(L61-L60)/((IF(ISNUMBER(F61),F61,E61)-IF(ISNUMBER(F60),F60,E60))/100))
A62: S05 | B62: 무풍 신규점1 | C62: S05-V | D62: 측정 | E62: 180 | L62: =IF(COUNT(I62:K62)=0,"",MEDIAN(I62:K62)) | M62: =IF(COUNTIFS($C:$C,$C62,$D:$D,"기준(전)",$L:$L,">0")<>1,"기준(전) 유효 1개 아님",IF(COUNTIFS($C:$C,$C62,$D:$D,"기준(후)",$L:$L,">0")<>1,"기준(후) 유효 1개 아님",IF(NOT(AND(ISNUMBER(N62),ISNUMBER(P62),ISNUMBER(H62))),"시각 결측",IF(P62<=N62,"기준 시각 역전",IF(OR(H62<N62,H62>P62),"측정시각 구간 밖","OK"))))) | N62: =IF(COUNTIFS($C:$C,$C62,$D:$D,"기준(전)",$L:$L,">0")<>1,"",SUMIFS($H:$H,$C:$C,$C62,$D:$D,"기준(전)")) | O62: =IF(COUNTIFS($C:$C,$C62,$D:$D,"기준(전)",$L:$L,">0")<>1,"",SUMIFS($L:$L,$C:$C,$C62,$D:$D,"기준(전)")) | P62: =IF(COUNTIFS($C:$C,$C62,$D:$D,"기준(후)",$L:$L,">0")<>1,"",SUMIFS($H:$H,$C:$C,$C62,$D:$D,"기준(후)")) | Q62: =IF(COUNTIFS($C:$C,$C62,$D:$D,"기준(후)",$L:$L,">0")<>1,"",SUMIFS($L:$L,$C:$C,$C62,$D:$D,"기준(후)")) | R62: =IF(M62<>"OK","",O62+(Q62-O62)*(H62-N62)/(P62-N62)) | S62: =IF(OR(M62<>"OK",NOT(ISNUMBER(L62))),"",L62-R62) | T62: =IF(OR($D61<>"측정",$C61<>$C62,NOT(ISNUMBER(L62)),NOT(ISNUMBER(L61)),(IF(ISNUMBER(F62),F62,E62)-IF(ISNUMBER(F61),F61,E61))=0),"",(L62-L61)/((IF(ISNUMBER(F62),F62,E62)-IF(ISNUMBER(F61),F61,E61))/100))
A63: S05 | B63: 무풍 신규점1 | C63: S05-V | D63: 측정 | E63: 200 | L63: =IF(COUNT(I63:K63)=0,"",MEDIAN(I63:K63)) | M63: =IF(COUNTIFS($C:$C,$C63,$D:$D,"기준(전)",$L:$L,">0")<>1,"기준(전) 유효 1개 아님",IF(COUNTIFS($C:$C,$C63,$D:$D,"기준(후)",$L:$L,">0")<>1,"기준(후) 유효 1개 아님",IF(NOT(AND(ISNUMBER(N63),ISNUMBER(P63),ISNUMBER(H63))),"시각 결측",IF(P63<=N63,"기준 시각 역전",IF(OR(H63<N63,H63>P63),"측정시각 구간 밖","OK"))))) | N63: =IF(COUNTIFS($C:$C,$C63,$D:$D,"기준(전)",$L:$L,">0")<>1,"",SUMIFS($H:$H,$C:$C,$C63,$D:$D,"기준(전)")) | O63: =IF(COUNTIFS($C:$C,$C63,$D:$D,"기준(전)",$L:$L,">0")<>1,"",SUMIFS($L:$L,$C:$C,$C63,$D:$D,"기준(전)")) | P63: =IF(COUNTIFS($C:$C,$C63,$D:$D,"기준(후)",$L:$L,">0")<>1,"",SUMIFS($H:$H,$C:$C,$C63,$D:$D,"기준(후)")) | Q63: =IF(COUNTIFS($C:$C,$C63,$D:$D,"기준(후)",$L:$L,">0")<>1,"",SUMIFS($L:$L,$C:$C,$C63,$D:$D,"기준(후)")) | R63: =IF(M63<>"OK","",O63+(Q63-O63)*(H63-N63)/(P63-N63)) | S63: =IF(OR(M63<>"OK",NOT(ISNUMBER(L63))),"",L63-R63) | T63: =IF(OR($D62<>"측정",$C62<>$C63,NOT(ISNUMBER(L63)),NOT(ISNUMBER(L62)),(IF(ISNUMBER(F63),F63,E63)-IF(ISNUMBER(F62),F62,E62))=0),"",(L63-L62)/((IF(ISNUMBER(F63),F63,E63)-IF(ISNUMBER(F62),F62,E62))/100))
A64: S05 | B64: 무풍 신규점1 | C64: S05-V | D64: 기준(후) | L64: =IF(COUNT(I64:K64)=0,"",MEDIAN(I64:K64))
A65: S06 | B65: 길담 신규점 | C65: S06-V | D65: 기준(전) | L65: =IF(COUNT(I65:K65)=0,"",MEDIAN(I65:K65))
A66: S06 | B66: 길담 신규점 | C66: S06-V | D66: 측정 | E66: 20 | L66: =IF(COUNT(I66:K66)=0,"",MEDIAN(I66:K66)) | M66: =IF(COUNTIFS($C:$C,$C66,$D:$D,"기준(전)",$L:$L,">0")<>1,"기준(전) 유효 1개 아님",IF(COUNTIFS($C:$C,$C66,$D:$D,"기준(후)",$L:$L,">0")<>1,"기준(후) 유효 1개 아님",IF(NOT(AND(ISNUMBER(N66),ISNUMBER(P66),ISNUMBER(H66))),"시각 결측",IF(P66<=N66,"기준 시각 역전",IF(OR(H66<N66,H66>P66),"측정시각 구간 밖","OK"))))) | N66: =IF(COUNTIFS($C:$C,$C66,$D:$D,"기준(전)",$L:$L,">0")<>1,"",SUMIFS($H:$H,$C:$C,$C66,$D:$D,"기준(전)")) | O66: =IF(COUNTIFS($C:$C,$C66,$D:$D,"기준(전)",$L:$L,">0")<>1,"",SUMIFS($L:$L,$C:$C,$C66,$D:$D,"기준(전)")) | P66: =IF(COUNTIFS($C:$C,$C66,$D:$D,"기준(후)",$L:$L,">0")<>1,"",SUMIFS($H:$H,$C:$C,$C66,$D:$D,"기준(후)")) | Q66: =IF(COUNTIFS($C:$C,$C66,$D:$D,"기준(후)",$L:$L,">0")<>1,"",SUMIFS($L:$L,$C:$C,$C66,$D:$D,"기준(후)")) | R66: =IF(M66<>"OK","",O66+(Q66-O66)*(H66-N66)/(P66-N66)) | S66: =IF(OR(M66<>"OK",NOT(ISNUMBER(L66))),"",L66-R66) | T66: =IF(OR($D65<>"측정",$C65<>$C66,NOT(ISNUMBER(L66)),NOT(ISNUMBER(L65)),(IF(ISNUMBER(F66),F66,E66)-IF(ISNUMBER(F65),F65,E65))=0),"",(L66-L65)/((IF(ISNUMBER(F66),F66,E66)-IF(ISNUMBER(F65),F65,E65))/100))
A67: S06 | B67: 길담 신규점 | C67: S06-V | D67: 측정 | E67: 40 | L67: =IF(COUNT(I67:K67)=0,"",MEDIAN(I67:K67)) | M67: =IF(COUNTIFS($C:$C,$C67,$D:$D,"기준(전)",$L:$L,">0")<>1,"기준(전) 유효 1개 아님",IF(COUNTIFS($C:$C,$C67,$D:$D,"기준(후)",$L:$L,">0")<>1,"기준(후) 유효 1개 아님",IF(NOT(AND(ISNUMBER(N67),ISNUMBER(P67),ISNUMBER(H67))),"시각 결측",IF(P67<=N67,"기준 시각 역전",IF(OR(H67<N67,H67>P67),"측정시각 구간 밖","OK"))))) | N67: =IF(COUNTIFS($C:$C,$C67,$D:$D,"기준(전)",$L:$L,">0")<>1,"",SUMIFS($H:$H,$C:$C,$C67,$D:$D,"기준(전)")) | O67: =IF(COUNTIFS($C:$C,$C67,$D:$D,"기준(전)",$L:$L,">0")<>1,"",SUMIFS($L:$L,$C:$C,$C67,$D:$D,"기준(전)")) | P67: =IF(COUNTIFS($C:$C,$C67,$D:$D,"기준(후)",$L:$L,">0")<>1,"",SUMIFS($H:$H,$C:$C,$C67,$D:$D,"기준(후)")) | Q67: =IF(COUNTIFS($C:$C,$C67,$D:$D,"기준(후)",$L:$L,">0")<>1,"",SUMIFS($L:$L,$C:$C,$C67,$D:$D,"기준(후)")) | R67: =IF(M67<>"OK","",O67+(Q67-O67)*(H67-N67)/(P67-N67)) | S67: =IF(OR(M67<>"OK",NOT(ISNUMBER(L67))),"",L67-R67) | T67: =IF(OR($D66<>"측정",$C66<>$C67,NOT(ISNUMBER(L67)),NOT(ISNUMBER(L66)),(IF(ISNUMBER(F67),F67,E67)-IF(ISNUMBER(F66),F66,E66))=0),"",(L67-L66)/((IF(ISNUMBER(F67),F67,E67)-IF(ISNUMBER(F66),F66,E66))/100))
A68: S06 | B68: 길담 신규점 | C68: S06-V | D68: 측정 | E68: 60 | L68: =IF(COUNT(I68:K68)=0,"",MEDIAN(I68:K68)) | M68: =IF(COUNTIFS($C:$C,$C68,$D:$D,"기준(전)",$L:$L,">0")<>1,"기준(전) 유효 1개 아님",IF(COUNTIFS($C:$C,$C68,$D:$D,"기준(후)",$L:$L,">0")<>1,"기준(후) 유효 1개 아님",IF(NOT(AND(ISNUMBER(N68),ISNUMBER(P68),ISNUMBER(H68))),"시각 결측",IF(P68<=N68,"기준 시각 역전",IF(OR(H68<N68,H68>P68),"측정시각 구간 밖","OK"))))) | N68: =IF(COUNTIFS($C:$C,$C68,$D:$D,"기준(전)",$L:$L,">0")<>1,"",SUMIFS($H:$H,$C:$C,$C68,$D:$D,"기준(전)")) | O68: =IF(COUNTIFS($C:$C,$C68,$D:$D,"기준(전)",$L:$L,">0")<>1,"",SUMIFS($L:$L,$C:$C,$C68,$D:$D,"기준(전)")) | P68: =IF(COUNTIFS($C:$C,$C68,$D:$D,"기준(후)",$L:$L,">0")<>1,"",SUMIFS($H:$H,$C:$C,$C68,$D:$D,"기준(후)")) | Q68: =IF(COUNTIFS($C:$C,$C68,$D:$D,"기준(후)",$L:$L,">0")<>1,"",SUMIFS($L:$L,$C:$C,$C68,$D:$D,"기준(후)")) | R68: =IF(M68<>"OK","",O68+(Q68-O68)*(H68-N68)/(P68-N68)) | S68: =IF(OR(M68<>"OK",NOT(ISNUMBER(L68))),"",L68-R68) | T68: =IF(OR($D67<>"측정",$C67<>$C68,NOT(ISNUMBER(L68)),NOT(ISNUMBER(L67)),(IF(ISNUMBER(F68),F68,E68)-IF(ISNUMBER(F67),F67,E67))=0),"",(L68-L67)/((IF(ISNUMBER(F68),F68,E68)-IF(ISNUMBER(F67),F67,E67))/100))
