Workbook
Name KpFix_01: '01_태백 신규점'!$AJ$1:$AJ$2
Name KpFix_01: '02_임계 신규점1'!$AJ$1:$AJ$2
Name KpFix_01: '03_예산 신규점2'!$AJ$1:$AJ$2
Name KpFix_01: '04_진안 신규점1'!$AJ$1:$AJ$2
Name KpFix_01: '05_무풍 신규점1'!$AJ$1:$AJ$2
Name KpFix_01: '06_길담 신규점'!$AJ$1:$AJ$2
Name KpFix_01: '07_남해 신규점1'!$AJ$1:$AJ$2
Name KpFix_01: '08_청일 신규점2'!$AJ$1:$AJ$2
Name KpFix_01: '09_어론 신규점'!$AJ$1:$AJ$2
Name KpFix_01: '10_예안 신규점1'!$AJ$1:$AJ$2
Name KpFix_01: '11_소천 신규점4'!$AJ$1:$AJ$2
Name KpFix_01: '12_순창 신규점'!$AJ$1:$AJ$2
Name KpFix_01: '13_순천 신규점'!$AJ$1:$AJ$2
Name KpFix_01: '14_청송 신규점1'!$AJ$1:$AJ$2
Name KpFix_01: '15_의성 신규점'!$AJ$1:$AJ$2
Name KpFix_01: '16_예천 신규점'!$AJ$1:$AJ$2
Name KpFix_01: '17_영양 신규점4'!$AJ$1:$AJ$2
Name KpFix_01: '18_통영 신규점'!$AJ$1:$AJ$2
Name KpFix_01: '19_오호 신규점'!$AJ$1:$AJ$2
Name KpFix_01: '20_보령 신규점2'!$AJ$1:$AJ$2
Name KpFix_01: '21_담양 신규점2'!$AJ$1:$AJ$2
Name KpFix_01: '22_완도 신규점'!$AJ$1:$AJ$2
Name KpFix_01: '23_덕산 신규점1'!$AJ$1:$AJ$2
Name KpFix_01: '24_회천 신규점2'!$AJ$1:$AJ$2
Name KpFix_01: '25_관리 신규점3'!$AJ$1:$AJ$2
Name KpFix_01: '26_고남 신규점2'!$AJ$1:$AJ$2
Name KpFix_01: '27_전의 신규점'!$AJ$1:$AJ$2
Name KpFix_01: '28_이원 신규점'!$AJ$1:$AJ$2
Name KpFix_01: '29_가야 신규점1'!$AJ$1:$AJ$2
Name KpFix_01: '30_창녕 신규점'!$AJ$1:$AJ$2
Name KpFix_01: '31_언양 신규점3'!$AJ$1:$AJ$2
Name KpFix_01: '32_함양 신규점'!$AJ$1:$AJ$2
Name KpFix_01: '33_문산 신규점'!$AJ$1:$AJ$2
Name KpFix_01: '34_부안 신규점'!$AJ$1:$AJ$2
Name KpFix_01: '35_상주'!$AJ$1:$AJ$2
Name KpFix_01: '36_미원'!$AJ$1:$AJ$2
Name KpFix_01: '37_부안'!$AJ$1:$AJ$2
Name KpFix_01: '38_강화'!$AJ$1:$AJ$2
Name KpFix_01: '39_언양'!$AJ$1:$AJ$2
Name KpFix_01: '40_남지'!$AJ$1:$AJ$2
Name KpFix_01: '41_거제'!$AJ$1:$AJ$2
Name KpFix_01: '42_조도'!$AJ$1:$AJ$2
Name KpFix_01: '43_포천'!$AJ$1:$AJ$2
Name KpFix_01: '44_성산'!$AJ$1:$AJ$2
Name KpFix_01: '45_여주'!$AJ$1:$AJ$2
Name KpFix_01: '46_화천'!$AJ$1:$AJ$2
Name KpFix_01: '47_봉평'!$AJ$1:$AJ$2
Name KpFix_01: '48_삼척'!$AJ$1:$AJ$2
Name KpFix_01: '49_제천'!$AJ$1:$AJ$2
Name KpFix_01: '50_함양'!$AJ$1:$AJ$2
Name KpPre27_01: '01_태백 신규점'!$AI$1:$AI$41
Name KpPre27_01: '02_임계 신규점1'!$AI$1:$AI$40
Name KpPre27_01: '03_예산 신규점2'!$AI$1:$AI$40
Name KpPre27_01: '04_진안 신규점1'!$AI$1:$AI$40
Name KpPre27_01: '05_무풍 신규점1'!$AI$1:$AI$40
Name KpPre27_01: '06_길담 신규점'!$AI$1:$AI$40
Name KpPre27_01: '07_남해 신규점1'!$AI$1:$AI$40
Name KpPre27_01: '08_청일 신규점2'!$AI$1:$AI$40
Name KpPre27_01: '09_어론 신규점'!$AI$1:$AI$40
Name KpPre27_01: '10_예안 신규점1'!$AI$1:$AI$40

Sheet ⑧a Kp 예보
A1: NOAA Kp 예보 조회 | U1: NOAA 3-day raw | W1: NOAA 27-day raw | Y1: 선택일 KST 시각 | Z1: Kp | AB1: 선택일 전후 UTC 날짜 | AC1: 일 최대 Kp
A2: ⑧ 시트 C열에 탐사일시를 한국시간(KST)으로 입력하면 E·F열이 자동 계산됩니다. 인터넷 연결 후 ‘데이터 > 모두 새로 고침’을 실행하십시오. | U2: :Product: 3-Day Forecast | W2: :Product: 27-day Space Weather Outlook Table 27DO.txt | Y2: =IF($B$4="","",TEXT(INT($B$4)+(ROW()-2)*3/24,"hh:mm")) -> 00:00 | Z2: =IF($B$4="",NA(),IF(AND(INT($B$4)+(ROW()-2)*3/24-9/24>=$A$12,INT($B$4)+(ROW()-2)*3/24-9/24<$B$35),INDEX($E$12:$E$35,MATCH(INT($B$4)+(ROW()-2)*3/24-9/24,$A$12:$A$35,1)),NA())) -> #N/A | AB2: =IF($B$4="","",TEXT(MAX($H$12,MIN(INT($B$4-9/24)-3,$H$38-6))+ROW()-2,"m/d")) -> 9/21 | AC2: =IF($B$4="",NA(),IFERROR(INDEX($I$12:$I$38,MATCH(MAX($H$12,MIN(INT($B$4-9/24)-3,$H$38-6))+ROW()-2,$H$12:$H$38,0)),NA())) -> 2
U3: :Issued: 2026 Sep 21 1230 UTC | W3: :Issued: 2026 Sep 21 0317 UTC | Y3: =IF($B$4="","",TEXT(INT($B$4)+(ROW()-2)*3/24,"hh:mm")) -> 03:00 | Z3: =IF($B$4="",NA(),IF(AND(INT($B$4)+(ROW()-2)*3/24-9/24>=$A$12,INT($B$4)+(ROW()-2)*3/24-9/24<$B$35),INDEX($E$12:$E$35,MATCH(INT($B$4)+(ROW()-2)*3/24-9/24,$A$12:$A$35,1)),NA())) -> #N/A | AB3: =IF($B$4="","",TEXT(MAX($H$12,MIN(INT($B$4-9/24)-3,$H$38-6))+ROW()-2,"m/d")) -> 9/22 | AC3: =IF($B$4="",NA(),IFERROR(INDEX($I$12:$I$38,MATCH(MAX($H$12,MIN(INT($B$4-9/24)-3,$H$38-6))+ROW()-2,$H$12:$H$38,0)),NA())) -> 2
A4: 조회 날짜·시각 (KST) | B4: 46279.547 | D4: 3일 예보 발행 (UTC) | E4: =IF($U$3="","미수신",MID($U$3,9,24)) -> 2026 Sep 21 1230 UTC | U4: # Prepared by the U.S. Dept. of Commerce, NOAA, Space Weather Prediction Center | W4: # Prepared by the US Dept. of Commerce, NOAA, Space Weather Prediction Center | Y4: =IF($B$4="","",TEXT(INT($B$4)+(ROW()-2)*3/24,"hh:mm")) -> 06:00 | Z4: =IF($B$4="",NA(),IF(AND(INT($B$4)+(ROW()-2)*3/24-9/24>=$A$12,INT($B$4)+(ROW()-2)*3/24-9/24<$B$35),INDEX($E$12:$E$35,MATCH(INT($B$4)+(ROW()-2)*3/24-9/24,$A$12:$A$35,1)),NA())) -> #N/A | AB4: =IF($B$4="","",TEXT(MAX($H$12,MIN(INT($B$4-9/24)-3,$H$38-6))+ROW()-2,"m/d")) -> 9/23 | AC4: =IF($B$4="",NA(),IFERROR(INDEX($I$12:$I$38,MATCH(MAX($H$12,MIN(INT($B$4-9/24)-3,$H$38-6))+ROW()-2,$H$12:$H$38,0)),NA())) -> 2
A5: UTC 환산 | B5: =IF(B4="","",B4-9/24) -> 46279.172 | D5: 27일 예보 발행 (UTC) | E5: =IF($W$3="","미수신",MID($W$3,9,24)) -> 2026 Sep 21 0317 UTC | U5: # | W5: # Product description and SWPC contact on the Web | Y5: =IF($B$4="","",TEXT(INT($B$4)+(ROW()-2)*3/24,"hh:mm")) -> 09:00 | Z5: =IF($B$4="",NA(),IF(AND(INT($B$4)+(ROW()-2)*3/24-9/24>=$A$12,INT($B$4)+(ROW()-2)*3/24-9/24<$B$35),INDEX($E$12:$E$35,MATCH(INT($B$4)+(ROW()-2)*3/24-9/24,$A$12:$A$35,1)),NA())) -> #N/A | AB5: =IF($B$4="","",TEXT(MAX($H$12,MIN(INT($B$4-9/24)-3,$H$38-6))+ROW()-2,"m/d")) -> 9/24 | AC5: =IF($B$4="",NA(),IFERROR(INDEX($I$12:$I$38,MATCH(MAX($H$12,MIN(INT($B$4-9/24)-3,$H$38-6))+ROW()-2,$H$12:$H$38,0)),NA())) -> 4
A6: 3일 예보 Kp (3시간) | B6: =IF(B4="","",IF(AND(B5>=$A$12,B5<$B$35),INDEX($E$12:$E$35,MATCH(B5,$A$12:$A$35,1)),"범위 밖")) -> 범위 밖 | D6: 새로 고침 | E6: 데이터 > 모두 새로 고침 | U6: A. NOAA Geomagnetic Activity Observation and Forecast | W6: # https://www.swpc.noaa.gov/content/subscription-services | Y6: =IF($B$4="","",TEXT(INT($B$4)+(ROW()-2)*3/24,"hh:mm")) -> 12:00 | Z6: =IF($B$4="",NA(),IF(AND(INT($B$4)+(ROW()-2)*3/24-9/24>=$A$12,INT($B$4)+(ROW()-2)*3/24-9/24<$B$35),INDEX($E$12:$E$35,MATCH(INT($B$4)+(ROW()-2)*3/24-9/24,$A$12:$A$35,1)),NA())) -> #N/A | AB6: =IF($B$4="","",TEXT(MAX($H$12,MIN(INT($B$4-9/24)-3,$H$38-6))+ROW()-2,"m/d")) -> 9/25 | AC6: =IF($B$4="",NA(),IFERROR(INDEX($I$12:$I$38,MATCH(MAX($H$12,MIN(INT($B$4-9/24)-3,$H$38-6))+ROW()-2,$H$12:$H$38,0)),NA())) -> 5
A7: 27일 예보 Kp (UTC 일 최대) | B7: =IF(B4="","",IFERROR(INDEX($I$12:$I$38,MATCH(INT(B5),$H$12:$H$38,0)),"범위 밖")) -> 범위 밖 | D7: NOAA 3일 원문 | E7: https://services.swpc.noaa.gov/text/3-day-forecast.txt | W7: # | Y7: =IF($B$4="","",TEXT(INT($B$4)+(ROW()-2)*3/24,"hh:mm")) -> 15:00 | Z7: =IF($B$4="",NA(),IF(AND(INT($B$4)+(ROW()-2)*3/24-9/24>=$A$12,INT($B$4)+(ROW()-2)*3/24-9/24<$B$35),INDEX($E$12:$E$35,MATCH(INT($B$4)+(ROW()-2)*3/24-9/24,$A$12:$A$35,1)),NA())) -> #N/A | AB7: =IF($B$4="","",TEXT(MAX($H$12,MIN(INT($B$4-9/24)-3,$H$38-6))+ROW()-2,"m/d")) -> 9/26 | AC7: =IF($B$4="",NA(),IFERROR(INDEX($I$12:$I$38,MATCH(MAX($H$12,MIN(INT($B$4-9/24)-3,$H$38-6))+ROW()-2,$H$12:$H$38,0)),NA())) -> 3
A8: 사용 예보 | B8: =IF(B4="","",IF(ISNUMBER(B6),"3일 예보",IF(ISNUMBER(B7),"27일 예보","예보범위 밖"))) -> 예보범위 밖 | D8: NOAA 27일 원문 | E8: https://services.swpc.noaa.gov/text/27-day-outlook.txt | U8: The greatest observed 3 hr Kp over the past 24 hours was 2 (below NOAA | W8: # 27-day Space Weather Outlook Table | Y8: =IF($B$4="","",TEXT(INT($B$4)+(ROW()-2)*3/24,"hh:mm")) -> 18:00 | Z8: =IF($B$4="",NA(),IF(AND(INT($B$4)+(ROW()-2)*3/24-9/24>=$A$12,INT($B$4)+(ROW()-2)*3/24-9/24<$B$35),INDEX($E$12:$E$35,MATCH(INT($B$4)+(ROW()-2)*3/24-9/24,$A$12:$A$35,1)),NA())) -> #N/A | AB8: =IF($B$4="","",TEXT(MAX($H$12,MIN(INT($B$4-9/24)-3,$H$38-6))+ROW()-2,"m/d")) -> 9/27 | AC8: =IF($B$4="",NA(),IFERROR(INDEX($I$12:$I$38,MATCH(MAX($H$12,MIN(INT($B$4-9/24)-3,$H$38-6))+ROW()-2,$H$12:$H$38,0)),NA())) -> 3
A9: 운영 원칙 | B9: Kp·예보는 기록용입니다. 배제 기준은 1~4 가능, 5이상 불가능 | D9: 시간 기준 | E9: KST = UTC+9 · 조회 시 KST에서 9시간을 뺍니다. | U9: Scale levels). | W9: # Issued 2026-09-21 | Y9: =IF($B$4="","",TEXT(INT($B$4)+(ROW()-2)*3/24,"hh:mm")) -> 21:00 | Z9: =IF($B$4="",NA(),IF(AND(INT($B$4)+(ROW()-2)*3/24-9/24>=$A$12,INT($B$4)+(ROW()-2)*3/24-9/24<$B$35),INDEX($E$12:$E$35,MATCH(INT($B$4)+(ROW()-2)*3/24-9/24,$A$12:$A$35,1)),NA())) -> #N/A
D10: 인터넷 미연결 | E10: 저장된 마지막 예보가 남을 수 있으므로 발행시각을 확인합니다. | U10: The greatest expected 3 hr Kp for Sep 21-Sep 23 2026 is 2.00 (below NOAA | W10: #
A11: UTC 시작 | B11: UTC 종료 | C11: KST 시작 | D11: KST 종료 | E11: Kp 예보 | H11: UTC 날짜 | I11: 일 최대 Kp | J11: A index | K11: F10.7 | U11: Scale levels). | W11: # UTC Radio Flux Planetary Largest
A12: =IF($U$3="","",DATE(VALUE(MID($U$3,10,4)),MATCH(MID($U$3,15,3),{"Jan","Feb","Mar","Apr","May","Jun","Jul","Aug","Sep","Oct","Nov","Dec"},0),VALUE(MID($U$3,19,2)))+INT((ROW()-12)/8)+MOD(ROW()-12,8)*3/24) -> 46286 | B12: =IF(A12="","",A12+3/24) -> 46286.125 | C12: =IF(A12="","",A12+9/24) -> 46286.375 | D12: =IF(B12="","",B12+9/24) -> 46286.5 | E12: =IFERROR(VALUE(MID(INDEX($U$2:$U$70,MATCH(CHOOSE(MOD(ROW()-12,8)+1,"00-03UT*","03-06UT*","06-09UT*","09-12UT*","12-15UT*","15-18UT*","18-21UT*","21-00UT*"),$U$2:$U$70,0)),15+13*INT((ROW()-12)/8),4)),"") -> 1.67 | H12: =IF($W13="","",DATE(VALUE(LEFT($W13,4)),MATCH(MID($W13,6,3),{"Jan","Feb","Mar","Apr","May","Jun","Jul","Aug","Sep","Oct","Nov","Dec"},0),VALUE(MID($W13,10,2)))) -> 46286 | I12: =IFERROR(VALUE(MID($W13,42,2)),"") -> 2 | J12: =IFERROR(VALUE(MID($W13,30,3)),"") -> 5 | K12: =IFERROR(VALUE(MID($W13,17,3)),"") -> 105 | W12: # Date 10.7 cm A Index Kp Index
A13: =IF($U$3="","",DATE(VALUE(MID($U$3,10,4)),MATCH(MID($U$3,15,3),{"Jan","Feb","Mar","Apr","May","Jun","Jul","Aug","Sep","Oct","Nov","Dec"},0),VALUE(MID($U$3,19,2)))+INT((ROW()-12)/8)+MOD(ROW()-12,8)*3/24) -> 46286.125 | B13: =IF(A13="","",A13+3/24) -> 46286.25 | C13: =IF(A13="","",A13+9/24) -> 46286.5 | D13: =IF(B13="","",B13+9/24) -> 46286.625 | E13: =IFERROR(VALUE(MID(INDEX($U$2:$U$70,MATCH(CHOOSE(MOD(ROW()-12,8)+1,"00-03UT*","03-06UT*","06-09UT*","09-12UT*","12-15UT*","15-18UT*","18-21UT*","21-00UT*"),$U$2:$U$70,0)),15+13*INT((ROW()-12)/8),4)),"") -> 1 | H13: =IF($W14="","",DATE(VALUE(LEFT($W14,4)),MATCH(MID($W14,6,3),{"Jan","Feb","Mar","Apr","May","Jun","Jul","Aug","Sep","Oct","Nov","Dec"},0),VALUE(MID($W14,10,2)))) -> 46287 | I13: =IFERROR(VALUE(MID($W14,42,2)),"") -> 2 | J13: =IFERROR(VALUE(MID($W14,30,3)),"") -> 5 | K13: =IFERROR(VALUE(MID($W14,17,3)),"") -> 105 | U13: NOAA Kp index breakdown Sep 21-Sep 23 2026 | W13: 2026 Sep 21 105 5 2
A14: =IF($U$3="","",DATE(VALUE(MID($U$3,10,4)),MATCH(MID($U$3,15,3),{"Jan","Feb","Mar","Apr","May","Jun","Jul","Aug","Sep","Oct","Nov","Dec"},0),VALUE(MID($U$3,19,2)))+INT((ROW()-12)/8)+MOD(ROW()-12,8)*3/24) -> 46286.25 | B14: =IF(A14="","",A14+3/24) -> 46286.375 | C14: =IF(A14="","",A14+9/24) -> 46286.625 | D14: =IF(B14="","",B14+9/24) -> 46286.75 | E14: =IFERROR(VALUE(MID(INDEX($U$2:$U$70,MATCH(CHOOSE(MOD(ROW()-12,8)+1,"00-03UT*","03-06UT*","06-09UT*","09-12UT*","12-15UT*","15-18UT*","18-21UT*","21-00UT*"),$U$2:$U$70,0)),15+13*INT((ROW()-12)/8),4)),"") -> 1.67 | H14: =IF($W15="","",DATE(VALUE(LEFT($W15,4)),MATCH(MID($W15,6,3),{"Jan","Feb","Mar","Apr","May","Jun","Jul","Aug","Sep","Oct","Nov","Dec"},0),VALUE(MID($W15,10,2)))) -> 46288 | I14: =IFERROR(VALUE(MID($W15,42,2)),"") -> 2 | J14: =IFERROR(VALUE(MID($W15,30,3)),"") -> 5 | K14: =IFERROR(VALUE(MID($W15,17,3)),"") -> 100 | W14: 2026 Sep 22 105 5 2
A15: =IF($U$3="","",DATE(VALUE(MID($U$3,10,4)),MATCH(MID($U$3,15,3),{"Jan","Feb","Mar","Apr","May","Jun","Jul","Aug","Sep","Oct","Nov","Dec"},0),VALUE(MID($U$3,19,2)))+INT((ROW()-12)/8)+MOD(ROW()-12,8)*3/24) -> 46286.375 | B15: =IF(A15="","",A15+3/24) -> 46286.5 | C15: =IF(A15="","",A15+9/24) -> 46286.75 | D15: =IF(B15="","",B15+9/24) -> 46286.875 | E15: =IFERROR(VALUE(MID(INDEX($U$2:$U$70,MATCH(CHOOSE(MOD(ROW()-12,8)+1,"00-03UT*","03-06UT*","06-09UT*","09-12UT*","12-15UT*","15-18UT*","18-21UT*","21-00UT*"),$U$2:$U$70,0)),15+13*INT((ROW()-12)/8),4)),"") -> 1.67 | H15: =IF($W16="","",DATE(VALUE(LEFT($W16,4)),MATCH(MID($W16,6,3),{"Jan","Feb","Mar","Apr","May","Jun","Jul","Aug","Sep","Oct","Nov","Dec"},0),VALUE(MID($W16,10,2)))) -> 46289 | I15: =IFERROR(VALUE(MID($W16,42,2)),"") -> 4 | J15: =IFERROR(VALUE(MID($W16,30,3)),"") -> 20 | K15: =IFERROR(VALUE(MID($W16,17,3)),"") -> 100 | U15: Sep 21 Sep 22 Sep 23 | W15: 2026 Sep 23 100 5 2
A16: =IF($U$3="","",DATE(VALUE(MID($U$3,10,4)),MATCH(MID($U$3,15,3),{"Jan","Feb","Mar","Apr","May","Jun","Jul","Aug","Sep","Oct","Nov","Dec"},0),VALUE(MID($U$3,19,2)))+INT((ROW()-12)/8)+MOD(ROW()-12,8)*3/24) -> 46286.5 | B16: =IF(A16="","",A16+3/24) -> 46286.625 | C16: =IF(A16="","",A16+9/24) -> 46286.875 | D16: =IF(B16="","",B16+9/24) -> 46287 | E16: =IFERROR(VALUE(MID(INDEX($U$2:$U$70,MATCH(CHOOSE(MOD(ROW()-12,8)+1,"00-03UT*","03-06UT*","06-09UT*","09-12UT*","12-15UT*","15-18UT*","18-21UT*","21-00UT*"),$U$2:$U$70,0)),15+13*INT((ROW()-12)/8),4)),"") -> 1.33 | H16: =IF($W17="","",DATE(VALUE(LEFT($W17,4)),MATCH(MID($W17,6,3),{"Jan","Feb","Mar","Apr","May","Jun","Jul","Aug","Sep","Oct","Nov","Dec"},0),VALUE(MID($W17,10,2)))) -> 46290 | I16: =IFERROR(VALUE(MID($W17,42,2)),"") -> 5 | J16: =IFERROR(VALUE(MID($W17,30,3)),"") -> 18 | K16: =IFERROR(VALUE(MID($W17,17,3)),"") -> 105 | U16: 00-03UT 1.67 1.67 1.67 | W16: 2026 Sep 24 100 20 4
A17: =IF($U$3="","",DATE(VALUE(MID($U$3,10,4)),MATCH(MID($U$3,15,3),{"Jan","Feb","Mar","Apr","May","Jun","Jul","Aug","Sep","Oct","Nov","Dec"},0),VALUE(MID($U$3,19,2)))+INT((ROW()-12)/8)+MOD(ROW()-12,8)*3/24) -> 46286.625 | B17: =IF(A17="","",A17+3/24) -> 46286.75 | C17: =IF(A17="","",A17+9/24) -> 46287 | D17: =IF(B17="","",B17+9/24) -> 46287.125 | E17: =IFERROR(VALUE(MID(INDEX($U$2:$U$70,MATCH(CHOOSE(MOD(ROW()-12,8)+1,"00-03UT*","03-06UT*","06-09UT*","09-12UT*","12-15UT*","15-18UT*","18-21UT*","21-00UT*"),$U$2:$U$70,0)),15+13*INT((ROW()-12)/8),4)),"") -> 1.33 | H17: =IF($W18="","",DATE(VALUE(LEFT($W18,4)),MATCH(MID($W18,6,3),{"Jan","Feb","Mar","Apr","May","Jun","Jul","Aug","Sep","Oct","Nov","Dec"},0),VALUE(MID($W18,10,2)))) -> 46291 | I17: =IFERROR(VALUE(MID($W18,42,2)),"") -> 3 | J17: =IFERROR(VALUE(MID($W18,30,3)),"") -> 12 | K17: =IFERROR(VALUE(MID($W18,17,3)),"") -> 105 | U17: 03-06UT 1.00 2.00 2.00 | W17: 2026 Sep 25 105 18 5
A18: =IF($U$3="","",DATE(VALUE(MID($U$3,10,4)),MATCH(MID($U$3,15,3),{"Jan","Feb","Mar","Apr","May","Jun","Jul","Aug","Sep","Oct","Nov","Dec"},0),VALUE(MID($U$3,19,2)))+INT((ROW()-12)/8)+MOD(ROW()-12,8)*3/24) -> 46286.75 | B18: =IF(A18="","",A18+3/24) -> 46286.875 | C18: =IF(A18="","",A18+9/24) -> 46287.125 | D18: =IF(B18="","",B18+9/24) -> 46287.25 | E18: =IFERROR(VALUE(MID(INDEX($U$2:$U$70,MATCH(CHOOSE(MOD(ROW()-12,8)+1,"00-03UT*","03-06UT*","06-09UT*","09-12UT*","12-15UT*","15-18UT*","18-21UT*","21-00UT*"),$U$2:$U$70,0)),15+13*INT((ROW()-12)/8),4)),"") -> 1.33 | H18: =IF($W19="","",DATE(VALUE(LEFT($W19,4)),MATCH(MID($W19,6,3),{"Jan","Feb","Mar","Apr","May","Jun","Jul","Aug","Sep","Oct","Nov","Dec"},0),VALUE(MID($W19,10,2)))) -> 46292 | I18: =IFERROR(VALUE(MID($W19,42,2)),"") -> 3 | J18: =IFERROR(VALUE(MID($W19,30,3)),"") -> 8 | K18: =IFERROR(VALUE(MID($W19,17,3)),"") -> 100 | U18: 06-09UT 1.67 1.67 1.67 | W18: 2026 Sep 26 105 12 3
A19: =IF($U$3="","",DATE(VALUE(MID($U$3,10,4)),MATCH(MID($U$3,15,3),{"Jan","Feb","Mar","Apr","May","Jun","Jul","Aug","Sep","Oct","Nov","Dec"},0),VALUE(MID($U$3,19,2)))+INT((ROW()-12)/8)+MOD(ROW()-12,8)*3/24) -> 46286.875 | B19: =IF(A19="","",A19+3/24) -> 46287 | C19: =IF(A19="","",A19+9/24) -> 46287.25 | D19: =IF(B19="","",B19+9/24) -> 46287.375 | E19: =IFERROR(VALUE(MID(INDEX($U$2:$U$70,MATCH(CHOOSE(MOD(ROW()-12,8)+1,"00-03UT*","03-06UT*","06-09UT*","09-12UT*","12-15UT*","15-18UT*","18-21UT*","21-00UT*"),$U$2:$U$70,0)),15+13*INT((ROW()-12)/8),4)),"") -> 1.33 | H19: =IF($W20="","",DATE(VALUE(LEFT($W20,4)),MATCH(MID($W20,6,3),{"Jan","Feb","Mar","Apr","May","Jun","Jul","Aug","Sep","Oct","Nov","Dec"},0),VALUE(MID($W20,10,2)))) -> 46293 | I19: =IFERROR(VALUE(MID($W20,42,2)),"") -> 2 | J19: =IFERROR(VALUE(MID($W20,30,3)),"") -> 5 | K19: =IFERROR(VALUE(MID($W20,17,3)),"") -> 105 | U19: 09-12UT 1.67 1.33 1.33 | W19: 2026 Sep 27 100 8 3
A20: =IF($U$3="","",DATE(VALUE(MID($U$3,10,4)),MATCH(MID($U$3,15,3),{"Jan","Feb","Mar","Apr","May","Jun","Jul","Aug","Sep","Oct","Nov","Dec"},0),VALUE(MID($U$3,19,2)))+INT((ROW()-12)/8)+MOD(ROW()-12,8)*3/24) -> 46287 | B20: =IF(A20="","",A20+3/24) -> 46287.125 | C20: =IF(A20="","",A20+9/24) -> 46287.375 | D20: =IF(B20="","",B20+9/24) -> 46287.5 | E20: =IFERROR(VALUE(MID(INDEX($U$2:$U$70,MATCH(CHOOSE(MOD(ROW()-12,8)+1,"00-03UT*","03-06UT*","06-09UT*","09-12UT*","12-15UT*","15-18UT*","18-21UT*","21-00UT*"),$U$2:$U$70,0)),15+13*INT((ROW()-12)/8),4)),"") -> 1.67 | H20: =IF($W21="","",DATE(VALUE(LEFT($W21,4)),MATCH(MID($W21,6,3),{"Jan","Feb","Mar","Apr","May","Jun","Jul","Aug","Sep","Oct","Nov","Dec"},0),VALUE(MID($W21,10,2)))) -> 46294 | I20: =IFERROR(VALUE(MID($W21,42,2)),"") -> 2 | J20: =IFERROR(VALUE(MID($W21,30,3)),"") -> 5 | K20: =IFERROR(VALUE(MID($W21,17,3)),"") -> 110 | U20: 12-15UT 1.33 0.67 0.67 | W20: 2026 Sep 28 105 5 2
A21: =IF($U$3="","",DATE(VALUE(MID($U$3,10,4)),MATCH(MID($U$3,15,3),{"Jan","Feb","Mar","Apr","May","Jun","Jul","Aug","Sep","Oct","Nov","Dec"},0),VALUE(MID($U$3,19,2)))+INT((ROW()-12)/8)+MOD(ROW()-12,8)*3/24) -> 46287.125 | B21: =IF(A21="","",A21+3/24) -> 46287.25 | C21: =IF(A21="","",A21+9/24) -> 46287.5 | D21: =IF(B21="","",B21+9/24) -> 46287.625 | E21: =IFERROR(VALUE(MID(INDEX($U$2:$U$70,MATCH(CHOOSE(MOD(ROW()-12,8)+1,"00-03UT*","03-06UT*","06-09UT*","09-12UT*","12-15UT*","15-18UT*","18-21UT*","21-00UT*"),$U$2:$U$70,0)),15+13*INT((ROW()-12)/8),4)),"") -> 2 | H21: =IF($W22="","",DATE(VALUE(LEFT($W22,4)),MATCH(MID($W22,6,3),{"Jan","Feb","Mar","Apr","May","Jun","Jul","Aug","Sep","Oct","Nov","Dec"},0),VALUE(MID($W22,10,2)))) -> 46295 | I21: =IFERROR(VALUE(MID($W22,42,2)),"") -> 2 | J21: =IFERROR(VALUE(MID($W22,30,3)),"") -> 5 | K21: =IFERROR(VALUE(MID($W22,17,3)),"") -> 115 | U21: 15-18UT 1.33 0.67 0.67 | W21: 2026 Sep 29 110 5 2
A22: =IF($U$3="","",DATE(VALUE(MID($U$3,10,4)),MATCH(MID($U$3,15,3),{"Jan","Feb","Mar","Apr","May","Jun","Jul","Aug","Sep","Oct","Nov","Dec"},0),VALUE(MID($U$3,19,2)))+INT((ROW()-12)/8)+MOD(ROW()-12,8)*3/24) -> 46287.25 | B22: =IF(A22="","",A22+3/24) -> 46287.375 | C22: =IF(A22="","",A22+9/24) -> 46287.625 | D22: =IF(B22="","",B22+9/24) -> 46287.75 | E22: =IFERROR(VALUE(MID(INDEX($U$2:$U$70,MATCH(CHOOSE(MOD(ROW()-12,8)+1,"00-03UT*","03-06UT*","06-09UT*","09-12UT*","12-15UT*","15-18UT*","18-21UT*","21-00UT*"),$U$2:$U$70,0)),15+13*INT((ROW()-12)/8),4)),"") -> 1.67 | H22: =IF($W23="","",DATE(VALUE(LEFT($W23,4)),MATCH(MID($W23,6,3),{"Jan","Feb","Mar","Apr","May","Jun","Jul","Aug","Sep","Oct","Nov","Dec"},0),VALUE(MID($W23,10,2)))) -> 46296 | I22: =IFERROR(VALUE(MID($W23,42,2)),"") -> 2 | J22: =IFERROR(VALUE(MID($W23,30,3)),"") -> 5 | K22: =IFERROR(VALUE(MID($W23,17,3)),"") -> 115 | U22: 18-21UT 1.33 1.67 1.67 | W22: 2026 Sep 30 115 5 2
A23: =IF($U$3="","",DATE(VALUE(MID($U$3,10,4)),MATCH(MID($U$3,15,3),{"Jan","Feb","Mar","Apr","May","Jun","Jul","Aug","Sep","Oct","Nov","Dec"},0),VALUE(MID($U$3,19,2)))+INT((ROW()-12)/8)+MOD(ROW()-12,8)*3/24) -> 46287.375 | B23: =IF(A23="","",A23+3/24) -> 46287.5 | C23: =IF(A23="","",A23+9/24) -> 46287.75 | D23: =IF(B23="","",B23+9/24) -> 46287.875 | E23: =IFERROR(VALUE(MID(INDEX($U$2:$U$70,MATCH(CHOOSE(MOD(ROW()-12,8)+1,"00-03UT*","03-06UT*","06-09UT*","09-12UT*","12-15UT*","15-18UT*","18-21UT*","21-00UT*"),$U$2:$U$70,0)),15+13*INT((ROW()-12)/8),4)),"") -> 1.33 | H23: =IF($W24="","",DATE(VALUE(LEFT($W24,4)),MATCH(MID($W24,6,3),{"Jan","Feb","Mar","Apr","May","Jun","Jul","Aug","Sep","Oct","Nov","Dec"},0),VALUE(MID($W24,10,2)))) -> 46297 | I23: =IFERROR(VALUE(MID($W24,42,2)),"") -> 2 | J23: =IFERROR(VALUE(MID($W24,30,3)),"") -> 5 | K23: =IFERROR(VALUE(MID($W24,17,3)),"") -> 110 | U23: 21-00UT 1.33 1.67 1.67 | W23: 2026 Oct 01 115 5 2
A24: =IF($U$3="","",DATE(VALUE(MID($U$3,10,4)),MATCH(MID($U$3,15,3),{"Jan","Feb","Mar","Apr","May","Jun","Jul","Aug","Sep","Oct","Nov","Dec"},0),VALUE(MID($U$3,19,2)))+INT((ROW()-12)/8)+MOD(ROW()-12,8)*3/24) -> 46287.5 | B24: =IF(A24="","",A24+3/24) -> 46287.625 | C24: =IF(A24="","",A24+9/24) -> 46287.875 | D24: =IF(B24="","",B24+9/24) -> 46288 | E24: =IFERROR(VALUE(MID(INDEX($U$2:$U$70,MATCH(CHOOSE(MOD(ROW()-12,8)+1,"00-03UT*","03-06UT*","06-09UT*","09-12UT*","12-15UT*","15-18UT*","18-21UT*","21-00UT*"),$U$2:$U$70,0)),15+13*INT((ROW()-12)/8),4)),"") -> 0.67 | H24: =IF($W25="","",DATE(VALUE(LEFT($W25,4)),MATCH(MID($W25,6,3),{"Jan","Feb","Mar","Apr","May","Jun","Jul","Aug","Sep","Oct","Nov","Dec"},0),VALUE(MID($W25,10,2)))) -> 46298 | I24: =IFERROR(VALUE(MID($W25,42,2)),"") -> 2 | J24: =IFERROR(VALUE(MID($W25,30,3)),"") -> 5 | K24: =IFERROR(VALUE(MID($W25,17,3)),"") -> 105 | W24: 2026 Oct 02 110 5 2
A25: =IF($U$3="","",DATE(VALUE(MID($U$3,10,4)),MATCH(MID($U$3,15,3),{"Jan","Feb","Mar","Apr","May","Jun","Jul","Aug","Sep","Oct","Nov","Dec"},0),VALUE(MID($U$3,19,2)))+INT((ROW()-12)/8)+MOD(ROW()-12,8)*3/24) -> 46287.625 | B25: =IF(A25="","",A25+3/24) -> 46287.75 | C25: =IF(A25="","",A25+9/24) -> 46288 | D25: =IF(B25="","",B25+9/24) -> 46288.125 | E25: =IFERROR(VALUE(MID(INDEX($U$2:$U$70,MATCH(CHOOSE(MOD(ROW()-12,8)+1,"00-03UT*","03-06UT*","06-09UT*","09-12UT*","12-15UT*","15-18UT*","18-21UT*","21-00UT*"),$U$2:$U$70,0)),15+13*INT((ROW()-12)/8),4)),"") -> 0.67 | H25: =IF($W26="","",DATE(VALUE(LEFT($W26,4)),MATCH(MID($W26,6,3),{"Jan","Feb","Mar","Apr","May","Jun","Jul","Aug","Sep","Oct","Nov","Dec"},0),VALUE(MID($W26,10,2)))) -> 46299 | I25: =IFERROR(VALUE(MID($W26,42,2)),"") -> 3 | J25: =IFERROR(VALUE(MID($W26,30,3)),"") -> 12 | K25: =IFERROR(VALUE(MID($W26,17,3)),"") -> 110 | U25: Rationale: No G1 (Minor) or greater geomagnetic storms are expected. No | W25: 2026 Oct 03 105 5 2
A26: =IF($U$3="","",DATE(VALUE(MID($U$3,10,4)),MATCH(MID($U$3,15,3),{"Jan","Feb","Mar","Apr","May","Jun","Jul","Aug","Sep","Oct","Nov","Dec"},0),VALUE(MID($U$3,19,2)))+INT((ROW()-12)/8)+MOD(ROW()-12,8)*3/24) -> 46287.75 | B26: =IF(A26="","",A26+3/24) -> 46287.875 | C26: =IF(A26="","",A26+9/24) -> 46288.125 | D26: =IF(B26="","",B26+9/24) -> 46288.25 | E26: =IFERROR(VALUE(MID(INDEX($U$2:$U$70,MATCH(CHOOSE(MOD(ROW()-12,8)+1,"00-03UT*","03-06UT*","06-09UT*","09-12UT*","12-15UT*","15-18UT*","18-21UT*","21-00UT*"),$U$2:$U$70,0)),15+13*INT((ROW()-12)/8),4)),"") -> 1.67 | H26: =IF($W27="","",DATE(VALUE(LEFT($W27,4)),MATCH(MID($W27,6,3),{"Jan","Feb","Mar","Apr","May","Jun","Jul","Aug","Sep","Oct","Nov","Dec"},0),VALUE(MID($W27,10,2)))) -> 46300 | I26: =IFERROR(VALUE(MID($W27,42,2)),"") -> 4 | J26: =IFERROR(VALUE(MID($W27,30,3)),"") -> 15 | K26: =IFERROR(VALUE(MID($W27,17,3)),"") -> 110 | U26: significant transient or recurrent solar wind features are forecast. | W26: 2026 Oct 04 110 12 3
A27: =IF($U$3="","",DATE(VALUE(MID($U$3,10,4)),MATCH(MID($U$3,15,3),{"Jan","Feb","Mar","Apr","May","Jun","Jul","Aug","Sep","Oct","Nov","Dec"},0),VALUE(MID($U$3,19,2)))+INT((ROW()-12)/8)+MOD(ROW()-12,8)*3/24) -> 46287.875 | B27: =IF(A27="","",A27+3/24) -> 46288 | C27: =IF(A27="","",A27+9/24) -> 46288.25 | D27: =IF(B27="","",B27+9/24) -> 46288.375 | E27: =IFERROR(VALUE(MID(INDEX($U$2:$U$70,MATCH(CHOOSE(MOD(ROW()-12,8)+1,"00-03UT*","03-06UT*","06-09UT*","09-12UT*","12-15UT*","15-18UT*","18-21UT*","21-00UT*"),$U$2:$U$70,0)),15+13*INT((ROW()-12)/8),4)),"") -> 1.67 | H27: =IF($W28="","",DATE(VALUE(LEFT($W28,4)),MATCH(MID($W28,6,3),{"Jan","Feb","Mar","Apr","May","Jun","Jul","Aug","Sep","Oct","Nov","Dec"},0),VALUE(MID($W28,10,2)))) -> 46301 | I27: =IFERROR(VALUE(MID($W28,42,2)),"") -> 4 | J27: =IFERROR(VALUE(MID($W28,30,3)),"") -> 12 | K27: =IFERROR(VALUE(MID($W28,17,3)),"") -> 115 | W27: 2026 Oct 05 110 15 4
A28: =IF($U$3="","",DATE(VALUE(MID($U$3,10,4)),MATCH(MID($U$3,15,3),{"Jan","Feb","Mar","Apr","May","Jun","Jul","Aug","Sep","Oct","Nov","Dec"},0),VALUE(MID($U$3,19,2)))+INT((ROW()-12)/8)+MOD(ROW()-12,8)*3/24) -> 46288 | B28: =IF(A28="","",A28+3/24) -> 46288.125 | C28: =IF(A28="","",A28+9/24) -> 46288.375 | D28: =IF(B28="","",B28+9/24) -> 46288.5 | E28: =IFERROR(VALUE(MID(INDEX($U$2:$U$70,MATCH(CHOOSE(MOD(ROW()-12,8)+1,"00-03UT*","03-06UT*","06-09UT*","09-12UT*","12-15UT*","15-18UT*","18-21UT*","21-00UT*"),$U$2:$U$70,0)),15+13*INT((ROW()-12)/8),4)),"") -> 1.67 | H28: =IF($W29="","",DATE(VALUE(LEFT($W29,4)),MATCH(MID($W29,6,3),{"Jan","Feb","Mar","Apr","May","Jun","Jul","Aug","Sep","Oct","Nov","Dec"},0),VALUE(MID($W29,10,2)))) -> 46302 | I28: =IFERROR(VALUE(MID($W29,42,2)),"") -> 3 | J28: =IFERROR(VALUE(MID($W29,30,3)),"") -> 10 | K28: =IFERROR(VALUE(MID($W29,17,3)),"") -> 115 | U28: B. NOAA Solar Radiation Activity Observation and Forecast | W28: 2026 Oct 06 115 12 4
A29: =IF($U$3="","",DATE(VALUE(MID($U$3,10,4)),MATCH(MID($U$3,15,3),{"Jan","Feb","Mar","Apr","May","Jun","Jul","Aug","Sep","Oct","Nov","Dec"},0),VALUE(MID($U$3,19,2)))+INT((ROW()-12)/8)+MOD(ROW()-12,8)*3/24) -> 46288.125 | B29: =IF(A29="","",A29+3/24) -> 46288.25 | C29: =IF(A29="","",A29+9/24) -> 46288.5 | D29: =IF(B29="","",B29+9/24) -> 46288.625 | E29: =IFERROR(VALUE(MID(INDEX($U$2:$U$70,MATCH(CHOOSE(MOD(ROW()-12,8)+1,"00-03UT*","03-06UT*","06-09UT*","09-12UT*","12-15UT*","15-18UT*","18-21UT*","21-00UT*"),$U$2:$U$70,0)),15+13*INT((ROW()-12)/8),4)),"") -> 2 | H29: =IF($W30="","",DATE(VALUE(LEFT($W30,4)),MATCH(MID($W30,6,3),{"Jan","Feb","Mar","Apr","May","Jun","Jul","Aug","Sep","Oct","Nov","Dec"},0),VALUE(MID($W30,10,2)))) -> 46303 | I29: =IFERROR(VALUE(MID($W30,42,2)),"") -> 3 | J29: =IFERROR(VALUE(MID($W30,30,3)),"") -> 8 | K29: =IFERROR(VALUE(MID($W30,17,3)),"") -> 110 | W29: 2026 Oct 07 115 10 3
A30: =IF($U$3="","",DATE(VALUE(MID($U$3,10,4)),MATCH(MID($U$3,15,3),{"Jan","Feb","Mar","Apr","May","Jun","Jul","Aug","Sep","Oct","Nov","Dec"},0),VALUE(MID($U$3,19,2)))+INT((ROW()-12)/8)+MOD(ROW()-12,8)*3/24) -> 46288.25 | B30: =IF(A30="","",A30+3/24) -> 46288.375 | C30: =IF(A30="","",A30+9/24) -> 46288.625 | D30: =IF(B30="","",B30+9/24) -> 46288.75 | E30: =IFERROR(VALUE(MID(INDEX($U$2:$U$70,MATCH(CHOOSE(MOD(ROW()-12,8)+1,"00-03UT*","03-06UT*","06-09UT*","09-12UT*","12-15UT*","15-18UT*","18-21UT*","21-00UT*"),$U$2:$U$70,0)),15+13*INT((ROW()-12)/8),4)),"") -> 1.67 | H30: =IF($W31="","",DATE(VALUE(LEFT($W31,4)),MATCH(MID($W31,6,3),{"Jan","Feb","Mar","Apr","May","Jun","Jul","Aug","Sep","Oct","Nov","Dec"},0),VALUE(MID($W31,10,2)))) -> 46304 | I30: =IFERROR(VALUE(MID($W31,42,2)),"") -> 2 | J30: =IFERROR(VALUE(MID($W31,30,3)),"") -> 5 | K30: =IFERROR(VALUE(MID($W31,17,3)),"") -> 105 | U30: Solar radiation, as observed by NOAA GOES-18 over the past 24 hours, was | W30: 2026 Oct 08 110 8 3
A31: =IF($U$3="","",DATE(VALUE(MID($U$3,10,4)),MATCH(MID($U$3,15,3),{"Jan","Feb","Mar","Apr","May","Jun","Jul","Aug","Sep","Oct","Nov","Dec"},0),VALUE(MID($U$3,19,2)))+INT((ROW()-12)/8)+MOD(ROW()-12,8)*3/24) -> 46288.375 | B31: =IF(A31="","",A31+3/24) -> 46288.5 | C31: =IF(A31="","",A31+9/24) -> 46288.75 | D31: =IF(B31="","",B31+9/24) -> 46288.875 | E31: =IFERROR(VALUE(MID(INDEX($U$2:$U$70,MATCH(CHOOSE(MOD(ROW()-12,8)+1,"00-03UT*","03-06UT*","06-09UT*","09-12UT*","12-15UT*","15-18UT*","18-21UT*","21-00UT*"),$U$2:$U$70,0)),15+13*INT((ROW()-12)/8),4)),"") -> 1.33 | H31: =IF($W32="","",DATE(VALUE(LEFT($W32,4)),MATCH(MID($W32,6,3),{"Jan","Feb","Mar","Apr","May","Jun","Jul","Aug","Sep","Oct","Nov","Dec"},0),VALUE(MID($W32,10,2)))) -> 46305 | I31: =IFERROR(VALUE(MID($W32,42,2)),"") -> 2 | J31: =IFERROR(VALUE(MID($W32,30,3)),"") -> 5 | K31: =IFERROR(VALUE(MID($W32,17,3)),"") -> 110 | U31: below S-scale storm level thresholds. | W31: 2026 Oct 09 105 5 2
A32: =IF($U$3="","",DATE(VALUE(MID($U$3,10,4)),MATCH(MID($U$3,15,3),{"Jan","Feb","Mar","Apr","May","Jun","Jul","Aug","Sep","Oct","Nov","Dec"},0),VALUE(MID($U$3,19,2)))+INT((ROW()-12)/8)+MOD(ROW()-12,8)*3/24) -> 46288.5 | B32: =IF(A32="","",A32+3/24) -> 46288.625 | C32: =IF(A32="","",A32+9/24) -> 46288.875 | D32: =IF(B32="","",B32+9/24) -> 46289 | E32: =IFERROR(VALUE(MID(INDEX($U$2:$U$70,MATCH(CHOOSE(MOD(ROW()-12,8)+1,"00-03UT*","03-06UT*","06-09UT*","09-12UT*","12-15UT*","15-18UT*","18-21UT*","21-00UT*"),$U$2:$U$70,0)),15+13*INT((ROW()-12)/8),4)),"") -> 0.67 | H32: =IF($W33="","",DATE(VALUE(LEFT($W33,4)),MATCH(MID($W33,6,3),{"Jan","Feb","Mar","Apr","May","Jun","Jul","Aug","Sep","Oct","Nov","Dec"},0),VALUE(MID($W33,10,2)))) -> 46306 | I32: =IFERROR(VALUE(MID($W33,42,2)),"") -> 3 | J32: =IFERROR(VALUE(MID($W33,30,3)),"") -> 9 | K32: =IFERROR(VALUE(MID($W33,17,3)),"") -> 100 | W32: 2026 Oct 10 110 5 2
A33: =IF($U$3="","",DATE(VALUE(MID($U$3,10,4)),MATCH(MID($U$3,15,3),{"Jan","Feb","Mar","Apr","May","Jun","Jul","Aug","Sep","Oct","Nov","Dec"},0),VALUE(MID($U$3,19,2)))+INT((ROW()-12)/8)+MOD(ROW()-12,8)*3/24) -> 46288.625 | B33: =IF(A33="","",A33+3/24) -> 46288.75 | C33: =IF(A33="","",A33+9/24) -> 46289 | D33: =IF(B33="","",B33+9/24) -> 46289.125 | E33: =IFERROR(VALUE(MID(INDEX($U$2:$U$70,MATCH(CHOOSE(MOD(ROW()-12,8)+1,"00-03UT*","03-06UT*","06-09UT*","09-12UT*","12-15UT*","15-18UT*","18-21UT*","21-00UT*"),$U$2:$U$70,0)),15+13*INT((ROW()-12)/8),4)),"") -> 0.67 | H33: =IF($W34="","",DATE(VALUE(LEFT($W34,4)),MATCH(MID($W34,6,3),{"Jan","Feb","Mar","Apr","May","Jun","Jul","Aug","Sep","Oct","Nov","Dec"},0),VALUE(MID($W34,10,2)))) -> 46307 | I33: =IFERROR(VALUE(MID($W34,42,2)),"") -> 3 | J33: =IFERROR(VALUE(MID($W34,30,3)),"") -> 8 | K33: =IFERROR(VALUE(MID($W34,17,3)),"") -> 97 | U33: Solar Radiation Storm Forecast for Sep 21-Sep 23 2026 | W33: 2026 Oct 11 100 9 3
A34: =IF($U$3="","",DATE(VALUE(MID($U$3,10,4)),MATCH(MID($U$3,15,3),{"Jan","Feb","Mar","Apr","May","Jun","Jul","Aug","Sep","Oct","Nov","Dec"},0),VALUE(MID($U$3,19,2)))+INT((ROW()-12)/8)+MOD(ROW()-12,8)*3/24) -> 46288.75 | B34: =IF(A34="","",A34+3/24) -> 46288.875 | C34: =IF(A34="","",A34+9/24) -> 46289.125 | D34: =IF(B34="","",B34+9/24) -> 46289.25 | E34: =IFERROR(VALUE(MID(INDEX($U$2:$U$70,MATCH(CHOOSE(MOD(ROW()-12,8)+1,"00-03UT*","03-06UT*","06-09UT*","09-12UT*","12-15UT*","15-18UT*","18-21UT*","21-00UT*"),$U$2:$U$70,0)),15+13*INT((ROW()-12)/8),4)),"") -> 1.67 | H34: =IF($W35="","",DATE(VALUE(LEFT($W35,4)),MATCH(MID($W35,6,3),{"Jan","Feb","Mar","Apr","May","Jun","Jul","Aug","Sep","Oct","Nov","Dec"},0),VALUE(MID($W35,10,2)))) -> 46308 | I34: =IFERROR(VALUE(MID($W35,42,2)),"") -> 3 | J34: =IFERROR(VALUE(MID($W35,30,3)),"") -> 8 | K34: =IFERROR(VALUE(MID($W35,17,3)),"") -> 96 | W34: 2026 Oct 12 97 8 3
A35: =IF($U$3="","",DATE(VALUE(MID($U$3,10,4)),MATCH(MID($U$3,15,3),{"Jan","Feb","Mar","Apr","May","Jun","Jul","Aug","Sep","Oct","Nov","Dec"},0),VALUE(MID($U$3,19,2)))+INT((ROW()-12)/8)+MOD(ROW()-12,8)*3/24) -> 46288.875 | B35: =IF(A35="","",A35+3/24) -> 46289 | C35: =IF(A35="","",A35+9/24) -> 46289.25 | D35: =IF(B35="","",B35+9/24) -> 46289.375 | E35: =IFERROR(VALUE(MID(INDEX($U$2:$U$70,MATCH(CHOOSE(MOD(ROW()-12,8)+1,"00-03UT*","03-06UT*","06-09UT*","09-12UT*","12-15UT*","15-18UT*","18-21UT*","21-00UT*"),$U$2:$U$70,0)),15+13*INT((ROW()-12)/8),4)),"") -> 1.67 | H35: =IF($W36="","",DATE(VALUE(LEFT($W36,4)),MATCH(MID($W36,6,3),{"Jan","Feb","Mar","Apr","May","Jun","Jul","Aug","Sep","Oct","Nov","Dec"},0),VALUE(MID($W36,10,2)))) -> 46309 | I35: =IFERROR(VALUE(MID($W36,42,2)),"") -> 3 | J35: =IFERROR(VALUE(MID($W36,30,3)),"") -> 8 | K35: =IFERROR(VALUE(MID($W36,17,3)),"") -> 95 | U35: Sep 21 Sep 22 Sep 23 | W35: 2026 Oct 13 96 8 3
H36: =IF($W37="","",DATE(VALUE(LEFT($W37,4)),MATCH(MID($W37,6,3),{"Jan","Feb","Mar","Apr","May","Jun","Jul","Aug","Sep","Oct","Nov","Dec"},0),VALUE(MID($W37,10,2)))) -> 46310 | I36: =IFERROR(VALUE(MID($W37,42,2)),"") -> 2 | J36: =IFERROR(VALUE(MID($W37,30,3)),"") -> 5 | K36: =IFERROR(VALUE(MID($W37,17,3)),"") -> 100 | U36: S1 or greater 1% 1% 1% | W36: 2026 Oct 14 95 8 3
H37: =IF($W38="","",DATE(VALUE(LEFT($W38,4)),MATCH(MID($W38,6,3),{"Jan","Feb","Mar","Apr","May","Jun","Jul","Aug","Sep","Oct","Nov","Dec"},0),VALUE(MID($W38,10,2)))) -> 46311 | I37: =IFERROR(VALUE(MID($W38,42,2)),"") -> 2 | J37: =IFERROR(VALUE(MID($W38,30,3)),"") -> 5 | K37: =IFERROR(VALUE(MID($W38,17,3)),"") -> 105 | L37: 노란색 KST 날짜·시각을 바꾸면 그래프도 해당 날짜로 갱신됩니다. ‘데이터 > 모두 새로 고침’ 후 최신 NOAA 예보를 확인하십시오. Kp는 기록 항목이며 배제 기준은 아직 확정되지 않았습니다. | W37: 2026 Oct 15 100 5 2
H38: =IF($W39="","",DATE(VALUE(LEFT($W39,4)),MATCH(MID($W39,6,3),{"Jan","Feb","Mar","Apr","May","Jun","Jul","Aug","Sep","Oct","Nov","Dec"},0),VALUE(MID($W39,10,2)))) -> 46312 | I38: =IFERROR(VALUE(MID($W39,42,2)),"") -> 2 | J38: =IFERROR(VALUE(MID($W39,30,3)),"") -> 5 | K38: =IFERROR(VALUE(MID($W39,17,3)),"") -> 100 | U38: Rationale: No S1 (Minor) or greater solar radiation storms are expected. | W38: 2026 Oct 16 105 5 2
U39: No significant active region activity favorable for radiation storm | W39: 2026 Oct 17 100 5 2
U40: production is forecast.
U42: C. NOAA Radio Blackout Activity and Forecast
U44: No radio blackouts were observed over the past 24 hours.
U46: Radio Blackout Forecast for Sep 21-Sep 23 2026
U48: Sep 21 Sep 22 Sep 23
U49: R1-R2 5% 5% 5%
U50: R3 or greater 1% 1% 1%
U52: Rationale: No R1 (Minor) or greater radio blackouts are expected.

Sheet ⑩ 원문 보관
A1: ⑩ 원문 보관 — 지점마다 다섯 칸. 여기에 붙여 넣는 것이 곧 저장입니다 (⑨ 시트가 고른 지점의 칸을 읽어 계산합니다)
A2: 01_태백 신규점 — 아래 다섯 칸에 그 방향 txt 를 통째로 붙여 넣습니다
A3: 동 원문 | B3: 서 원문 | C3: 남 원문 | D3: 북 원문 | E3: 수직(삼각대) 원문 | F3: =HYPERLINK("#'⑨ 구배 자동계산'!A1","◂ ⑨ 계산 시트로") -> ◂ ⑨ 계산 시트로
A705: 02_임계 신규점1 — 아래 다섯 칸에 그 방향 txt 를 통째로 붙여 넣습니다
A706: 동 원문 | B706: 서 원문 | C706: 남 원문 | D706: 북 원문 | E706: 수직(삼각대) 원문 | F706: =HYPERLINK("#'⑨ 구배 자동계산'!A1","◂ ⑨ 계산 시트로") -> ◂ ⑨ 계산 시트로
A1408: 03_예산 신규점2 — 아래 다섯 칸에 그 방향 txt 를 통째로 붙여 넣습니다
A1409: 동 원문 | B1409: 서 원문 | C1409: 남 원문 | D1409: 북 원문 | E1409: 수직(삼각대) 원문 | F1409: =HYPERLINK("#'⑨ 구배 자동계산'!A1","◂ ⑨ 계산 시트로") -> ◂ ⑨ 계산 시트로
A2111: 04_진안 신규점1 — 아래 다섯 칸에 그 방향 txt 를 통째로 붙여 넣습니다
A2112: 동 원문 | B2112: 서 원문 | C2112: 남 원문 | D2112: 북 원문 | E2112: 수직(삼각대) 원문 | F2112: =HYPERLINK("#'⑨ 구배 자동계산'!A1","◂ ⑨ 계산 시트로") -> ◂ ⑨ 계산 시트로
A2814: 05_무풍 신규점1 — 아래 다섯 칸에 그 방향 txt 를 통째로 붙여 넣습니다
A2815: 동 원문 | B2815: 서 원문 | C2815: 남 원문 | D2815: 북 원문 | E2815: 수직(삼각대) 원문 | F2815: =HYPERLINK("#'⑨ 구배 자동계산'!A1","◂ ⑨ 계산 시트로") -> ◂ ⑨ 계산 시트로
A3517: 06_길담 신규점 — 아래 다섯 칸에 그 방향 txt 를 통째로 붙여 넣습니다
A3518: 동 원문 | B3518: 서 원문 | C3518: 남 원문 | D3518: 북 원문 | E3518: 수직(삼각대) 원문 | F3518: =HYPERLINK("#'⑨ 구배 자동계산'!A1","◂ ⑨ 계산 시트로") -> ◂ ⑨ 계산 시트로
A4220: 07_남해 신규점1 — 아래 다섯 칸에 그 방향 txt 를 통째로 붙여 넣습니다
A4221: 동 원문 | B4221: 서 원문 | C4221: 남 원문 | D4221: 북 원문 | E4221: 수직(삼각대) 원문 | F4221: =HYPERLINK("#'⑨ 구배 자동계산'!A1","◂ ⑨ 계산 시트로") -> ◂ ⑨ 계산 시트로
A4923: 08_청일 신규점2 — 아래 다섯 칸에 그 방향 txt 를 통째로 붙여 넣습니다
A4924: 동 원문 | B4924: 서 원문 | C4924: 남 원문 | D4924: 북 원문 | E4924: 수직(삼각대) 원문 | F4924: =HYPERLINK("#'⑨ 구배 자동계산'!A1","◂ ⑨ 계산 시트로") -> ◂ ⑨ 계산 시트로
A5626: 09_어론 신규점 — 아래 다섯 칸에 그 방향 txt 를 통째로 붙여 넣습니다
A5627: 동 원문 | B5627: 서 원문 | C5627: 남 원문 | D5627: 북 원문 | E5627: 수직(삼각대) 원문 | F5627: =HYPERLINK("#'⑨ 구배 자동계산'!A1","◂ ⑨ 계산 시트로") -> ◂ ⑨ 계산 시트로
A6329: 10_예안 신규점1 — 아래 다섯 칸에 그 방향 txt 를 통째로 붙여 넣습니다
A6330: 동 원문 | B6330: 서 원문 | C6330: 남 원문 | D6330: 북 원문 | E6330: 수직(삼각대) 원문 | F6330: =HYPERLINK("#'⑨ 구배 자동계산'!A1","◂ ⑨ 계산 시트로") -> ◂ ⑨ 계산 시트로
A7032: 11_소천 신규점4 — 아래 다섯 칸에 그 방향 txt 를 통째로 붙여 넣습니다
A7033: 동 원문 | B7033: 서 원문 | C7033: 남 원문 | D7033: 북 원문 | E7033: 수직(삼각대) 원문 | F7033: =HYPERLINK("#'⑨ 구배 자동계산'!A1","◂ ⑨ 계산 시트로") -> ◂ ⑨ 계산 시트로
A7735: 12_순창 신규점 — 아래 다섯 칸에 그 방향 txt 를 통째로 붙여 넣습니다
A7736: 동 원문 | B7736: 서 원문 | C7736: 남 원문 | D7736: 북 원문 | E7736: 수직(삼각대) 원문 | F7736: =HYPERLINK("#'⑨ 구배 자동계산'!A1","◂ ⑨ 계산 시트로") -> ◂ ⑨ 계산 시트로
A8438: 13_순천 신규점 — 아래 다섯 칸에 그 방향 txt 를 통째로 붙여 넣습니다
A8439: 동 원문 | B8439: 서 원문 | C8439: 남 원문 | D8439: 북 원문 | E8439: 수직(삼각대) 원문 | F8439: =HYPERLINK("#'⑨ 구배 자동계산'!A1","◂ ⑨ 계산 시트로") -> ◂ ⑨ 계산 시트로
A9141: 14_청송 신규점1 — 아래 다섯 칸에 그 방향 txt 를 통째로 붙여 넣습니다
A9142: 동 원문 | B9142: 서 원문 | C9142: 남 원문 | D9142: 북 원문 | E9142: 수직(삼각대) 원문 | F9142: =HYPERLINK("#'⑨ 구배 자동계산'!A1","◂ ⑨ 계산 시트로") -> ◂ ⑨ 계산 시트로
A9844: 15_의성 신규점 — 아래 다섯 칸에 그 방향 txt 를 통째로 붙여 넣습니다
A9845: 동 원문 | B9845: 서 원문 | C9845: 남 원문 | D9845: 북 원문 | E9845: 수직(삼각대) 원문 | F9845: =HYPERLINK("#'⑨ 구배 자동계산'!A1","◂ ⑨ 계산 시트로") -> ◂ ⑨ 계산 시트로
A10547: 16_예천 신규점 — 아래 다섯 칸에 그 방향 txt 를 통째로 붙여 넣습니다
A10548: 동 원문 | B10548: 서 원문 | C10548: 남 원문 | D10548: 북 원문 | E10548: 수직(삼각대) 원문 | F10548: =HYPERLINK("#'⑨ 구배 자동계산'!A1","◂ ⑨ 계산 시트로") -> ◂ ⑨ 계산 시트로
A11250: 17_영양 신규점4 — 아래 다섯 칸에 그 방향 txt 를 통째로 붙여 넣습니다
A11251: 동 원문 | B11251: 서 원문 | C11251: 남 원문 | D11251: 북 원문 | E11251: 수직(삼각대) 원문 | F11251: =HYPERLINK("#'⑨ 구배 자동계산'!A1","◂ ⑨ 계산 시트로") -> ◂ ⑨ 계산 시트로
A11953: 18_통영 신규점 — 아래 다섯 칸에 그 방향 txt 를 통째로 붙여 넣습니다
A11954: 동 원문 | B11954: 서 원문 | C11954: 남 원문 | D11954: 북 원문 | E11954: 수직(삼각대) 원문 | F11954: =HYPERLINK("#'⑨ 구배 자동계산'!A1","◂ ⑨ 계산 시트로") -> ◂ ⑨ 계산 시트로
A12656: 19_오호 신규점 — 아래 다섯 칸에 그 방향 txt 를 통째로 붙여 넣습니다
A12657: 동 원문 | B12657: 서 원문 | C12657: 남 원문 | D12657: 북 원문 | E12657: 수직(삼각대) 원문 | F12657: =HYPERLINK("#'⑨ 구배 자동계산'!A1","◂ ⑨ 계산 시트로") -> ◂ ⑨ 계산 시트로
B12658: file 11survey.b 21 IX 26 | C12658: file 22survey.b 21 IX 26 | D12658: file 28survey.b 21 IX 26
B12659: /datum 57000.00 | C12659: /datum 57000.00 | D12659: /datum 57000.00
A12660: /Gem Systems GSM-19T 4106808 v7.0 26 IX 2014 M t-e2l..v7o | B12660: / | C12660: / | D12660: / | E12660: /Gem Systems GSM-19T 4106808 v7.0 26 IX 2014 M t-e2l..v7o
A12661: /ID 2666 file 01survey.b 21 IX 26 | E12661: /ID 2666 file 38survey.b 21 IX 26
A12662: /datum 57000.00 | B12662: /time nT sq | C12662: /time nT sq | D12662: /time nT sq | E12662: /datum 57000.00
A12663: / | B12663: 114727.0 51389.10 96 | C12663: 121822.0 51388.66 97 | D12663: 123522.0 51398.37 23 | E12663: /
B12664: 114732.0 51388.74 96 | C12664: 121827.0 51388.82 98 | D12664: 123527.0 51397.81 74
A12665: /time nT sq | B12665: 114737.0 51388.89 96 | C12665: 121832.0 51388.73 97 | D12665: 123532.0 51398.41 43 | E12665: /time nT sq
A12666: 111632.0 51389.19 96 | B12666: 114742.0 51388.88 96 | C12666: 121837.0 51388.68 98 | D12666: 123537.0 51397.94 53 | E12666: 130352.0 51406.33 95
A12667: 111637.0 51389.38 95 | B12667: 114747.0 51388.82 96 | C12667: 121842.0 51388.73 97 | D12667: 123542.0 51399.75 43 | E12667: 130357.0 51406.46 95
A12668: 111642.0 51389.30 96 | B12668: 114752.0 51389.14 97 | C12668: 121847.0 51388.68 97 | D12668: 123547.0 51459.24 64 | E12668: 130402.0 51406.35 95
A12669: 111647.0 51389.29 96 | B12669: 114757.0 51389.02 97 | C12669: 121852.0 51388.76 97 | D12669: 123552.0 51396.99 63 | E12669: 130407.0 51406.04 95
A12670: 111652.0 51389.41 96 | B12670: 114802.0 51389.08 96 | C12670: 121857.0 51388.69 98 | D12670: 123557.0 51398.72 53 | E12670: 130412.0 51406.18 95
A12671: 111657.0 51389.32 96 | B12671: 114807.0 51389.02 96 | C12671: 121902.0 51388.65 97 | D12671: 123602.0 51399.46 44 | E12671: 130417.0 51406.10 96
A12672: 111702.0 51388.97 96 | B12672: 114812.0 51389.14 96 | C12672: 121907.0 51388.75 97 | D12672: 123607.0 51398.88 64 | E12672: 130422.0 51406.35 95
A12673: 111707.0 51389.35 95 | B12673: 114817.0 51389.04 96 | C12673: 121912.0 51388.73 98 | D12673: 123612.0 51399.11 43 | E12673: 130427.0 51406.22 95
A12674: 111712.0 51388.95 96 | B12674: 114822.0 51388.95 96 | C12674: 121917.0 51388.54 97 | D12674: 123617.0 51398.48 63 | E12674: 130432.0 51406.17 95
A12675: 111717.0 51389.48 96 | B12675: 114827.0 51389.03 96 | C12675: 121922.0 51388.59 98 | D12675: 123622.0 51399.77 44 | E12675: 130437.0 51406.05 95
A12676: 111722.0 51389.19 95 | B12676: 114832.0 51389.21 96 | C12676: 121927.0 51388.60 97 | D12676: 123627.0 51398.55 63 | E12676: 130442.0 51406.19 95
... A12688: 111822.0 51389.30 96 | B12688: 114932.0 51388.86 96 | C12688: 122027.0 51388.54 97 | D12688: 123727.0 51398.69 53 | E12688: 130542.0 51406.29 95
A12689: 111827.0 51389.58 95 | B12689: 114937.0 51388.81 96 | D12689: 123732.0 51397.94 43 | E12689: 130547.0 51406.52 96
A12690: 111832.0 51389.66 95 | B12690: 114942.0 51388.83 97 | D12690: 123737.0 51397.63 33 | E12690: 130552.0 51406.60 95
A12691: 111837.0 51389.61 96 | B12691: 114947.0 51388.94 96 | C12691: /Gem Systems GSM-19T 4106808 v7.0 26 IX 2014 M t-e2l..v7o | D12691: 123742.0 51398.95 73 | E12691: 130557.0 51406.92 95
A12692: 111842.0 51389.86 95 | B12692: 114952.0 51389.03 96 | C12692: /ID 2666 file 23survey.b 21 IX 26 | D12692: 123747.0 51392.67 33 | E12692: 130602.0 51406.82 95
A12693: 111847.0 51389.50 96 | C12693: /datum 57000.00
A12694: 111852.0 51389.59 95 | C12694: /
A12695: 111857.0 51389.45 96 | B12695: /Gem Systems GSM-19T 4106808 v7.0 26 IX 2014 M t-e2l..v7o | D12695: /Gem Systems GSM-19T 4106808 v7.0 26 IX 2014 M t-e2l..v7o | E12695: /Gem Systems GSM-19T 4106808 v7.0 26 IX 2014 M t-e2l..v7o
A12696: 111902.0 51389.68 96 | B12696: /ID 2666 file 10survey.b 21 IX 26 | C12696: /time nT sq | D12696: /ID 2666 file 29survey.b 21 IX 26 | E12696: /ID 2666 file 39survey.b 21 IX 26
A12697: 111907.0 51388.80 96 | B12697: /datum 57000.00 | C12697: 122117.0 51367.96 95 | D12697: /datum 57000.00 | E12697: /datum 57000.00
B12698: / | C12698: 122122.0 51368.29 94 | D12698: / | E12698: /
C12699: 122127.0 51368.29 95
A12700: /Gem Systems GSM-19T 4106808 v7.0 26 IX 2014 M t-e2l..v7o | B12700: /time nT sq | C12700: 122132.0 51368.08 94 | D12700: /time nT sq | E12700: /time nT sq
A12701: /ID 2666 file 02survey.b 21 IX 26 | B12701: 114357.0 51409.89 54 | C12701: 122137.0 51368.47 95 | D12701: 123817.0 51454.66 98 | E12701: 130722.0 51400.07 73
A12702: /datum 57000.00 | B12702: 114402.0 51409.65 54 | C12702: 122142.0 51368.14 95 | D12702: 123822.0 51454.96 98 | E12702: 130727.0 51399.59 33
A12703: / | B12703: 114407.0 51408.10 44 | C12703: 122147.0 51368.89 94 | D12703: 123827.0 51454.86 98 | E12703: 130732.0 51399.56 54
B12704: 114412.0 51408.94 34 | C12704: 122152.0 51368.52 84 | D12704: 123832.0 51454.85 98 | E12704: 130737.0 51399.01 64
A12705: /time nT sq | B12705: 114417.0 51409.33 84 | C12705: 122157.0 51368.67 95 | D12705: 123837.0 51454.85 98 | E12705: 130742.0 51399.80 53
A12706: 111952.0 51361.54 99 | B12706: 114422.0 51409.43 54 | C12706: 122202.0 51368.43 95 | D12706: 123842.0 51454.85 98 | E12706: 130747.0 51400.39 74
A12707: 111957.0 51363.87 99 | B12707: 114427.0 51409.41 84 | C12707: 122207.0 51368.56 95 | D12707: 123847.0 51454.91 99 | E12707: 130752.0 51399.41 73
A12708: 112002.0 51362.77 99 | B12708: 114432.0 51409.24 74 | C12708: 122212.0 51368.43 84 | D12708: 123852.0 51455.01 98 | E12708: 130757.0 51399.88 43
A12709: 112007.0 51362.75 99 | B12709: 114437.0 51408.58 64 | C12709: 122217.0 51368.40 95 | D12709: 123857.0 51455.06 98 | E12709: 130802.0 51399.90 73
A12710: 112012.0 51362.64 99 | B12710: 114442.0 51408.86 53 | C12710: 122222.0 51368.08 94 | D12710: 123902.0 51455.04 98 | E12710: 130807.0 51400.04 63
A12711: 112017.0 51362.64 99 | B12711: 114447.0 51409.35 64 | C12711: 122227.0 51368.74 94 | D12711: 123907.0 51455.07 98 | E12711: 130812.0 51399.65 83
A12712: 112022.0 51362.68 99 | B12712: 114452.0 51409.47 74 | C12712: 122232.0 51368.61 95 | D12712: 123912.0 51455.18 98 | E12712: 130817.0 51399.54 54
A12713: 112027.0 51362.65 99 | B12713: 114457.0 51408.77 64 | C12713: 122237.0 51368.62 94 | D12713: 123917.0 51455.18 98 | E12713: 130822.0 51399.51 33
A12714: 112032.0 51362.68 99 | B12714: 114502.0 51409.28 63 | C12714: 122242.0 51368.33 94 | D12714: 123922.0 51455.23 99 | E12714: 130827.0 51398.90 73
A12715: 112037.0 51362.69 99 | B12715: 114507.0 51408.33 43 | C12715: 122247.0 51368.47 74 | D12715: 123927.0 51455.20 98 | E12715: 130832.0 51399.28 63
A12716: 112042.0 51362.65 99 | B12716: 114512.0 51408.63 64 | C12716: 122252.0 51368.65 94 | D12716: 123932.0 51455.09 98 | E12716: 130837.0 51397.73 34
... A12723: 112117.0 51362.58 99 | B12723: 114547.0 51409.37 94 | C12723: 122327.0 51369.19 95 | D12723: 124007.0 51455.29 98 | E12723: 130912.0 51400.29 64
A12724: 112122.0 51362.57 99 | B12724: 114552.0 51409.42 74 | D12724: 124012.0 51455.40 98 | E12724: 130917.0 51399.95 64
A12725: 112127.0 51362.60 99 | B12725: 114557.0 51408.72 54 | D12725: 124017.0 51455.39 99 | E12725: 130922.0 51400.76 73
A12726: 112132.0 51362.58 98 | B12726: 114602.0 51409.84 64 | C12726: /Gem Systems GSM-19T 4106808 v7.0 26 IX 2014 M t-e2l..v7o | D12726: 124022.0 51455.48 99 | E12726: 130927.0 51399.72 74
A12727: 112137.0 51362.54 99 | B12727: 114607.0 51409.55 54 | C12727: /ID 2666 file 24survey.b 21 IX 26 | E12727: 130932.0 51399.59 44
A12728: 112142.0 51362.54 99 | B12728: 114612.0 51408.71 64 | C12728: /datum 57000.00 | E12728: 130937.0 51399.21 33
A12729: 112147.0 51362.70 99 | B12729: 114617.0 51410.39 54 | C12729: / | D12729: /Gem Systems GSM-19T 4106808 v7.0 26 IX 2014 M t-e2l..v7o | E12729: 130942.0 51405.71 64
A12730: 112152.0 51362.51 99 | B12730: 114622.0 51409.00 64 | D12730: /ID 2666 file 30survey.b 21 IX 26
A12731: 112157.0 51362.59 99 | B12731: 114627.0 51408.41 44 | C12731: /time nT sq | D12731: /datum 57000.00
A12732: 112202.0 51362.55 99 | B12732: 114632.0 51408.54 84 | C12732: 122412.0 51353.59 43 | D12732: / | E12732: /Gem Systems GSM-19T 4106808 v7.0 26 IX 2014 M t-e2l..v7o
A12733: 112207.0 51362.64 99 | B12733: 114637.0 51409.07 64 | C12733: 122417.0 51354.15 43 | E12733: /ID 2666 file 41survey.b 21 IX 26
A12734: 112212.0 51362.43 99 | B12734: 114642.0 51409.09 63 | C12734: 122422.0 51354.03 73 | D12734: /time nT sq | E12734: /datum 57000.00
A12735: 112217.0 51362.61 99 | B12735: 114647.0 51409.10 43 | C12735: 122427.0 51353.92 53 | D12735: 124102.0 51551.10 64 | E12735: /
...

Sheet ⑨ 구배 자동계산
A1: ⑨ 구배 자동계산 — GSM-19T 파일 내용을 그대로 붙여 넣는 곳
A2: ① 오른쪽 위에서 **지점을 고르고**, 바로 아래 「원문 칸으로 가기」를 누르면 그 지점의 다섯 칸(동·서·남·북·수직)으로 갑니다. 거기에 그 방향 txt 를 «통째로» 붙여 넣으세요(메모장에서 Ctrl+A → Ctrl+C → 칸 하나만 고르고 Ctrl+V). ② 붙여 넣는 자리가 곧 보관 자리라 **따로 저장할 필요가 없습니다** — 지점을 바꿨다가 돌아와도 원문이 그대로 있고 결과도 다시 나옵니다. ③ 오른쪽 초록 표가 바로 채워지고, 고른 지점 카드에도 저절로 들어갑니다 — 블록을 시각순으로 줄 세워 P0(전)·1 m·…·P0(후) 로 배정하고, 0.00 읽음과 품질 뒷자리 0, 중앙값에서 ±5 nT 벗어난 값을 빼고 평균을 냅니다. ④ 아래 A9:E708 은 보관 칸을 비춰 보는 곳이라 여기에 붙여 넣지 않습니다.
A4: 지점 | B4: 19_오호 신규점 | C4: =IF($B$4="","지점을 고르면 그 지점 원문 칸과 카드가 이어집니다 — 먼저 골라 주세요","「"&$B$4&"」 원문은 ⑩ 보관 시트에 남고, 결과는 같은 이름 카드에 자동으로 들어갑니다") -> 「19_오호 신규점」 원문은 ⑩ 보관 시트에 남고, 결과는 같은 이름 카드에 자동으로 들어갑니다
A6: =IF($B$4="","▶ 먼저 지점을 골라 주세요",HYPERLINK("#'⑩ 원문 보관'!A"&$CM$6,"▶ 「"&$B$4&"」 원문 칸으로 가기 — 거기에 붙여 넣으면 이 표가 채워지고 그대로 보관됩니다")) -> ▶ 「19_오호 신규점」 원문 칸으로 가기 — 거기에 붙여 넣으면 이 표가 채워지고 그대로 보관됩니다 | CM6: =IFERROR(MATCH($B$4,$CM$9:$CM$58,0)*703-699,0) -> 12658
A7: =IF(COUNTIFS($Q$9:$Q$708,0,$R$9:$R$708,">0")+COUNTIFS($V$9:$V$708,0,$W$9:$W$708,">0")+COUNTIFS($AA$9:$AA$708,0,$AB$9:$AB$708,">0")+COUNTIFS($AF$9:$AF$708,0,$AG$9:$AG$708,">0")+COUNTIFS($AK$9:$AK$708,0,$AL$9:$AL$708,">0")>0,"⚠ 첫 /time 머리글이 빠진 자료가 있습니다 — 그 방향은 첫 측점이 버려지고 거리가 한 칸씩 당겨집니다. 파일을 머리글째 다시 붙여 넣으세요",IF(OR(AND(COUNT($AS$9:$AS$22)>1,MAX($AS$9:$AS$22)-MIN($AS$9:$AS$22)>120000),AND(COUNT($BB$9:$BB$22)>1,MAX($BB$9:$BB$22)-MIN($BB$9:$BB$22)>120000),AND(COUNT($BK$9:$BK$22)>1,MAX($BK$9:$BK$22)-MIN($BK$9:$BK$22)>120000),AND(COUNT($BT$9:$BT$22)>1,MAX($BT$9:$BT$22)-MIN($BT$9:$BT$22)>120000),AND(COUNT($CC$9:$CC$22)>1,MAX($CC$9:$CC$22)-MIN($CC$9:$CC$22)>120000)),"⚠ 한 자료 안에서 시각이 12시간 넘게 벌어졌습니다 — 자정을 넘겼다면 블록 순서가 뒤집힙니다. 시각을 확인하고 필요하면 날짜별로 나눠 붙여 넣으세요",IF(COUNTIFS($AS$9:$AS$22,">=180000")+COUNTIFS($AS$9:$AS$22,">0",$AS$9:$AS$22,"<60000")+COUNTIFS($BB$9:$BB$22,">=180000")+COUNTIFS($BB$9:$BB$22,">0",$BB$9:$BB$22,"<60000")+COUNTIFS($BK$9:$BK$22,">=180000")+COUNTIFS($BK$9:$BK$22,">0",$BK$9:$BK$22,"<60000")+COUNTIFS($BT$9:$BT$22,">=180000")+COUNTIFS($BT$9:$BT$22,">0",$BT$9:$BT$22,"<60000")+COUNTIFS($CC$9:$CC$22,">=180000")+COUNTIFS($CC$9:$CC$22,">0",$CC$9:$CC$22,"<60000")>0,"⚠ 야간(18시 이후·06시 이전) 시각이 "&COUNTIFS($AS$9:$AS$22,">=180000")+COUNTIFS($AS$9:$AS$22,">0",$AS$9:$AS$22,"<60000")+COUNTIFS($BB$9:$BB$22,">=180000")+COUNTIFS($BB$9:$BB$22,">0",$BB$9:$BB$22,"<60000")+COUNTIFS($BK$9:$BK$22,">=180000")+COUNTIFS($BK$9:$BK$22,">0",$BK$9:$BK$22,"<60000")+COUNTIFS($BT$9:$BT$22,">=180000")+COUNTIFS($BT$9:$BT$22,">0",$BT$9:$BT$22,"<60000")+COUNTIFS($CC$9:$CC$22,">=180000")+COUNTIFS($CC$9:$CC$22,">0",$CC$9:$CC$22,"<60000")&"개 있습니다 — 야간에는 재지 않기로 했으니 기기 시각이 맞는지 확인해 주세요","")))
A8: 동 원문 (⑩ 보관에서 읽음) | B8: 서 원문 (⑩ 보관에서 읽음) | C8: 남 원문 (⑩ 보관에서 읽음) | D8: 북 원문 (⑩ 보관에서 읽음) | E8: 수직(삼각대) 원문 (⑩ 보관에서 읽음) | G8: 거리 | H8: 동 시각 | I8: 동 평균 F(nT) | J8: 서 시각 | K8: 서 평균 F(nT) | L8: 남 시각 | M8: 남 평균 F(nT) | N8: 북 시각 | O8: 북 평균 F(nT)
A9: =IF($CM$6=0,"",IF(INDEX('⑩ 원문 보관'!$A:$E,$CM$6+ROW()-9,COLUMN())="","",INDEX('⑩ 원문 보관'!$A:$E,$CM$6+ROW()-9,COLUMN()))) | B9: =IF($CM$6=0,"",IF(INDEX('⑩ 원문 보관'!$A:$E,$CM$6+ROW()-9,COLUMN())="","",INDEX('⑩ 원문 보관'!$A:$E,$CM$6+ROW()-9,COLUMN()))) -> file 11survey.b 21 IX 26 | C9: =IF($CM$6=0,"",IF(INDEX('⑩ 원문 보관'!$A:$E,$CM$6+ROW()-9,COLUMN())="","",INDEX('⑩ 원문 보관'!$A:$E,$CM$6+ROW()-9,COLUMN()))) -> file 22survey.b 21 IX 26 | D9: =IF($CM$6=0,"",IF(INDEX('⑩ 원문 보관'!$A:$E,$CM$6+ROW()-9,COLUMN())="","",INDEX('⑩ 원문 보관'!$A:$E,$CM$6+ROW()-9,COLUMN()))) -> file 28survey.b 21 IX 26 | E9: =IF($CM$6=0,"",IF(INDEX('⑩ 원문 보관'!$A:$E,$CM$6+ROW()-9,COLUMN())="","",INDEX('⑩ 원문 보관'!$A:$E,$CM$6+ROW()-9,COLUMN()))) | G9: P0(전) | H9: =IFERROR(INT(IFERROR(INDEX($AS$9:$AS$22,MATCH(1,$AY$9:$AY$22,0)),"")/100),"") -> 1116 | I9: =IFERROR(INDEX($AW$9:$AW$22,MATCH(1,$AY$9:$AY$22,0)),"") -> 51389.35 | J9: =IFERROR(INT(IFERROR(INDEX($BB$9:$BB$22,MATCH(1,$BH$9:$BH$22,0)),"")/100),"") -> 1143 | K9: =IFERROR(INDEX($BF$9:$BF$22,MATCH(1,$BH$9:$BH$22,0)),"") -> 51409.21 | L9: =IFERROR(INT(IFERROR(INDEX($BK$9:$BK$22,MATCH(1,$BQ$9:$BQ$22,0)),"")/100),"") -> 1218 | M9: =IFERROR(INDEX($BO$9:$BO$22,MATCH(1,$BQ$9:$BQ$22,0)),"") -> 51388.66 | N9: =IFERROR(INT(IFERROR(INDEX($BT$9:$BT$22,MATCH(1,$BZ$9:$BZ$22,0)),"")/100),"") -> 1235 | O9: =IFERROR(INDEX($BX$9:$BX$22,MATCH(1,$BZ$9:$BZ$22,0)),"") -> 51398.6 | Q9: =IF(A9="",0,IF(LEFT(TRIM(A9),5)="/time",0+1,0)) -> 0 | R9: =IFERROR(IF(ISNUMBER(--LEFT(TRIM(A9),1)),VALUE(LEFT(TRIM(A9),6)),""),"") | S9: =IFERROR(VALUE(TRIM(MID(SUBSTITUTE(TRIM(A9)," ",REPT(" ",30)),31,30))),"") | T9: =IFERROR(TRIM(MID(SUBSTITUTE(TRIM(A9)," ",REPT(" ",30)),61,30)),"") | U9: =IF(OR(R9="",S9="",T9=""),0,IF(AND(S9>1000,RIGHT(T9,1)<>"0"),1,0)) -> 0 | V9: =IF(B9="",0,IF(LEFT(TRIM(B9),5)="/time",0+1,0)) -> 0 | W9: =IFERROR(IF(ISNUMBER(--LEFT(TRIM(B9),1)),VALUE(LEFT(TRIM(B9),6)),""),"") | X9: =IFERROR(VALUE(TRIM(MID(SUBSTITUTE(TRIM(B9)," ",REPT(" ",30)),31,30))),"") | Y9: =IFERROR(TRIM(MID(SUBSTITUTE(TRIM(B9)," ",REPT(" ",30)),61,30)),"") -> 21 | Z9: =IF(OR(W9="",X9="",Y9=""),0,IF(AND(X9>1000,RIGHT(Y9,1)<>"0"),1,0)) -> 0 | AA9: =IF(C9="",0,IF(LEFT(TRIM(C9),5)="/time",0+1,0)) -> 0 | AB9: =IFERROR(IF(ISNUMBER(--LEFT(TRIM(C9),1)),VALUE(LEFT(TRIM(C9),6)),""),"") | AC9: =IFERROR(VALUE(TRIM(MID(SUBSTITUTE(TRIM(C9)," ",REPT(" ",30)),31,30))),"") | AD9: =IFERROR(TRIM(MID(SUBSTITUTE(TRIM(C9)," ",REPT(" ",30)),61,30)),"") -> 21 | AE9: =IF(OR(AB9="",AC9="",AD9=""),0,IF(AND(AC9>1000,RIGHT(AD9,1)<>"0"),1,0)) -> 0 | AF9: =IF(D9="",0,IF(LEFT(TRIM(D9),5)="/time",0+1,0)) -> 0 | AG9: =IFERROR(IF(ISNUMBER(--LEFT(TRIM(D9),1)),VALUE(LEFT(TRIM(D9),6)),""),"") | AH9: =IFERROR(VALUE(TRIM(MID(SUBSTITUTE(TRIM(D9)," ",REPT(" ",30)),31,30))),"") | AI9: =IFERROR(TRIM(MID(SUBSTITUTE(TRIM(D9)," ",REPT(" ",30)),61,30)),"") -> 21 | AJ9: =IF(OR(AG9="",AH9="",AI9=""),0,IF(AND(AH9>1000,RIGHT(AI9,1)<>"0"),1,0)) -> 0 | AK9: =IF(E9="",0,IF(LEFT(TRIM(E9),5)="/time",0+1,0)) -> 0 | AL9: =IFERROR(IF(ISNUMBER(--LEFT(TRIM(E9),1)),VALUE(LEFT(TRIM(E9),6)),""),"") | AM9: =IFERROR(VALUE(TRIM(MID(SUBSTITUTE(TRIM(E9)," ",REPT(" ",30)),31,30))),"") | AN9: =IFERROR(TRIM(MID(SUBSTITUTE(TRIM(E9)," ",REPT(" ",30)),61,30)),"") | AO9: =IF(OR(AL9="",AM9="",AN9=""),0,IF(AND(AM9>1000,RIGHT(AN9,1)<>"0"),1,0)) -> 0 | AQ9: 1 | AR9: =COUNTIFS($Q$9:$Q$708,AQ9,$U$9:$U$708,1) -> 32 | AS9: {=IFERROR(SMALL(IF($Q$9:$Q$708=AQ9,$R$9:$R$708,""),1),"")} -> 111632 | AT9: {=IFERROR(LARGE(IF($Q$9:$Q$708=AQ9,$R$9:$R$708,""),1),"")} -> 111907 | AU9: {=IFERROR(MEDIAN(IF(($Q$9:$Q$708=AQ9)*($U$9:$U$708=1),$S$9:$S$708,"")),"")} -> 51389.35 | AV9: =IF(AU9="",0,COUNTIFS($Q$9:$Q$708,AQ9,$U$9:$U$708,1,$S$9:$S$708,">="&AU9-5,$S$9:$S$708,"<="&AU9+5)) -> 32 | AW9: =IF(AV9=0,"",ROUND(AVERAGEIFS($S$9:$S$708,$Q$9:$Q$708,AQ9,$U$9:$U$708,1,$S$9:$S$708,">="&AU9-5,$S$9:$S$708,"<="&AU9+5),2)) -> 51389.35 | AX9: =IF(AU9="","",COUNTIFS($Q$9:$Q$708,AQ9,$R$9:$R$708,">0")-AV9) -> 0 | AY9: =IF(AS9="","",RANK(AS9,$AS$9:$AS$22,1)) -> 1 | AZ9: 1 | BA9: =COUNTIFS($V$9:$V$708,AZ9,$Z$9:$Z$708,1) -> 30 | BB9: {=IFERROR(SMALL(IF($V$9:$V$708=AZ9,$W$9:$W$708,""),1),"")} -> 114727 | BC9: {=IFERROR(LARGE(IF($V$9:$V$708=AZ9,$W$9:$W$708,""),1),"")} -> 114952 | BD9: {=IFERROR(MEDIAN(IF(($V$9:$V$708=AZ9)*($Z$9:$Z$708=1),$X$9:$X$708,"")),"")} -> 51388.955 | BE9: =IF(BD9="",0,COUNTIFS($V$9:$V$708,AZ9,$Z$9:$Z$708,1,$X$9:$X$708,">="&BD9-5,$X$9:$X$708,"<="&BD9+5)) -> 30 | BF9: =IF(BE9=0,"",ROUND(AVERAGEIFS($X$9:$X$708,$V$9:$V$708,AZ9,$Z$9:$Z$708,1,$X$9:$X$708,">="&BD9-5,$X$9:$X$708,"<="&BD9+5),2)) -> 51388.95 | BG9: =IF(BD9="","",COUNTIFS($V$9:$V$708,AZ9,$W$9:$W$708,">0")-BE9) -> 0 | BH9: =IF(BB9="","",RANK(BB9,$BB$9:$BB$22,1)) -> 2 | BI9: 1 | BJ9: =COUNTIFS($AA$9:$AA$708,BI9,$AE$9:$AE$708,1) -> 26 | BK9: {=IFERROR(SMALL(IF($AA$9:$AA$708=BI9,$AB$9:$AB$708,""),1),"")} -> 121822 | BL9: {=IFERROR(LARGE(IF($AA$9:$AA$708=BI9,$AB$9:$AB$708,""),1),"")} -> 122027 | BM9: {=IFERROR(MEDIAN(IF(($AA$9:$AA$708=BI9)*($AE$9:$AE$708=1),$AC$9:$AC$708,"")),"")} -> 51388.675 | BN9: =IF(BM9="",0,COUNTIFS($AA$9:$AA$708,BI9,$AE$9:$AE$708,1,$AC$9:$AC$708,">="&BM9-5,$AC$9:$AC$708,"<="&BM9+5)) -> 26 | BO9: =IF(BN9=0,"",ROUND(AVERAGEIFS($AC$9:$AC$708,$AA$9:$AA$708,BI9,$AE$9:$AE$708,1,$AC$9:$AC$708,">="&BM9-5,$AC$9:$AC$708,"<="&BM9+5),2)) -> 51388.66 | BP9: =IF(BM9="","",COUNTIFS($AA$9:$AA$708,BI9,$AB$9:$AB$708,">0")-BN9) -> 0 | BQ9: =IF(BK9="","",RANK(BK9,$BK$9:$BK$22,1)) -> 1 | BR9: 1 | BS9: =COUNTIFS($AF$9:$AF$708,BR9,$AJ$9:$AJ$708,1) -> 30 | BT9: {=IFERROR(SMALL(IF($AF$9:$AF$708=BR9,$AG$9:$AG$708,""),1),"")} -> 123522 | BU9: {=IFERROR(LARGE(IF($AF$9:$AF$708=BR9,$AG$9:$AG$708,""),1),"")} -> 123747 | BV9: {=IFERROR(MEDIAN(IF(($AF$9:$AF$708=BR9)*($AJ$9:$AJ$708=1),$AH$9:$AH$708,"")),"")} -> 51398.67 | BW9: =IF(BV9="",0,COUNTIFS($AF$9:$AF$708,BR9,$AJ$9:$AJ$708,1,$AH$9:$AH$708,">="&BV9-5,$AH$9:$AH$708,"<="&BV9+5)) -> 28 | BX9: =IF(BW9=0,"",ROUND(AVERAGEIFS($AH$9:$AH$708,$AF$9:$AF$708,BR9,$AJ$9:$AJ$708,1,$AH$9:$AH$708,">="&BV9-5,$AH$9:$AH$708,"<="&BV9+5),2)) -> 51398.6 | BY9: =IF(BV9="","",COUNTIFS($AF$9:$AF$708,BR9,$AG$9:$AG$708,">0")-BW9) -> 2 | BZ9: =IF(BT9="","",RANK(BT9,$BT$9:$BT$22,1)) -> 1 | CA9: 1 | CB9: =COUNTIFS($AK$9:$AK$708,CA9,$AO$9:$AO$708,1) -> 27 | CC9: {=IFERROR(SMALL(IF($AK$9:$AK$708=CA9,$AL$9:$AL$708,""),1),"")} -> 130352 | CD9: {=IFERROR(LARGE(IF($AK$9:$AK$708=CA9,$AL$9:$AL$708,""),1),"")} -> 130602 | CE9: {=IFERROR(MEDIAN(IF(($AK$9:$AK$708=CA9)*($AO$9:$AO$708=1),$AM$9:$AM$708,"")),"")} -> 51406.29 | CF9: =IF(CE9="",0,COUNTIFS($AK$9:$AK$708,CA9,$AO$9:$AO$708,1,$AM$9:$AM$708,">="&CE9-5,$AM$9:$AM$708,"<="&CE9+5)) -> 27 | CG9: =IF(CF9=0,"",ROUND(AVERAGEIFS($AM$9:$AM$708,$AK$9:$AK$708,CA9,$AO$9:$AO$708,1,$AM$9:$AM$708,">="&CE9-5,$AM$9:$AM$708,"<="&CE9+5),2)) -> 51406.33 | CH9: =IF(CE9="","",COUNTIFS($AK$9:$AK$708,CA9,$AL$9:$AL$708,">0")-CF9) -> 0 | CI9: =IF(CC9="","",RANK(CC9,$CC$9:$CC$22,1)) -> 1 | CM9: 01_태백 신규점 | CQ9: P0~1 m | CR9: =IF(OR($I$9="",$I$10=""),"",ABS($I$10-$I$9)) -> 26.72 | CS9: =IF(OR($K$9="",$K$10=""),"",ABS($K$10-$K$9)) -> 20.26 | CT9: =IF(OR($M$9="",$M$10=""),"",ABS($M$10-$M$9)) -> 20.09 | CU9: =IF(OR($O$9="",$O$10=""),"",ABS($O$10-$O$9)) -> 56.52
A10: =IF($CM$6=0,"",IF(INDEX('⑩ 원문 보관'!$A:$E,$CM$6+ROW()-9,COLUMN())="","",INDEX('⑩ 원문 보관'!$A:$E,$CM$6+ROW()-9,COLUMN()))) | B10: =IF($CM$6=0,"",IF(INDEX('⑩ 원문 보관'!$A:$E,$CM$6+ROW()-9,COLUMN())="","",INDEX('⑩ 원문 보관'!$A:$E,$CM$6+ROW()-9,COLUMN()))) -> /datum 57000.00 | C10: =IF($CM$6=0,"",IF(INDEX('⑩ 원문 보관'!$A:$E,$CM$6+ROW()-9,COLUMN())="","",INDEX('⑩ 원문 보관'!$A:$E,$CM$6+ROW()-9,COLUMN()))) -> /datum 57000.00 | D10: =IF($CM$6=0,"",IF(INDEX('⑩ 원문 보관'!$A:$E,$CM$6+ROW()-9,COLUMN())="","",INDEX('⑩ 원문 보관'!$A:$E,$CM$6+ROW()-9,COLUMN()))) -> /datum 57000.00 | E10: =IF($CM$6=0,"",IF(INDEX('⑩ 원문 보관'!$A:$E,$CM$6+ROW()-9,COLUMN())="","",INDEX('⑩ 원문 보관'!$A:$E,$CM$6+ROW()-9,COLUMN()))) | G10: 1 m | H10: =IF(COUNT($AS$9:$AS$22)-1<2,"",IFERROR(INT(IFERROR(INDEX($AS$9:$AS$22,MATCH(2,$AY$9:$AY$22,0)),"")/100),"")) -> 1119 | I10: =IF(COUNT($AS$9:$AS$22)-1<2,"",IFERROR(INDEX($AW$9:$AW$22,MATCH(2,$AY$9:$AY$22,0)),"")) -> 51362.63 | J10: =IF(COUNT($BB$9:$BB$22)-1<2,"",IFERROR(INT(IFERROR(INDEX($BB$9:$BB$22,MATCH(2,$BH$9:$BH$22,0)),"")/100),"")) -> 1147 | K10: =IF(COUNT($BB$9:$BB$22)-1<2,"",IFERROR(INDEX($BF$9:$BF$22,MATCH(2,$BH$9:$BH$22,0)),"")) -> 51388.95 | L10: =IF(COUNT($BK$9:$BK$22)-1<2,"",IFERROR(INT(IFERROR(INDEX($BK$9:$BK$22,MATCH(2,$BQ$9:$BQ$22,0)),"")/100),"")) -> 1221 | M10: =IF(COUNT($BK$9:$BK$22)-1<2,"",IFERROR(INDEX($BO$9:$BO$22,MATCH(2,$BQ$9:$BQ$22,0)),"")) -> 51368.57 | N10: =IF(COUNT($BT$9:$BT$22)-1<2,"",IFERROR(INT(IFERROR(INDEX($BT$9:$BT$22,MATCH(2,$BZ$9:$BZ$22,0)),"")/100),"")) -> 1238 | O10: =IF(COUNT($BT$9:$BT$22)-1<2,"",IFERROR(INDEX($BX$9:$BX$22,MATCH(2,$BZ$9:$BZ$22,0)),"")) -> 51455.12 | Q10: =IF(A10="",N(Q9),IF(LEFT(TRIM(A10),5)="/time",N(Q9)+1,N(Q9))) -> 0 | R10: =IFERROR(IF(ISNUMBER(--LEFT(TRIM(A10),1)),VALUE(LEFT(TRIM(A10),6)),""),"") | S10: =IFERROR(VALUE(TRIM(MID(SUBSTITUTE(TRIM(A10)," ",REPT(" ",30)),31,30))),"") | T10: =IFERROR(TRIM(MID(SUBSTITUTE(TRIM(A10)," ",REPT(" ",30)),61,30)),"") | U10: =IF(OR(R10="",S10="",T10=""),0,IF(AND(S10>1000,RIGHT(T10,1)<>"0"),1,0)) -> 0 | V10: =IF(B10="",N(V9),IF(LEFT(TRIM(B10),5)="/time",N(V9)+1,N(V9))) -> 0 | W10: =IFERROR(IF(ISNUMBER(--LEFT(TRIM(B10),1)),VALUE(LEFT(TRIM(B10),6)),""),"") | X10: =IFERROR(VALUE(TRIM(MID(SUBSTITUTE(TRIM(B10)," ",REPT(" ",30)),31,30))),"") -> 57000 | Y10: =IFERROR(TRIM(MID(SUBSTITUTE(TRIM(B10)," ",REPT(" ",30)),61,30)),"") | Z10: =IF(OR(W10="",X10="",Y10=""),0,IF(AND(X10>1000,RIGHT(Y10,1)<>"0"),1,0)) -> 0 | AA10: =IF(C10="",N(AA9),IF(LEFT(TRIM(C10),5)="/time",N(AA9)+1,N(AA9))) -> 0 | AB10: =IFERROR(IF(ISNUMBER(--LEFT(TRIM(C10),1)),VALUE(LEFT(TRIM(C10),6)),""),"") | AC10: =IFERROR(VALUE(TRIM(MID(SUBSTITUTE(TRIM(C10)," ",REPT(" ",30)),31,30))),"") -> 57000 | AD10: =IFERROR(TRIM(MID(SUBSTITUTE(TRIM(C10)," ",REPT(" ",30)),61,30)),"") | AE10: =IF(OR(AB10="",AC10="",AD10=""),0,IF(AND(AC10>1000,RIGHT(AD10,1)<>"0"),1,0)) -> 0 | AF10: =IF(D10="",N(AF9),IF(LEFT(TRIM(D10),5)="/time",N(AF9)+1,N(AF9))) -> 0 | AG10: =IFERROR(IF(ISNUMBER(--LEFT(TRIM(D10),1)),VALUE(LEFT(TRIM(D10),6)),""),"") | AH10: =IFERROR(VALUE(TRIM(MID(SUBSTITUTE(TRIM(D10)," ",REPT(" ",30)),31,30))),"") -> 57000 | AI10: =IFERROR(TRIM(MID(SUBSTITUTE(TRIM(D10)," ",REPT(" ",30)),61,30)),"") | AJ10: =IF(OR(AG10="",AH10="",AI10=""),0,IF(AND(AH10>1000,RIGHT(AI10,1)<>"0"),1,0)) -> 0 | AK10: =IF(E10="",N(AK9),IF(LEFT(TRIM(E10),5)="/time",N(AK9)+1,N(AK9))) -> 0 | AL10: =IFERROR(IF(ISNUMBER(--LEFT(TRIM(E10),1)),VALUE(LEFT(TRIM(E10),6)),""),"") | AM10: =IFERROR(VALUE(TRIM(MID(SUBSTITUTE(TRIM(E10)," ",REPT(" ",30)),31,30))),"") | AN10: =IFERROR(TRIM(MID(SUBSTITUTE(TRIM(E10)," ",REPT(" ",30)),61,30)),"") | AO10: =IF(OR(AL10="",AM10="",AN10=""),0,IF(AND(AM10>1000,RIGHT(AN10,1)<>"0"),1,0)) -> 0 | AQ10: 2 | AR10: =COUNTIFS($Q$9:$Q$708,AQ10,$U$9:$U$708,1) -> 31 | AS10: {=IFERROR(SMALL(IF($Q$9:$Q$708=AQ10,$R$9:$R$708,""),1),"")} -> 111952 | AT10: {=IFERROR(LARGE(IF($Q$9:$Q$708=AQ10,$R$9:$R$708,""),1),"")} -> 112222 | AU10: {=IFERROR(MEDIAN(IF(($Q$9:$Q$708=AQ10)*($U$9:$U$708=1),$S$9:$S$708,"")),"")} -> 51362.63 | AV10: =IF(AU10="",0,COUNTIFS($Q$9:$Q$708,AQ10,$U$9:$U$708,1,$S$9:$S$708,">="&AU10-5,$S$9:$S$708,"<="&AU10+5)) -> 31 | AW10: =IF(AV10=0,"",ROUND(AVERAGEIFS($S$9:$S$708,$Q$9:$Q$708,AQ10,$U$9:$U$708,1,$S$9:$S$708,">="&AU10-5,$S$9:$S$708,"<="&AU10+5),2)) -> 51362.63 | AX10: =IF(AU10="","",COUNTIFS($Q$9:$Q$708,AQ10,$R$9:$R$708,">0")-AV10) -> 0 | AY10: =IF(AS10="","",RANK(AS10,$AS$9:$AS$22,1)) -> 2 | AZ10: 2 | BA10: =COUNTIFS($V$9:$V$708,AZ10,$Z$9:$Z$708,1) -> 41 | BB10: {=IFERROR(SMALL(IF($V$9:$V$708=AZ10,$W$9:$W$708,""),1),"")} -> 114357 | BC10: {=IFERROR(LARGE(IF($V$9:$V$708=AZ10,$W$9:$W$708,""),1),"")} -> 114717 | BD10: {=IFERROR(MEDIAN(IF(($V$9:$V$708=AZ10)*($Z$9:$Z$708=1),$X$9:$X$708,"")),"")} -> 51409.1 | BE10: =IF(BD10="",0,COUNTIFS($V$9:$V$708,AZ10,$Z$9:$Z$708,1,$X$9:$X$708,">="&BD10-5,$X$9:$X$708,"<="&BD10+5)) -> 37 | BF10: =IF(BE10=0,"",ROUND(AVERAGEIFS($X$9:$X$708,$V$9:$V$708,AZ10,$Z$9:$Z$708,1,$X$9:$X$708,">="&BD10-5,$X$9:$X$708,"<="&BD10+5),2)) -> 51409.21 | BG10: =IF(BD10="","",COUNTIFS($V$9:$V$708,AZ10,$W$9:$W$708,">0")-BE10) -> 4 | BH10: =IF(BB10="","",RANK(BB10,$BB$9:$BB$22,1)) -> 1 | BI10: 2 | BJ10: =COUNTIFS($AA$9:$AA$708,BI10,$AE$9:$AE$708,1) -> 27 | BK10: {=IFERROR(SMALL(IF($AA$9:$AA$708=BI10,$AB$9:$AB$708,""),1),"")} -> 122117 | BL10: {=IFERROR(LARGE(IF($AA$9:$AA$708=BI10,$AB$9:$AB$708,""),1),"")} -> 122327 | BM10: {=IFERROR(MEDIAN(IF(($AA$9:$AA$708=BI10)*($AE$9:$AE$708=1),$AC$9:$AC$708,"")),"")} -> 51368.56 | BN10: =IF(BM10="",0,COUNTIFS($AA$9:$AA$708,BI10,$AE$9:$AE$708,1,$AC$9:$AC$708,">="&BM10-5,$AC$9:$AC$708,"<="&BM10+5)) -> 27 | BO10: =IF(BN10=0,"",ROUND(AVERAGEIFS($AC$9:$AC$708,$AA$9:$AA$708,BI10,$AE$9:$AE$708,1,$AC$9:$AC$708,">="&BM10-5,$AC$9:$AC$708,"<="&BM10+5),2)) -> 51368.57 | BP10: =IF(BM10="","",COUNTIFS($AA$9:$AA$708,BI10,$AB$9:$AB$708,">0")-BN10) -> 0 | BQ10: =IF(BK10="","",RANK(BK10,$BK$9:$BK$22,1)) -> 2 | BR10: 2 | BS10: =COUNTIFS($AF$9:$AF$708,BR10,$AJ$9:$AJ$708,1) -> 26 | BT10: {=IFERROR(SMALL(IF($AF$9:$AF$708=BR10,$AG$9:$AG$708,""),1),"")} -> 123817 | BU10: {=IFERROR(LARGE(IF($AF$9:$AF$708=BR10,$AG$9:$AG$708,""),1),"")} -> 124022 | BV10: {=IFERROR(MEDIAN(IF(($AF$9:$AF$708=BR10)*($AJ$9:$AJ$708=1),$AH$9:$AH$708,"")),"")} -> 51455.18 | BW10: =IF(BV10="",0,COUNTIFS($AF$9:$AF$708,BR10,$AJ$9:$AJ$708,1,$AH$9:$AH$708,">="&BV10-5,$AH$9:$AH$708,"<="&BV10+5)) -> 26 | BX10: =IF(BW10=0,"",ROUND(AVERAGEIFS($AH$9:$AH$708,$AF$9:$AF$708,BR10,$AJ$9:$AJ$708,1,$AH$9:$AH$708,">="&BV10-5,$AH$9:$AH$708,"<="&BV10+5),2)) -> 51455.12 | BY10: =IF(BV10="","",COUNTIFS($AF$9:$AF$708,BR10,$AG$9:$AG$708,">0")-BW10) -> 0 | BZ10: =IF(BT10="","",RANK(BT10,$BT$9:$BT$22,1)) -> 2 | CA10: 2 | CB10: =COUNTIFS($AK$9:$AK$708,CA10,$AO$9:$AO$708,1) -> 29 | CC10: {=IFERROR(SMALL(IF($AK$9:$AK$708=CA10,$AL$9:$AL$708,""),1),"")} -> 130722 | CD10: {=IFERROR(LARGE(IF($AK$9:$AK$708=CA10,$AL$9:$AL$708,""),1),"")} -> 130942 | CE10: {=IFERROR(MEDIAN(IF(($AK$9:$AK$708=CA10)*($AO$9:$AO$708=1),$AM$9:$AM$708,"")),"")} -> 51399.59 | CF10: =IF(CE10="",0,COUNTIFS($AK$9:$AK$708,CA10,$AO$9:$AO$708,1,$AM$9:$AM$708,">="&CE10-5,$AM$9:$AM$708,"<="&CE10+5)) -> 28 | CG10: =IF(CF10=0,"",ROUND(AVERAGEIFS($AM$9:$AM$708,$AK$9:$AK$708,CA10,$AO$9:$AO$708,1,$AM$9:$AM$708,">="&CE10-5,$AM$9:$AM$708,"<="&CE10+5),2)) -> 51399.6 | CH10: =IF(CE10="","",COUNTIFS($AK$9:$AK$708,CA10,$AL$9:$AL$708,">0")-CF10) -> 1 | CI10: =IF(CC10="","",RANK(CC10,$CC$9:$CC$22,1)) -> 2 | CM10: 02_임계 신규점1 | CQ10: 1~2 m | CR10: =IF(OR($I$10="",$I$11=""),"",ABS($I$11-$I$10)) -> 11.5 | CS10: =IF(OR($K$10="",$K$11=""),"",ABS($K$11-$K$10)) -> 56.36 | CT10: =IF(OR($M$10="",$M$11=""),"",ABS($M$11-$M$10)) -> 14.46 | CU10: =IF(OR($O$10="",$O$11=""),"",ABS($O$11-$O$10)) -> 95.85
A11: =IF($CM$6=0,"",IF(INDEX('⑩ 원문 보관'!$A:$E,$CM$6+ROW()-9,COLUMN())="","",INDEX('⑩ 원문 보관'!$A:$E,$CM$6+ROW()-9,COLUMN()))) -> /Gem Systems GSM-19T 4106808 v7.0 26 IX 2014 M t-e2l..v7o | B11: =IF($CM$6=0,"",IF(INDEX('⑩ 원문 보관'!$A:$E,$CM$6+ROW()-9,COLUMN())="","",INDEX('⑩ 원문 보관'!$A:$E,$CM$6+ROW()-9,COLUMN()))) -> / | C11: =IF($CM$6=0,"",IF(INDEX('⑩ 원문 보관'!$A:$E,$CM$6+ROW()-9,COLUMN())="","",INDEX('⑩ 원문 보관'!$A:$E,$CM$6+ROW()-9,COLUMN()))) -> / | D11: =IF($CM$6=0,"",IF(INDEX('⑩ 원문 보관'!$A:$E,$CM$6+ROW()-9,COLUMN())="","",INDEX('⑩ 원문 보관'!$A:$E,$CM$6+ROW()-9,COLUMN()))) -> / | E11: =IF($CM$6=0,"",IF(INDEX('⑩ 원문 보관'!$A:$E,$CM$6+ROW()-9,COLUMN())="","",INDEX('⑩ 원문 보관'!$A:$E,$CM$6+ROW()-9,COLUMN()))) -> /Gem Systems GSM-19T 4106808 v7.0 26 IX 2014 M t-e2l..v7o | G11: 2 m | H11: =IF(COUNT($AS$9:$AS$22)-1<3,"",IFERROR(INT(IFERROR(INDEX($AS$9:$AS$22,MATCH(3,$AY$9:$AY$22,0)),"")/100),"")) -> 1123 | I11: =IF(COUNT($AS$9:$AS$22)-1<3,"",IFERROR(INDEX($AW$9:$AW$22,MATCH(3,$AY$9:$AY$22,0)),"")) -> 51351.13 | J11: =IF(COUNT($BB$9:$BB$22)-1<3,"",IFERROR(INT(IFERROR(INDEX($BB$9:$BB$22,MATCH(3,$BH$9:$BH$22,0)),"")/100),"")) -> 1150 | K11: =IF(COUNT($BB$9:$BB$22)-1<3,"",IFERROR(INDEX($BF$9:$BF$22,MATCH(3,$BH$9:$BH$22,0)),"")) -> 51445.31 | L11: =IF(COUNT($BK$9:$BK$22)-1<3,"",IFERROR(INT(IFERROR(INDEX($BK$9:$BK$22,MATCH(3,$BQ$9:$BQ$22,0)),"")/100),"")) -> 1224 | M11: =IF(COUNT($BK$9:$BK$22)-1<3,"",IFERROR(INDEX($BO$9:$BO$22,MATCH(3,$BQ$9:$BQ$22,0)),"")) -> 51354.11 | N11: =IF(COUNT($BT$9:$BT$22)-1<3,"",IFERROR(INT(IFERROR(INDEX($BT$9:$BT$22,MATCH(3,$BZ$9:$BZ$22,0)),"")/100),"")) -> 1241 | O11: =IF(COUNT($BT$9:$BT$22)-1<3,"",IFERROR(INDEX($BX$9:$BX$22,MATCH(3,$BZ$9:$BZ$22,0)),"")) -> 51550.97 | Q11: =IF(A11="",N(Q10),IF(LEFT(TRIM(A11),5)="/time",N(Q10)+1,N(Q10))) -> 0 | R11: =IFERROR(IF(ISNUMBER(--LEFT(TRIM(A11),1)),VALUE(LEFT(TRIM(A11),6)),""),"") | S11: =IFERROR(VALUE(TRIM(MID(SUBSTITUTE(TRIM(A11)," ",REPT(" ",30)),31,30))),"") | T11: =IFERROR(TRIM(MID(SUBSTITUTE(TRIM(A11)," ",REPT(" ",30)),61,30)),"") -> GSM-19T | U11: =IF(OR(R11="",S11="",T11=""),0,IF(AND(S11>1000,RIGHT(T11,1)<>"0"),1,0)) -> 0 | V11: =IF(B11="",N(V10),IF(LEFT(TRIM(B11),5)="/time",N(V10)+1,N(V10))) -> 0 | W11: =IFERROR(IF(ISNUMBER(--LEFT(TRIM(B11),1)),VALUE(LEFT(TRIM(B11),6)),""),"") | X11: =IFERROR(VALUE(TRIM(MID(SUBSTITUTE(TRIM(B11)," ",REPT(" ",30)),31,30))),"") | Y11: =IFERROR(TRIM(MID(SUBSTITUTE(TRIM(B11)," ",REPT(" ",30)),61,30)),"") | Z11: =IF(OR(W11="",X11="",Y11=""),0,IF(AND(X11>1000,RIGHT(Y11,1)<>"0"),1,0)) -> 0 | AA11: =IF(C11="",N(AA10),IF(LEFT(TRIM(C11),5)="/time",N(AA10)+1,N(AA10))) -> 0 | AB11: =IFERROR(IF(ISNUMBER(--LEFT(TRIM(C11),1)),VALUE(LEFT(TRIM(C11),6)),""),"") | AC11: =IFERROR(VALUE(TRIM(MID(SUBSTITUTE(TRIM(C11)," ",REPT(" ",30)),31,30))),"") | AD11: =IFERROR(TRIM(MID(SUBSTITUTE(TRIM(C11)," ",REPT(" ",30)),61,30)),"") | AE11: =IF(OR(AB11="",AC11="",AD11=""),0,IF(AND(AC11>1000,RIGHT(AD11,1)<>"0"),1,0)) -> 0 | AF11: =IF(D11="",N(AF10),IF(LEFT(TRIM(D11),5)="/time",N(AF10)+1,N(AF10))) -> 0 | AG11: =IFERROR(IF(ISNUMBER(--LEFT(TRIM(D11),1)),VALUE(LEFT(TRIM(D11),6)),""),"") | AH11: =IFERROR(VALUE(TRIM(MID(SUBSTITUTE(TRIM(D11)," ",REPT(" ",30)),31,30))),"") | AI11: =IFERROR(TRIM(MID(SUBSTITUTE(TRIM(D11)," ",REPT(" ",30)),61,30)),"") | AJ11: =IF(OR(AG11="",AH11="",AI11=""),0,IF(AND(AH11>1000,RIGHT(AI11,1)<>"0"),1,0)) -> 0 | AK11: =IF(E11="",N(AK10),IF(LEFT(TRIM(E11),5)="/time",N(AK10)+1,N(AK10))) -> 0 | AL11: =IFERROR(IF(ISNUMBER(--LEFT(TRIM(E11),1)),VALUE(LEFT(TRIM(E11),6)),""),"") | AM11: =IFERROR(VALUE(TRIM(MID(SUBSTITUTE(TRIM(E11)," ",REPT(" ",30)),31,30))),"") | AN11: =IFERROR(TRIM(MID(SUBSTITUTE(TRIM(E11)," ",REPT(" ",30)),61,30)),"") -> GSM-19T | AO11: =IF(OR(AL11="",AM11="",AN11=""),0,IF(AND(AM11>1000,RIGHT(AN11,1)<>"0"),1,0)) -> 0 | AQ11: 3 | AR11: =COUNTIFS($Q$9:$Q$708,AQ11,$U$9:$U$708,1) -> 35 | AS11: {=IFERROR(SMALL(IF($Q$9:$Q$708=AQ11,$R$9:$R$708,""),1),"")} -> 112312 | AT11: {=IFERROR(LARGE(IF($Q$9:$Q$708=AQ11,$R$9:$R$708,""),1),"")} -> 112602 | AU11: {=IFERROR(MEDIAN(IF(($Q$9:$Q$708=AQ11)*($U$9:$U$708=1),$S$9:$S$708,"")),"")} -> 51351.14 | AV11: =IF(AU11="",0,COUNTIFS($Q$9:$Q$708,AQ11,$U$9:$U$708,1,$S$9:$S$708,">="&AU11-5,$S$9:$S$708,"<="&AU11+5)) -> 35 | AW11: =IF(AV11=0,"",ROUND(AVERAGEIFS($S$9:$S$708,$Q$9:$Q$708,AQ11,$U$9:$U$708,1,$S$9:$S$708,">="&AU11-5,$S$9:$S$708,"<="&AU11+5),2)) -> 51351.13 | AX11: =IF(AU11="","",COUNTIFS($Q$9:$Q$708,AQ11,$R$9:$R$708,">0")-AV11) -> 0 | AY11: =IF(AS11="","",RANK(AS11,$AS$9:$AS$22,1)) -> 3 | AZ11: 3 | BA11: =COUNTIFS($V$9:$V$708,AZ11,$Z$9:$Z$708,1) -> 31 | BB11: {=IFERROR(SMALL(IF($V$9:$V$708=AZ11,$W$9:$W$708,""),1),"")} -> 115037 | BC11: {=IFERROR(LARGE(IF($V$9:$V$708=AZ11,$W$9:$W$708,""),1),"")} -> 115307 | BD11: {=IFERROR(MEDIAN(IF(($V$9:$V$708=AZ11)*($Z$9:$Z$708=1),$X$9:$X$708,"")),"")} -> 51445.23 | BE11: =IF(BD11="",0,COUNTIFS($V$9:$V$708,AZ11,$Z$9:$Z$708,1,$X$9:$X$708,">="&BD11-5,$X$9:$X$708,"<="&BD11+5)) -> 31 | BF11: =IF(BE11=0,"",ROUND(AVERAGEIFS($X$9:$X$708,$V$9:$V$708,AZ11,$Z$9:$Z$708,1,$X$9:$X$708,">="&BD11-5,$X$9:$X$708,"<="&BD11+5),2)) -> 51445.31 | BG11: =IF(BD11="","",COUNTIFS($V$9:$V$708,AZ11,$W$9:$W$708,">0")-BE11) -> 0 | BH11: =IF(BB11="","",RANK(BB11,$BB$9:$BB$22,1)) -> 3 | BI11: 3 | BJ11: =COUNTIFS($AA$9:$AA$708,BI11,$AE$9:$AE$708,1) -> 27 | BK11: {=IFERROR(SMALL(IF($AA$9:$AA$708=BI11,$AB$9:$AB$708,""),1),"")} -> 122412 | BL11: {=IFERROR(LARGE(IF($AA$9:$AA$708=BI11,$AB$9:$AB$708,""),1),"")} -> 122622 | BM11: {=IFERROR(MEDIAN(IF(($AA$9:$AA$708=BI11)*($AE$9:$AE$708=1),$AC$9:$AC$708,"")),"")} -> 51353.98 | BN11: =IF(BM11="",0,COUNTIFS($AA$9:$AA$708,BI11,$AE$9:$AE$708,1,$AC$9:$AC$708,">="&BM11-5,$AC$9:$AC$708,"<="&BM11+5)) -> 27 | BO11: =IF(BN11=0,"",ROUND(AVERAGEIFS($AC$9:$AC$708,$AA$9:$AA$708,BI11,$AE$9:$AE$708,1,$AC$9:$AC$708,">="&BM11-5,$AC$9:$AC$708,"<="&BM11+5),2)) -> 51354.11 | BP11: =IF(BM11="","",COUNTIFS($AA$9:$AA$708,BI11,$AB$9:$AB$708,">0")-BN11) -> 0 | BQ11: =IF(BK11="","",RANK(BK11,$BK$9:$BK$22,1)) -> 3 | BR11: 3 | BS11: =COUNTIFS($AF$9:$AF$708,BR11,$AJ$9:$AJ$708,1) -> 27 | BT11: {=IFERROR(SMALL(IF($AF$9:$AF$708=BR11,$AG$9:$AG$708,""),1),"")} -> 124102 | BU11: {=IFERROR(LARGE(IF($AF$9:$AF$708=BR11,$AG$9:$AG$708,""),1),"")} -> 124312 | BV11: {=IFERROR(MEDIAN(IF(($AF$9:$AF$708=BR11)*($AJ$9:$AJ$708=1),$AH$9:$AH$708,"")),"")} -> 51550.95 | BW11: =IF(BV11="",0,COUNTIFS($AF$9:$AF$708,BR11,$AJ$9:$AJ$708,1,$AH$9:$AH$708,">="&BV11-5,$AH$9:$AH$708,"<="&BV11+5)) -> 27 | BX11: =IF(BW11=0,"",ROUND(AVERAGEIFS($AH$9:$AH$708,$AF$9:$AF$708,BR11,$AJ$9:$AJ$708,1,$AH$9:$AH$708,">="&BV11-5,$AH$9:$AH$708,"<="&BV11+5),2)) -> 51550.97 | BY11: =IF(BV11="","",COUNTIFS($AF$9:$AF$708,BR11,$AG$9:$AG$708,">0")-BW11) -> 0 | BZ11: =IF(BT11="","",RANK(BT11,$BT$9:$BT$22,1)) -> 3 | CA11: 3 | CB11: =COUNTIFS($AK$9:$AK$708,CA11,$AO$9:$AO$708,1) -> 16 | CC11: {=IFERROR(SMALL(IF($AK$9:$AK$708=CA11,$AL$9:$AL$708,""),1),"")} -> 131422 | CD11: {=IFERROR(LARGE(IF($AK$9:$AK$708=CA11,$AL$9:$AL$708,""),1),"")} -> 131747 | CE11: {=IFERROR(MEDIAN(IF(($AK$9:$AK$708=CA11)*($AO$9:$AO$708=1),$AM$9:$AM$708,"")),"")} -> 51359.245 | CF11: =IF(CE11="",0,COUNTIFS($AK$9:$AK$708,CA11,$AO$9:$AO$708,1,$AM$9:$AM$708,">="&CE11-5,$AM$9:$AM$708,"<="&CE11+5)) -> 2 | CG11: =IF(CF11=0,"",ROUND(AVERAGEIFS($AM$9:$AM$708,$AK$9:$AK$708,CA11,$AO$9:$AO$708,1,$AM$9:$AM$708,">="&CE11-5,$AM$9:$AM$708,"<="&CE11+5),2)) -> 51359.25 | CH11: =IF(CE11="","",COUNTIFS($AK$9:$AK$708,CA11,$AL$9:$AL$708,">0")-CF11) -> 40 | CI11: =IF(CC11="","",RANK(CC11,$CC$9:$CC$22,1)) -> 3 | CM11: 03_예산 신규점2 | CQ11: 2~3 m | CR11: =IF(OR($I$11="",$I$12=""),"",ABS($I$12-$I$11)) -> 16.58 | CS11: =IF(OR($K$11="",$K$12=""),"",ABS($K$12-$K$11)) -> 88.24 | CT11: =IF(OR($M$11="",$M$12=""),"",ABS($M$12-$M$11)) -> 12.17 | CU11: =IF(OR($O$11="",$O$12=""),"",ABS($O$12-$O$11)) -> 128.21
A12: =IF($CM$6=0,"",IF(INDEX('⑩ 원문 보관'!$A:$E,$CM$6+ROW()-9,COLUMN())="","",INDEX('⑩ 원문 보관'!$A:$E,$CM$6+ROW()-9,COLUMN()))) -> /ID 2666 file 01survey.b 21 IX 26 | B12: =IF($CM$6=0,"",IF(INDEX('⑩ 원문 보관'!$A:$E,$CM$6+ROW()-9,COLUMN())="","",INDEX('⑩ 원문 보관'!$A:$E,$CM$6+ROW()-9,COLUMN()))) | C12: =IF($CM$6=0,"",IF(INDEX('⑩ 원문 보관'!$A:$E,$CM$6+ROW()-9,COLUMN())="","",INDEX('⑩ 원문 보관'!$A:$E,$CM$6+ROW()-9,COLUMN()))) | D12: =IF($CM$6=0,"",IF(INDEX('⑩ 원문 보관'!$A:$E,$CM$6+ROW()-9,COLUMN())="","",INDEX('⑩ 원문 보관'!$A:$E,$CM$6+ROW()-9,COLUMN()))) | E12: =IF($CM$6=0,"",IF(INDEX('⑩ 원문 보관'!$A:$E,$CM$6+ROW()-9,COLUMN())="","",INDEX('⑩ 원문 보관'!$A:$E,$CM$6+ROW()-9,COLUMN()))) -> /ID 2666 file 38survey.b 21 IX 26 | G12: 3 m | H12: =IF(COUNT($AS$9:$AS$22)-1<4,"",IFERROR(INT(IFERROR(INDEX($AS$9:$AS$22,MATCH(4,$AY$9:$AY$22,0)),"")/100),"")) -> 1126 | I12: =IF(COUNT($AS$9:$AS$22)-1<4,"",IFERROR(INDEX($AW$9:$AW$22,MATCH(4,$AY$9:$AY$22,0)),"")) -> 51334.55 | J12: =IF(COUNT($BB$9:$BB$22)-1<4,"",IFERROR(INT(IFERROR(INDEX($BB$9:$BB$22,MATCH(4,$BH$9:$BH$22,0)),"")/100),"")) -> 1153 | K12: =IF(COUNT($BB$9:$BB$22)-1<4,"",IFERROR(INDEX($BF$9:$BF$22,MATCH(4,$BH$9:$BH$22,0)),"")) -> 51533.55 | L12: =IF(COUNT($BK$9:$BK$22)-1<4,"",IFERROR(INT(IFERROR(INDEX($BK$9:$BK$22,MATCH(4,$BQ$9:$BQ$22,0)),"")/100),"")) -> 1226 | M12: =IF(COUNT($BK$9:$BK$22)-1<4,"",IFERROR(INDEX($BO$9:$BO$22,MATCH(4,$BQ$9:$BQ$22,0)),"")) -> 51341.94 | N12: =IF(COUNT($BT$9:$BT$22)-1<4,"",IFERROR(INT(IFERROR(INDEX($BT$9:$BT$22,MATCH(4,$BZ$9:$BZ$22,0)),"")/100),"")) -> 1243 | O12: =IF(COUNT($BT$9:$BT$22)-1<4,"",IFERROR(INDEX($BX$9:$BX$22,MATCH(4,$BZ$9:$BZ$22,0)),"")) -> 51679.18 | Q12: =IF(A12="",N(Q11),IF(LEFT(TRIM(A12),5)="/time",N(Q11)+1,N(Q11))) -> 0 | R12: =IFERROR(IF(ISNUMBER(--LEFT(TRIM(A12),1)),VALUE(LEFT(TRIM(A12),6)),""),"") | S12: =IFERROR(VALUE(TRIM(MID(SUBSTITUTE(TRIM(A12)," ",REPT(" ",30)),31,30))),"") -> 2666 | T12: =IFERROR(TRIM(MID(SUBSTITUTE(TRIM(A12)," ",REPT(" ",30)),61,30)),"") -> file | U12: =IF(OR(R12="",S12="",T12=""),0,IF(AND(S12>1000,RIGHT(T12,1)<>"0"),1,0)) -> 0 | V12: =IF(B12="",N(V11),IF(LEFT(TRIM(B12),5)="/time",N(V11)+1,N(V11))) -> 0 | W12: =IFERROR(IF(ISNUMBER(--LEFT(TRIM(B12),1)),VALUE(LEFT(TRIM(B12),6)),""),"") | X12: =IFERROR(VALUE(TRIM(MID(SUBSTITUTE(TRIM(B12)," ",REPT(" ",30)),31,30))),"") | Y12: =IFERROR(TRIM(MID(SUBSTITUTE(TRIM(B12)," ",REPT(" ",30)),61,30)),"") | Z12: =IF(OR(W12="",X12="",Y12=""),0,IF(AND(X12>1000,RIGHT(Y12,1)<>"0"),1,0)) -> 0 | AA12: =IF(C12="",N(AA11),IF(LEFT(TRIM(C12),5)="/time",N(AA11)+1,N(AA11))) -> 0 | AB12: =IFERROR(IF(ISNUMBER(--LEFT(TRIM(C12),1)),VALUE(LEFT(TRIM(C12),6)),""),"") | AC12: =IFERROR(VALUE(TRIM(MID(SUBSTITUTE(TRIM(C12)," ",REPT(" ",30)),31,30))),"") | AD12: =IFERROR(TRIM(MID(SUBSTITUTE(TRIM(C12)," ",REPT(" ",30)),61,30)),"") | AE12: =IF(OR(AB12="",AC12="",AD12=""),0,IF(AND(AC12>1000,RIGHT(AD12,1)<>"0"),1,0)) -> 0 | AF12: =IF(D12="",N(AF11),IF(LEFT(TRIM(D12),5)="/time",N(AF11)+1,N(AF11))) -> 0 | AG12: =IFERROR(IF(ISNUMBER(--LEFT(TRIM(D12),1)),VALUE(LEFT(TRIM(D12),6)),""),"") | AH12: =IFERROR(VALUE(TRIM(MID(SUBSTITUTE(TRIM(D12)," ",REPT(" ",30)),31,30))),"") | AI12: =IFERROR(TRIM(MID(SUBSTITUTE(TRIM(D12)," ",REPT(" ",30)),61,30)),"") | AJ12: =IF(OR(AG12="",AH12="",AI12=""),0,IF(AND(AH12>1000,RIGHT(AI12,1)<>"0"),1,0)) -> 0 | AK12: =IF(E12="",N(AK11),IF(LEFT(TRIM(E12),5)="/time",N(AK11)+1,N(AK11))) -> 0 | AL12: =IFERROR(IF(ISNUMBER(--LEFT(TRIM(E12),1)),VALUE(LEFT(TRIM(E12),6)),""),"") | AM12: =IFERROR(VALUE(TRIM(MID(SUBSTITUTE(TRIM(E12)," ",REPT(" ",30)),31,30))),"") -> 2666 | AN12: =IFERROR(TRIM(MID(SUBSTITUTE(TRIM(E12)," ",REPT(" ",30)),61,30)),"") -> file | AO12: =IF(OR(AL12="",AM12="",AN12=""),0,IF(AND(AM12>1000,RIGHT(AN12,1)<>"0"),1,0)) -> 0 | AQ12: 4 | AR12: =COUNTIFS($Q$9:$Q$708,AQ12,$U$9:$U$708,1) -> 31 | AS12: {=IFERROR(SMALL(IF($Q$9:$Q$708=AQ12,$R$9:$R$708,""),1),"")} -> 112632 | AT12: {=IFERROR(LARGE(IF($Q$9:$Q$708=AQ12,$R$9:$R$708,""),1),"")} -> 112902 | AU12: {=IFERROR(MEDIAN(IF(($Q$9:$Q$708=AQ12)*($U$9:$U$708=1),$S$9:$S$708,"")),"")} -> 51334.54 | AV12: =IF(AU12="",0,COUNTIFS($Q$9:$Q$708,AQ12,$U$9:$U$708,1,$S$9:$S$708,">="&AU12-5,$S$9:$S$708,"<="&AU12+5)) -> 31 | AW12: =IF(AV12=0,"",ROUND(AVERAGEIFS($S$9:$S$708,$Q$9:$Q$708,AQ12,$U$9:$U$708,1,$S$9:$S$708,">="&AU12-5,$S$9:$S$708,"<="&AU12+5),2)) -> 51334.55 | AX12: =IF(AU12="","",COUNTIFS($Q$9:$Q$708,AQ12,$R$9:$R$708,">0")-AV12) -> 0 | AY12: =IF(AS12="","",RANK(AS12,$AS$9:$AS$22,1)) -> 4 | AZ12: 4 | BA12: =COUNTIFS($V$9:$V$708,AZ12,$Z$9:$Z$708,1) -> 27 | BB12: {=IFERROR(SMALL(IF($V$9:$V$708=AZ12,$W$9:$W$708,""),1),"")} -> 115357 | BC12: {=IFERROR(LARGE(IF($V$9:$V$708=AZ12,$W$9:$W$708,""),1),"")} -> 115607 | BD12: {=IFERROR(MEDIAN(IF(($V$9:$V$708=AZ12)*($Z$9:$Z$708=1),$X$9:$X$708,"")),"")} -> 51533.49 | BE12: =IF(BD12="",0,COUNTIFS($V$9:$V$708,AZ12,$Z$9:$Z$708,1,$X$9:$X$708,">="&BD12-5,$X$9:$X$708,"<="&BD12+5)) -> 26 | BF12: =IF(BE12=0,"",ROUND(AVERAGEIFS($X$9:$X$708,$V$9:$V$708,AZ12,$Z$9:$Z$708,1,$X$9:$X$708,">="&BD12-5,$X$9:$X$708,"<="&BD12+5),2)) -> 51533.55 | BG12: =IF(BD12="","",COUNTIFS($V$9:$V$708,AZ12,$W$9:$W$708,">0")-BE12) -> 1 | BH12: =IF(BB12="","",RANK(BB12,$BB$9:$BB$22,1)) -> 4 | BI12: 4 | BJ12: =COUNTIFS($AA$9:$AA$708,BI12,$AE$9:$AE$708,1) -> 30 | BK12: {=IFERROR(SMALL(IF($AA$9:$AA$708=BI12,$AB$9:$AB$708,""),1),"")} -> 122657 | BL12: {=IFERROR(LARGE(IF($AA$9:$AA$708=BI12,$AB$9:$AB$708,""),1),"")} -> 122922 | BM12: {=IFERROR(MEDIAN(IF(($AA$9:$AA$708=BI12)*($AE$9:$AE$708=1),$AC$9:$AC$708,"")),"")} -> 51341.905 | BN12: =IF(BM12="",0,COUNTIFS($AA$9:$AA$708,BI12,$AE$9:$AE$708,1,$AC$9:$AC$708,">="&BM12-5,$AC$9:$AC$708,"<="&BM12+5)) -> 30 | BO12: =IF(BN12=0,"",ROUND(AVERAGEIFS($AC$9:$AC$708,$AA$9:$AA$708,BI12,$AE$9:$AE$708,1,$AC$9:$AC$708,">="&BM12-5,$AC$9:$AC$708,"<="&BM12+5),2)) -> 51341.94 | BP12: =IF(BM12="","",COUNTIFS($AA$9:$AA$708,BI12,$AB$9:$AB$708,">0")-BN12) -> 0 | BQ12: =IF(BK12="","",RANK(BK12,$BK$9:$BK$22,1)) -> 4 | BR12: 4 | BS12: =COUNTIFS($AF$9:$AF$708,BR12,$AJ$9:$AJ$708,1) -> 27 | BT12: {=IFERROR(SMALL(IF($AF$9:$AF$708=BR12,$AG$9:$AG$708,""),1),"")} -> 124337 | BU12: {=IFERROR(LARGE(IF($AF$9:$AF$708=BR12,$AG$9:$AG$708,""),1),"")} -> 124547 | BV12: {=IFERROR(MEDIAN(IF(($AF$9:$AF$708=BR12)*($AJ$9:$AJ$708=1),$AH$9:$AH$708,"")),"")} -> 51679.23 | BW12: =IF(BV12="",0,COUNTIFS($AF$9:$AF$708,BR12,$AJ$9:$AJ$708,1,$AH$9:$AH$708,">="&BV12-5,$AH$9:$AH$708,"<="&BV12+5)) -> 27 | BX12: =IF(BW12=0,"",ROUND(AVERAGEIFS($AH$9:$AH$708,$AF$9:$AF$708,BR12,$AJ$9:$AJ$708,1,$AH$9:$AH$708,">="&BV12-5,$AH$9:$AH$708,"<="&BV12+5),2)) -> 51679.18 | BY12: =IF(BV12="","",COUNTIFS($AF$9:$AF$708,BR12,$AG$9:$AG$708,">0")-BW12) -> 0 | BZ12: =IF(BT12="","",RANK(BT12,$BT$9:$BT$22,1)) -> 4 | CA12: 4 | CB12: =COUNTIFS($AK$9:$AK$708,CA12,$AO$9:$AO$708,1) -> 27 | CC12: {=IFERROR(SMALL(IF($AK$9:$AK$708=CA12,$AL$9:$AL$708,""),1),"")} -> 131902 | CD12: {=IFERROR(LARGE(IF($AK$9:$AK$708=CA12,$AL$9:$AL$708,""),1),"")} -> 132117 | CE12: {=IFERROR(MEDIAN(IF(($AK$9:$AK$708=CA12)*($AO$9:$AO$708=1),$AM$9:$AM$708,"")),"")} -> 51455.61 | CF12: =IF(CE12="",0,COUNTIFS($AK$9:$AK$708,CA12,$AO$9:$AO$708,1,$AM$9:$AM$708,">="&CE12-5,$AM$9:$AM$708,"<="&CE12+5)) -> 9 | CG12: =IF(CF12=0,"",ROUND(AVERAGEIFS($AM$9:$AM$708,$AK$9:$AK$708,CA12,$AO$9:$AO$708,1,$AM$9:$AM$708,">="&CE12-5,$AM$9:$AM$708,"<="&CE12+5),2)) -> 51455.71 | CH12: =IF(CE12="","",COUNTIFS($AK$9:$AK$708,CA12,$AL$9:$AL$708,">0")-CF12) -> 19 | CI12: =IF(CC12="","",RANK(CC12,$CC$9:$CC$22,1)) -> 4 | CM12: 04_진안 신규점1 | CQ12: 3~4 m | CR12: =IF(OR($I$12="",$I$13=""),"",ABS($I$13-$I$12)) -> 5.34 | CS12: =IF(OR($K$12="",$K$13=""),"",ABS($K$13-$K$12)) -> 139.05 | CT12: =IF(OR($M$12="",$M$13=""),"",ABS($M$13-$M$12)) -> 11.26 | CU12: =IF(OR($O$12="",$O$13=""),"",ABS($O$13-$O$12)) -> 195.81
A13: =IF($CM$6=0,"",IF(INDEX('⑩ 원문 보관'!$A:$E,$CM$6+ROW()-9,COLUMN())="","",INDEX('⑩ 원문 보관'!$A:$E,$CM$6+ROW()-9,COLUMN()))) -> /datum 57000.00 | B13: =IF($CM$6=0,"",IF(INDEX('⑩ 원문 보관'!$A:$E,$CM$6+ROW()-9,COLUMN())="","",INDEX('⑩ 원문 보관'!$A:$E,$CM$6+ROW()-9,COLUMN()))) -> /time nT sq | C13: =IF($CM$6=0,"",IF(INDEX('⑩ 원문 보관'!$A:$E,$CM$6+ROW()-9,COLUMN())="","",INDEX('⑩ 원문 보관'!$A:$E,$CM$6+ROW()-9,COLUMN()))) -> /time nT sq | D13: =IF($CM$6=0,"",IF(INDEX('⑩ 원문 보관'!$A:$E,$CM$6+ROW()-9,COLUMN())="","",INDEX('⑩ 원문 보관'!$A:$E,$CM$6+ROW()-9,COLUMN()))) -> /time nT sq | E13: =IF($CM$6=0,"",IF(INDEX('⑩ 원문 보관'!$A:$E,$CM$6+ROW()-9,COLUMN())="","",INDEX('⑩ 원문 보관'!$A:$E,$CM$6+ROW()-9,COLUMN()))) -> /datum 57000.00 | G13: 4 m | H13: =IF(COUNT($AS$9:$AS$22)-1<5,"",IFERROR(INT(IFERROR(INDEX($AS$9:$AS$22,MATCH(5,$AY$9:$AY$22,0)),"")/100),"")) -> 1129 | I13: =IF(COUNT($AS$9:$AS$22)-1<5,"",IFERROR(INDEX($AW$9:$AW$22,MATCH(5,$AY$9:$AY$22,0)),"")) -> 51329.21 | J13: =IF(COUNT($BB$9:$BB$22)-1<5,"",IFERROR(INT(IFERROR(INDEX($BB$9:$BB$22,MATCH(5,$BH$9:$BH$22,0)),"")/100),"")) -> 1156 | K13: =IF(COUNT($BB$9:$BB$22)-1<5,"",IFERROR(INDEX($BF$9:$BF$22,MATCH(5,$BH$9:$BH$22,0)),"")) -> 51394.5 | L13: =IF(COUNT($BK$9:$BK$22)-1<5,"",IFERROR(INT(IFERROR(INDEX($BK$9:$BK$22,MATCH(5,$BQ$9:$BQ$22,0)),"")/100),"")) -> 1229 | M13: =IF(COUNT($BK$9:$BK$22)-1<5,"",IFERROR(INDEX($BO$9:$BO$22,MATCH(5,$BQ$9:$BQ$22,0)),"")) -> 51330.68 | N13: =IF(COUNT($BT$9:$BT$22)-1<5,"",IFERROR(INT(IFERROR(INDEX($BT$9:$BT$22,MATCH(5,$BZ$9:$BZ$22,0)),"")/100),"")) -> 1246 | O13: =IF(COUNT($BT$9:$BT$22)-1<5,"",IFERROR(INDEX($BX$9:$BX$22,MATCH(5,$BZ$9:$BZ$22,0)),"")) -> 51483.37 | Q13: =IF(A13="",N(Q12),IF(LEFT(TRIM(A13),5)="/time",N(Q12)+1,N(Q12))) -> 0 | R13: =IFERROR(IF(ISNUMBER(--LEFT(TRIM(A13),1)),VALUE(LEFT(TRIM(A13),6)),""),"") | S13: =IFERROR(VALUE(TRIM(MID(SUBSTITUTE(TRIM(A13)," ",REPT(" ",30)),31,30))),"") -> 57000 | T13: =IFERROR(TRIM(MID(SUBSTITUTE(TRIM(A13)," ",REPT(" ",30)),61,30)),"") | U13: =IF(OR(R13="",S13="",T13=""),0,IF(AND(S13>1000,RIGHT(T13,1)<>"0"),1,0)) -> 0 | V13: =IF(B13="",N(V12),IF(LEFT(TRIM(B13),5)="/time",N(V12)+1,N(V12))) -> 1 | W13: =IFERROR(IF(ISNUMBER(--LEFT(TRIM(B13),1)),VALUE(LEFT(TRIM(B13),6)),""),"") | X13: =IFERROR(VALUE(TRIM(MID(SUBSTITUTE(TRIM(B13)," ",REPT(" ",30)),31,30))),"") | Y13: =IFERROR(TRIM(MID(SUBSTITUTE(TRIM(B13)," ",REPT(" ",30)),61,30)),"") -> sq | Z13: =IF(OR(W13="",X13="",Y13=""),0,IF(AND(X13>1000,RIGHT(Y13,1)<>"0"),1,0)) -> 0 | AA13: =IF(C13="",N(AA12),IF(LEFT(TRIM(C13),5)="/time",N(AA12)+1,N(AA12))) -> 1 | AB13: =IFERROR(IF(ISNUMBER(--LEFT(TRIM(C13),1)),VALUE(LEFT(TRIM(C13),6)),""),"") | AC13: =IFERROR(VALUE(TRIM(MID(SUBSTITUTE(TRIM(C13)," ",REPT(" ",30)),31,30))),"") | AD13: =IFERROR(TRIM(MID(SUBSTITUTE(TRIM(C13)," ",REPT(" ",30)),61,30)),"") -> sq | AE13: =IF(OR(AB13="",AC13="",AD13=""),0,IF(AND(AC13>1000,RIGHT(AD13,1)<>"0"),1,0)) -> 0 | AF13: =IF(D13="",N(AF12),IF(LEFT(TRIM(D13),5)="/time",N(AF12)+1,N(AF12))) -> 1 | AG13: =IFERROR(IF(ISNUMBER(--LEFT(TRIM(D13),1)),VALUE(LEFT(TRIM(D13),6)),""),"") | AH13: =IFERROR(VALUE(TRIM(MID(SUBSTITUTE(TRIM(D13)," ",REPT(" ",30)),31,30))),"") | AI13: =IFERROR(TRIM(MID(SUBSTITUTE(TRIM(D13)," ",REPT(" ",30)),61,30)),"") -> sq | AJ13: =IF(OR(AG13="",AH13="",AI13=""),0,IF(AND(AH13>1000,RIGHT(AI13,1)<>"0"),1,0)) -> 0 | AK13: =IF(E13="",N(AK12),IF(LEFT(TRIM(E13),5)="/time",N(AK12)+1,N(AK12))) -> 0 | AL13: =IFERROR(IF(ISNUMBER(--LEFT(TRIM(E13),1)),VALUE(LEFT(TRIM(E13),6)),""),"") | AM13: =IFERROR(VALUE(TRIM(MID(SUBSTITUTE(TRIM(E13)," ",REPT(" ",30)),31,30))),"") -> 57000 | AN13: =IFERROR(TRIM(MID(SUBSTITUTE(TRIM(E13)," ",REPT(" ",30)),61,30)),"") | AO13: =IF(OR(AL13="",AM13="",AN13=""),0,IF(AND(AM13>1000,RIGHT(AN13,1)<>"0"),1,0)) -> 0 | AQ13: 5 | AR13: =COUNTIFS($Q$9:$Q$708,AQ13,$U$9:$U$708,1) -> 34 | AS13: {=IFERROR(SMALL(IF($Q$9:$Q$708=AQ13,$R$9:$R$708,""),1),"")} -> 112937 | AT13: {=IFERROR(LARGE(IF($Q$9:$Q$708=AQ13,$R$9:$R$708,""),1),"")} -> 113222 | AU13: {=IFERROR(MEDIAN(IF(($Q$9:$Q$708=AQ13)*($U$9:$U$708=1),$S$9:$S$708,"")),"")} -> 51329.125 | AV13: =IF(AU13="",0,COUNTIFS($Q$9:$Q$708,AQ13,$U$9:$U$708,1,$S$9:$S$708,">="&AU13-5,$S$9:$S$708,"<="&AU13+5)) -> 31 | AW13: =IF(AV13=0,"",ROUND(AVERAGEIFS($S$9:$S$708,$Q$9:$Q$708,AQ13,$U$9:$U$708,1,$S$9:$S$708,">="&AU13-5,$S$9:$S$708,"<="&AU13+5),2)) -> 51329.21 | AX13: =IF(AU13="","",COUNTIFS($Q$9:$Q$708,AQ13,$R$9:$R$708,">0")-AV13) -> 3 | AY13: =IF(AS13="","",RANK(AS13,$AS$9:$AS$22,1)) -> 5 | AZ13: 5 | BA13: =COUNTIFS($V$9:$V$708,AZ13,$Z$9:$Z$708,1) -> 26 | BB13: {=IFERROR(SMALL(IF($V$9:$V$708=AZ13,$W$9:$W$708,""),1),"")} -> 115637 | BC13: {=IFERROR(LARGE(IF($V$9:$V$708=AZ13,$W$9:$W$708,""),1),"")} -> 115842 | BD13: {=IFERROR(MEDIAN(IF(($V$9:$V$708=AZ13)*($Z$9:$Z$708=1),$X$9:$X$708,"")),"")} -> 51394.505 | BE13: =IF(BD13="",0,COUNTIFS($V$9:$V$708,AZ13,$Z$9:$Z$708,1,$X$9:$X$708,">="&BD13-5,$X$9:$X$708,"<="&BD13+5)) -> 26 | BF13: =IF(BE13=0,"",ROUND(AVERAGEIFS($X$9:$X$708,$V$9:$V$708,AZ13,$Z$9:$Z$708,1,$X$9:$X$708,">="&BD13-5,$X$9:$X$708,"<="&BD13+5),2)) -> 51394.5 | BG13: =IF(BD13="","",COUNTIFS($V$9:$V$708,AZ13,$W$9:$W$708,">0")-BE13) -> 0 | BH13: =IF(BB13="","",RANK(BB13,$BB$9:$BB$22,1)) -> 5 | BI13: 5 | BJ13: =COUNTIFS($AA$9:$AA$708,BI13,$AE$9:$AE$708,1) -> 27 | BK13: {=IFERROR(SMALL(IF($AA$9:$AA$708=BI13,$AB$9:$AB$708,""),1),"")} -> 122957 | BL13: {=IFERROR(LARGE(IF($AA$9:$AA$708=BI13,$AB$9:$AB$708,""),1),"")} -> 123207 | BM13: {=IFERROR(MEDIAN(IF(($AA$9:$AA$708=BI13)*($AE$9:$AE$708=1),$AC$9:$AC$708,"")),"")} -> 51330.76 | BN13: =IF(BM13="",0,COUNTIFS($AA$9:$AA$708,BI13,$AE$9:$AE$708,1,$AC$9:$AC$708,">="&BM13-5,$AC$9:$AC$708,"<="&BM13+5)) -> 27 | BO13: =IF(BN13=0,"",ROUND(AVERAGEIFS($AC$9:$AC$708,$AA$9:$AA$708,BI13,$AE$9:$AE$708,1,$AC$9:$AC$708,">="&BM13-5,$AC$9:$AC$708,"<="&BM13+5),2)) -> 51330.68 | BP13: =IF(BM13="","",COUNTIFS($AA$9:$AA$708,BI13,$AB$9:$AB$708,">0")-BN13) -> 0 | BQ13: =IF(BK13="","",RANK(BK13,$BK$9:$BK$22,1)) -> 5 | BR13: 5 | BS13: =COUNTIFS($AF$9:$AF$708,BR13,$AJ$9:$AJ$708,1) -> 26 | BT13: {=IFERROR(SMALL(IF($AF$9:$AF$708=BR13,$AG$9:$AG$708,""),1),"")} -> 124622 | BU13: {=IFERROR(LARGE(IF($AF$9:$AF$708=BR13,$AG$9:$AG$708,""),1),"")} -> 124827 | BV13: {=IFERROR(MEDIAN(IF(($AF$9:$AF$708=BR13)*($AJ$9:$AJ$708=1),$AH$9:$AH$708,"")),"")} -> 51483.28 | BW13: =IF(BV13="",0,COUNTIFS($AF$9:$AF$708,BR13,$AJ$9:$AJ$708,1,$AH$9:$AH$708,">="&BV13-5,$AH$9:$AH$708,"<="&BV13+5)) -> 26 | BX13: =IF(BW13=0,"",ROUND(AVERAGEIFS($AH$9:$AH$708,$AF$9:$AF$708,BR13,$AJ$9:$AJ$708,1,$AH$9:$AH$708,">="&BV13-5,$AH$9:$AH$708,"<="&BV13+5),2)) -> 51483.37 | BY13: =IF(BV13="","",COUNTIFS($AF$9:$AF$708,BR13,$AG$9:$AG$708,">0")-BW13) -> 0 | BZ13: =IF(BT13="","",RANK(BT13,$BT$9:$BT$22,1)) -> 5 | CA13: 5 | CB13: =COUNTIFS($AK$9:$AK$708,CA13,$AO$9:$AO$708,1) -> 0 | CC13: {=IFERROR(SMALL(IF($AK$9:$AK$708=CA13,$AL$9:$AL$708,""),1),"")} | CD13: {=IFERROR(LARGE(IF($AK$9:$AK$708=CA13,$AL$9:$AL$708,""),1),"")} | CE13: {=IFERROR(MEDIAN(IF(($AK$9:$AK$708=CA13)*($AO$9:$AO$708=1),$AM$9:$AM$708,"")),"")} | CF13: =IF(CE13="",0,COUNTIFS($AK$9:$AK$708,CA13,$AO$9:$AO$708,1,$AM$9:$AM$708,">="&CE13-5,$AM$9:$AM$708,"<="&CE13+5)) -> 0 | CG13: =IF(CF13=0,"",ROUND(AVERAGEIFS($AM$9:$AM$708,$AK$9:$AK$708,CA13,$AO$9:$AO$708,1,$AM$9:$AM$708,">="&CE13-5,$AM$9:$AM$708,"<="&CE13+5),2)) | CH13: =IF(CE13="","",COUNTIFS($AK$9:$AK$708,CA13,$AL$9:$AL$708,">0")-CF13) | CI13: =IF(CC13="","",RANK(CC13,$CC$9:$CC$22,1)) | CM13: 05_무풍 신규점1 | CQ13: 4~5 m | CR13: =IF(OR($I$13="",$I$14=""),"",ABS($I$14-$I$13)) -> 0.67 | CS13: =IF(OR($K$13="",$K$14=""),"",ABS($K$14-$K$13)) -> 195.25 | CT13: =IF(OR($M$13="",$M$14=""),"",ABS($M$14-$M$13)) | CU13: =IF(OR($O$13="",$O$14=""),"",ABS($O$14-$O$13)) -> 129.15
A14: =IF($CM$6=0,"",IF(INDEX('⑩ 원문 보관'!$A:$E,$CM$6+ROW()-9,COLUMN())="","",INDEX('⑩ 원문 보관'!$A:$E,$CM$6+ROW()-9,COLUMN()))) -> / | B14: =IF($CM$6=0,"",IF(INDEX('⑩ 원문 보관'!$A:$E,$CM$6+ROW()-9,COLUMN())="","",INDEX('⑩ 원문 보관'!$A:$E,$CM$6+ROW()-9,COLUMN()))) -> 114727.0 51389.10 96 | C14: =IF($CM$6=0,"",IF(INDEX('⑩ 원문 보관'!$A:$E,$CM$6+ROW()-9,COLUMN())="","",INDEX('⑩ 원문 보관'!$A:$E,$CM$6+ROW()-9,COLUMN()))) -> 121822.0 51388.66 97 | D14: =IF($CM$6=0,"",IF(INDEX('⑩ 원문 보관'!$A:$E,$CM$6+ROW()-9,COLUMN())="","",INDEX('⑩ 원문 보관'!$A:$E,$CM$6+ROW()-9,COLUMN()))) -> 123522.0 51398.37 23 | E14: =IF($CM$6=0,"",IF(INDEX('⑩ 원문 보관'!$A:$E,$CM$6+ROW()-9,COLUMN())="","",INDEX('⑩ 원문 보관'!$A:$E,$CM$6+ROW()-9,COLUMN()))) -> / | G14: 5 m | H14: =IF(COUNT($AS$9:$AS$22)-1<6,"",IFERROR(INT(IFERROR(INDEX($AS$9:$AS$22,MATCH(6,$AY$9:$AY$22,0)),"")/100),"")) -> 1132 | I14: =IF(COUNT($AS$9:$AS$22)-1<6,"",IFERROR(INDEX($AW$9:$AW$22,MATCH(6,$AY$9:$AY$22,0)),"")) -> 51329.88 | J14: =IF(COUNT($BB$9:$BB$22)-1<6,"",IFERROR(INT(IFERROR(INDEX($BB$9:$BB$22,MATCH(6,$BH$9:$BH$22,0)),"")/100),"")) -> 1159 | K14: =IF(COUNT($BB$9:$BB$22)-1<6,"",IFERROR(INDEX($BF$9:$BF$22,MATCH(6,$BH$9:$BH$22,0)),"")) -> 51199.25 | L14: =IF(COUNT($BK$9:$BK$22)-1<6,"",IFERROR(INT(IFERROR(INDEX($BK$9:$BK$22,MATCH(6,$BQ$9:$BQ$22,0)),"")/100),"")) | M14: =IF(COUNT($BK$9:$BK$22)-1<6,"",IFERROR(INDEX($BO$9:$BO$22,MATCH(6,$BQ$9:$BQ$22,0)),"")) | N14: =IF(COUNT($BT$9:$BT$22)-1<6,"",IFERROR(INT(IFERROR(INDEX($BT$9:$BT$22,MATCH(6,$BZ$9:$BZ$22,0)),"")/100),"")) -> 1249 | O14: =IF(COUNT($BT$9:$BT$22)-1<6,"",IFERROR(INDEX($BX$9:$BX$22,MATCH(6,$BZ$9:$BZ$22,0)),"")) -> 51354.22 | Q14: =IF(A14="",N(Q13),IF(LEFT(TRIM(A14),5)="/time",N(Q13)+1,N(Q13))) -> 0 | R14: =IFERROR(IF(ISNUMBER(--LEFT(TRIM(A14),1)),VALUE(LEFT(TRIM(A14),6)),""),"") | S14: =IFERROR(VALUE(TRIM(MID(SUBSTITUTE(TRIM(A14)," ",REPT(" ",30)),31,30))),"") | T14: =IFERROR(TRIM(MID(SUBSTITUTE(TRIM(A14)," ",REPT(" ",30)),61,30)),"") | U14: =IF(OR(R14="",S14="",T14=""),0,IF(AND(S14>1000,RIGHT(T14,1)<>"0"),1,0)) -> 0 | V14: =IF(B14="",N(V13),IF(LEFT(TRIM(B14),5)="/time",N(V13)+1,N(V13))) -> 1 | W14: =IFERROR(IF(ISNUMBER(--LEFT(TRIM(B14),1)),VALUE(LEFT(TRIM(B14),6)),""),"") -> 114727 | X14: =IFERROR(VALUE(TRIM(MID(SUBSTITUTE(TRIM(B14)," ",REPT(" ",30)),31,30))),"") -> 51389.1 | Y14: =IFERROR(TRIM(MID(SUBSTITUTE(TRIM(B14)," ",REPT(" ",30)),61,30)),"") -> 96 | Z14: =IF(OR(W14="",X14="",Y14=""),0,IF(AND(X14>1000,RIGHT(Y14,1)<>"0"),1,0)) -> 1 | AA14: =IF(C14="",N(AA13),IF(LEFT(TRIM(C14),5)="/time",N(AA13)+1,N(AA13))) -> 1 | AB14: =IFERROR(IF(ISNUMBER(--LEFT(TRIM(C14),1)),VALUE(LEFT(TRIM(C14),6)),""),"") -> 121822 | AC14: =IFERROR(VALUE(TRIM(MID(SUBSTITUTE(TRIM(C14)," ",REPT(" ",30)),31,30))),"") -> 51388.66 | AD14: =IFERROR(TRIM(MID(SUBSTITUTE(TRIM(C14)," ",REPT(" ",30)),61,30)),"") -> 97 | AE14: =IF(OR(AB14="",AC14="",AD14=""),0,IF(AND(AC14>1000,RIGHT(AD14,1)<>"0"),1,0)) -> 1 | AF14: =IF(D14="",N(AF13),IF(LEFT(TRIM(D14),5)="/time",N(AF13)+1,N(AF13))) -> 1 | AG14: =IFERROR(IF(ISNUMBER(--LEFT(TRIM(D14),1)),VALUE(LEFT(TRIM(D14),6)),""),"") -> 123522 | AH14: =IFERROR(VALUE(TRIM(MID(SUBSTITUTE(TRIM(D14)," ",REPT(" ",30)),31,30))),"") -> 51398.37 | AI14: =IFERROR(TRIM(MID(SUBSTITUTE(TRIM(D14)," ",REPT(" ",30)),61,30)),"") -> 23 | AJ14: =IF(OR(AG14="",AH14="",AI14=""),0,IF(AND(AH14>1000,RIGHT(AI14,1)<>"0"),1,0)) -> 1 | AK14: =IF(E14="",N(AK13),IF(LEFT(TRIM(E14),5)="/time",N(AK13)+1,N(AK13))) -> 0 | AL14: =IFERROR(IF(ISNUMBER(--LEFT(TRIM(E14),1)),VALUE(LEFT(TRIM(E14),6)),""),"") | AM14: =IFERROR(VALUE(TRIM(MID(SUBSTITUTE(TRIM(E14)," ",REPT(" ",30)),31,30))),"") | AN14: =IFERROR(TRIM(MID(SUBSTITUTE(TRIM(E14)," ",REPT(" ",30)),61,30)),"") | AO14: =IF(OR(AL14="",AM14="",AN14=""),0,IF(AND(AM14>1000,RIGHT(AN14,1)<>"0"),1,0)) -> 0 | AQ14: 6 | AR14: =COUNTIFS($Q$9:$Q$708,AQ14,$U$9:$U$708,1) -> 30 | AS14: {=IFERROR(SMALL(IF($Q$9:$Q$708=AQ14,$R$9:$R$708,""),1),"")} -> 113252 | AT14: {=IFERROR(LARGE(IF($Q$9:$Q$708=AQ14,$R$9:$R$708,""),1),"")} -> 113517 | AU14: {=IFERROR(MEDIAN(IF(($Q$9:$Q$708=AQ14)*($U$9:$U$708=1),$S$9:$S$708,"")),"")} -> 51329.905 | AV14: =IF(AU14="",0,COUNTIFS($Q$9:$Q$708,AQ14,$U$9:$U$708,1,$S$9:$S$708,">="&AU14-5,$S$9:$S$708,"<="&AU14+5)) -> 23 | AW14: =IF(AV14=0,"",ROUND(AVERAGEIFS($S$9:$S$708,$Q$9:$Q$708,AQ14,$U$9:$U$708,1,$S$9:$S$708,">="&AU14-5,$S$9:$S$708,"<="&AU14+5),2)) -> 51329.88 | AX14: =IF(AU14="","",COUNTIFS($Q$9:$Q$708,AQ14,$R$9:$R$708,">0")-AV14) -> 7 | AY14: =IF(AS14="","",RANK(AS14,$AS$9:$AS$22,1)) -> 6 | AZ14: 6 | BA14: =COUNTIFS($V$9:$V$708,AZ14,$Z$9:$Z$708,1) -> 27 | BB14: {=IFERROR(SMALL(IF($V$9:$V$708=AZ14,$W$9:$W$708,""),1),"")} -> 115917 | BC14: {=IFERROR(LARGE(IF($V$9:$V$708=AZ14,$W$9:$W$708,""),1),"")} -> 120127 | BD14: {=IFERROR(MEDIAN(IF(($V$9:$V$708=AZ14)*($Z$9:$Z$708=1),$X$9:$X$708,"")),"")} -> 51199.08 | BE14: =IF(BD14="",0,COUNTIFS($V$9:$V$708,AZ14,$Z$9:$Z$708,1,$X$9:$X$708,">="&BD14-5,$X$9:$X$708,"<="&BD14+5)) -> 27 | BF14: =IF(BE14=0,"",ROUND(AVERAGEIFS($X$9:$X$708,$V$9:$V$708,AZ14,$Z$9:$Z$708,1,$X$9:$X$708,">="&BD14-5,$X$9:$X$708,"<="&BD14+5),2)) -> 51199.25 | BG14: =IF(BD14="","",COUNTIFS($V$9:$V$708,AZ14,$W$9:$W$708,">0")-BE14) -> 0 | BH14: =IF(BB14="","",RANK(BB14,$BB$9:$BB$22,1)) -> 6 | BI14: 6 | BJ14: =COUNTIFS($AA$9:$AA$708,BI14,$AE$9:$AE$708,1) -> 26 | BK14: {=IFERROR(SMALL(IF($AA$9:$AA$708=BI14,$AB$9:$AB$708,""),1),"")} -> 123257 | BL14: {=IFERROR(LARGE(IF($AA$9:$AA$708=BI14,$AB$9:$AB$708,""),1),"")} -> 123502 | BM14: {=IFERROR(MEDIAN(IF(($AA$9:$AA$708=BI14)*($AE$9:$AE$708=1),$AC$9:$AC$708,"")),"")} -> 51397.955 | BN14: =IF(BM14="",0,COUNTIFS($AA$9:$AA$708,BI14,$AE$9:$AE$708,1,$AC$9:$AC$708,">="&BM14-5,$AC$9:$AC$708,"<="&BM14+5)) -> 26 | BO14: =IF(BN14=0,"",ROUND(AVERAGEIFS($AC$9:$AC$708,$AA$9:$AA$708,BI14,$AE$9:$AE$708,1,$AC$9:$AC$708,">="&BM14-5,$AC$9:$AC$708,"<="&BM14+5),2)) -> 51397.88 | BP14: =IF(BM14="","",COUNTIFS($AA$9:$AA$708,BI14,$AB$9:$AB$708,">0")-BN14) -> 0 | BQ14: =IF(BK14="","",RANK(BK14,$BK$9:$BK$22,1)) -> 6 | BR14: 6 | BS14: =COUNTIFS($AF$9:$AF$708,BR14,$AJ$9:$AJ$708,1) -> 28 | BT14: {=IFERROR(SMALL(IF($AF$9:$AF$708=BR14,$AG$9:$AG$708,""),1),"")} -> 124902 | BU14: {=IFERROR(LARGE(IF($AF$9:$AF$708=BR14,$AG$9:$AG$708,""),1),"")} -> 125117 | BV14: {=IFERROR(MEDIAN(IF(($AF$9:$AF$708=BR14)*($AJ$9:$AJ$708=1),$AH$9:$AH$708,"")),"")} -> 51354.225 | BW14: =IF(BV14="",0,COUNTIFS($AF$9:$AF$708,BR14,$AJ$9:$AJ$708,1,$AH$9:$AH$708,">="&BV14-5,$AH$9:$AH$708,"<="&BV14+5)) -> 26 | BX14: =IF(BW14=0,"",ROUND(AVERAGEIFS($AH$9:$AH$708,$AF$9:$AF$708,BR14,$AJ$9:$AJ$708,1,$AH$9:$AH$708,">="&BV14-5,$AH$9:$AH$708,"<="&BV14+5),2)) -> 51354.22 | BY14: =IF(BV14="","",COUNTIFS($AF$9:$AF$708,BR14,$AG$9:$AG$708,">0")-BW14) -> 2 | BZ14: =IF(BT14="","",RANK(BT14,$BT$9:$BT$22,1)) -> 6 | CA14: 6 | CB14: =COUNTIFS($AK$9:$AK$708,CA14,$AO$9:$AO$708,1) -> 0 | CC14: {=IFERROR(SMALL(IF($AK$9:$AK$708=CA14,$AL$9:$AL$708,""),1),"")} | CD14: {=IFERROR(LARGE(IF($AK$9:$AK$708=CA14,$AL$9:$AL$708,""),1),"")} | CE14: {=IFERROR(MEDIAN(IF(($AK$9:$AK$708=CA14)*($AO$9:$AO$708=1),$AM$9:$AM$708,"")),"")} | CF14: =IF(CE14="",0,COUNTIFS($AK$9:$AK$708,CA14,$AO$9:$AO$708,1,$AM$9:$AM$708,">="&CE14-5,$AM$9:$AM$708,"<="&CE14+5)) -> 0 | CG14: =IF(CF14=0,"",ROUND(AVERAGEIFS($AM$9:$AM$708,$AK$9:$AK$708,CA14,$AO$9:$AO$708,1,$AM$9:$AM$708,">="&CE14-5,$AM$9:$AM$708,"<="&CE14+5),2)) | CH14: =IF(CE14="","",COUNTIFS($AK$9:$AK$708,CA14,$AL$9:$AL$708,">0")-CF14) | CI14: =IF(CC14="","",RANK(CC14,$CC$9:$CC$22,1)) | CM14: 06_길담 신규점 | CQ14: 5~6 m | CR14: =IF(OR($I$14="",$I$15=""),"",ABS($I$15-$I$14)) -> 4.88 | CS14: =IF(OR($K$14="",$K$15=""),"",ABS($K$15-$K$14)) -> 139.3 | CT14: =IF(OR($M$14="",$M$15=""),"",ABS($M$15-$M$14)) | CU14: =IF(OR($O$14="",$O$15=""),"",ABS($O$15-$O$14)) -> 224.85
A15: =IF($CM$6=0,"",IF(INDEX('⑩ 원문 보관'!$A:$E,$CM$6+ROW()-9,COLUMN())="","",INDEX('⑩ 원문 보관'!$A:$E,$CM$6+ROW()-9,COLUMN()))) | B15: =IF($CM$6=0,"",IF(INDEX('⑩ 원문 보관'!$A:$E,$CM$6+ROW()-9,COLUMN())="","",INDEX('⑩ 원문 보관'!$A:$E,$CM$6+ROW()-9,COLUMN()))) -> 114732.0 51388.74 96 | C15: =IF($CM$6=0,"",IF(INDEX('⑩ 원문 보관'!$A:$E,$CM$6+ROW()-9,COLUMN())="","",INDEX('⑩ 원문 보관'!$A:$E,$CM$6+ROW()-9,COLUMN()))) -> 121827.0 51388.82 98 | D15: =IF($CM$6=0,"",IF(INDEX('⑩ 원문 보관'!$A:$E,$CM$6+ROW()-9,COLUMN())="","",INDEX('⑩ 원문 보관'!$A:$E,$CM$6+ROW()-9,COLUMN()))) -> 123527.0 51397.81 74 | E15: =IF($CM$6=0,"",IF(INDEX('⑩ 원문 보관'!$A:$E,$CM$6+ROW()-9,COLUMN())="","",INDEX('⑩ 원문 보관'!$A:$E,$CM$6+ROW()-9,COLUMN()))) | G15: 6 m | H15: =IF(COUNT($AS$9:$AS$22)-1<7,"",IFERROR(INT(IFERROR(INDEX($AS$9:$AS$22,MATCH(7,$AY$9:$AY$22,0)),"")/100),"")) -> 1135 | I15: =IF(COUNT($AS$9:$AS$22)-1<7,"",IFERROR(INDEX($AW$9:$AW$22,MATCH(7,$AY$9:$AY$22,0)),"")) -> 51334.76 | J15: =IF(COUNT($BB$9:$BB$22)-1<7,"",IFERROR(INT(IFERROR(INDEX($BB$9:$BB$22,MATCH(7,$BH$9:$BH$22,0)),"")/100),"")) -> 1201 | K15: =IF(COUNT($BB$9:$BB$22)-1<7,"",IFERROR(INDEX($BF$9:$BF$22,MATCH(7,$BH$9:$BH$22,0)),"")) -> 51059.95 | L15: =IF(COUNT($BK$9:$BK$22)-1<7,"",IFERROR(INT(IFERROR(INDEX($BK$9:$BK$22,MATCH(7,$BQ$9:$BQ$22,0)),"")/100),"")) | M15: =IF(COUNT($BK$9:$BK$22)-1<7,"",IFERROR(INDEX($BO$9:$BO$22,MATCH(7,$BQ$9:$BQ$22,0)),"")) | N15: =IF(COUNT($BT$9:$BT$22)-1<7,"",IFERROR(INT(IFERROR(INDEX($BT$9:$BT$22,MATCH(7,$BZ$9:$BZ$22,0)),"")/100),"")) -> 1251 | O15: =IF(COUNT($BT$9:$BT$22)-1<7,"",IFERROR(INDEX($BX$9:$BX$22,MATCH(7,$BZ$9:$BZ$22,0)),"")) -> 51579.07 | Q15: =IF(A15="",N(Q14),IF(LEFT(TRIM(A15),5)="/time",N(Q14)+1,N(Q14))) -> 0 | R15: =IFERROR(IF(ISNUMBER(--LEFT(TRIM(A15),1)),VALUE(LEFT(TRIM(A15),6)),""),"") | S15: =IFERROR(VALUE(TRIM(MID(SUBSTITUTE(TRIM(A15)," ",REPT(" ",30)),31,30))),"") | T15: =IFERROR(TRIM(MID(SUBSTITUTE(TRIM(A15)," ",REPT(" ",30)),61,30)),"") | U15: =IF(OR(R15="",S15="",T15=""),0,IF(AND(S15>1000,RIGHT(T15,1)<>"0"),1,0)) -> 0 | V15: =IF(B15="",N(V14),IF(LEFT(TRIM(B15),5)="/time",N(V14)+1,N(V14))) -> 1 | W15: =IFERROR(IF(ISNUMBER(--LEFT(TRIM(B15),1)),VALUE(LEFT(TRIM(B15),6)),""),"") -> 114732 | X15: =IFERROR(VALUE(TRIM(MID(SUBSTITUTE(TRIM(B15)," ",REPT(" ",30)),31,30))),"") -> 51388.74 | Y15: =IFERROR(TRIM(MID(SUBSTITUTE(TRIM(B15)," ",REPT(" ",30)),61,30)),"") -> 96 | Z15: =IF(OR(W15="",X15="",Y15=""),0,IF(AND(X15>1000,RIGHT(Y15,1)<>"0"),1,0)) -> 1 | AA15: =IF(C15="",N(AA14),IF(LEFT(TRIM(C15),5)="/time",N(AA14)+1,N(AA14))) -> 1 | AB15: =IFERROR(IF(ISNUMBER(--LEFT(TRIM(C15),1)),VALUE(LEFT(TRIM(C15),6)),""),"") -> 121827 | AC15: =IFERROR(VALUE(TRIM(MID(SUBSTITUTE(TRIM(C15)," ",REPT(" ",30)),31,30))),"") -> 51388.82 | AD15: =IFERROR(TRIM(MID(SUBSTITUTE(TRIM(C15)," ",REPT(" ",30)),61,30)),"") -> 98 | AE15: =IF(OR(AB15="",AC15="",AD15=""),0,IF(AND(AC15>1000,RIGHT(AD15,1)<>"0"),1,0)) -> 1 | AF15: =IF(D15="",N(AF14),IF(LEFT(TRIM(D15),5)="/time",N(AF14)+1,N(AF14))) -> 1 | AG15: =IFERROR(IF(ISNUMBER(--LEFT(TRIM(D15),1)),VALUE(LEFT(TRIM(D15),6)),""),"") -> 123527 | AH15: =IFERROR(VALUE(TRIM(MID(SUBSTITUTE(TRIM(D15)," ",REPT(" ",30)),31,30))),"") -> 51397.81 | AI15: =IFERROR(TRIM(MID(SUBSTITUTE(TRIM(D15)," ",REPT(" ",30)),61,30)),"") -> 74 | AJ15: =IF(OR(AG15="",AH15="",AI15=""),0,IF(AND(AH15>1000,RIGHT(AI15,1)<>"0"),1,0)) -> 1 | AK15: =IF(E15="",N(AK14),IF(LEFT(TRIM(E15),5)="/time",N(AK14)+1,N(AK14))) -> 0 | AL15: =IFERROR(IF(ISNUMBER(--LEFT(TRIM(E15),1)),VALUE(LEFT(TRIM(E15),6)),""),"") | AM15: =IFERROR(VALUE(TRIM(MID(SUBSTITUTE(TRIM(E15)," ",REPT(" ",30)),31,30))),"") | AN15: =IFERROR(TRIM(MID(SUBSTITUTE(TRIM(E15)," ",REPT(" ",30)),61,30)),"") | AO15: =IF(OR(AL15="",AM15="",AN15=""),0,IF(AND(AM15>1000,RIGHT(AN15,1)<>"0"),1,0)) -> 0 | AQ15: 7 | AR15: =COUNTIFS($Q$9:$Q$708,AQ15,$U$9:$U$708,1) -> 31 | AS15: {=IFERROR(SMALL(IF($Q$9:$Q$708=AQ15,$R$9:$R$708,""),1),"")} -> 113547 | AT15: {=IFERROR(LARGE(IF($Q$9:$Q$708=AQ15,$R$9:$R$708,""),1),"")} -> 113817 | AU15: {=IFERROR(MEDIAN(IF(($Q$9:$Q$708=AQ15)*($U$9:$U$708=1),$S$9:$S$708,"")),"")} -> 51334.82 | AV15: =IF(AU15="",0,COUNTIFS($Q$9:$Q$708,AQ15,$U$9:$U$708,1,$S$9:$S$708,">="&AU15-5,$S$9:$S$708,"<="&AU15+5)) -> 31 | AW15: =IF(AV15=0,"",ROUND(AVERAGEIFS($S$9:$S$708,$Q$9:$Q$708,AQ15,$U$9:$U$708,1,$S$9:$S$708,">="&AU15-5,$S$9:$S$708,"<="&AU15+5),2)) -> 51334.76 | AX15: =IF(AU15="","",COUNTIFS($Q$9:$Q$708,AQ15,$R$9:$R$708,">0")-AV15) -> 0 | AY15: =IF(AS15="","",RANK(AS15,$AS$9:$AS$22,1)) -> 7 | AZ15: 7 | BA15: =COUNTIFS($V$9:$V$708,AZ15,$Z$9:$Z$708,1) -> 27 | BB15: {=IFERROR(SMALL(IF($V$9:$V$708=AZ15,$W$9:$W$708,""),1),"")} -> 120157 | BC15: {=IFERROR(LARGE(IF($V$9:$V$708=AZ15,$W$9:$W$708,""),1),"")} -> 120407 | BD15: {=IFERROR(MEDIAN(IF(($V$9:$V$708=AZ15)*($Z$9:$Z$708=1),$X$9:$X$708,"")),"")} -> 51060.09 | BE15: =IF(BD15="",0,COUNTIFS($V$9:$V$708,AZ15,$Z$9:$Z$708,1,$X$9:$X$708,">="&BD15-5,$X$9:$X$708,"<="&BD15+5)) -> 27 | BF15: =IF(BE15=0,"",ROUND(AVERAGEIFS($X$9:$X$708,$V$9:$V$708,AZ15,$Z$9:$Z$708,1,$X$9:$X$708,">="&BD15-5,$X$9:$X$708,"<="&BD15+5),2)) -> 51059.95 | BG15: =IF(BD15="","",COUNTIFS($V$9:$V$708,AZ15,$W$9:$W$708,">0")-BE15) -> 0 | BH15: =IF(BB15="","",RANK(BB15,$BB$9:$BB$22,1)) -> 7 | BI15: 7 | BJ15: =COUNTIFS($AA$9:$AA$708,BI15,$AE$9:$AE$708,1) -> 0 | BK15: {=IFERROR(SMALL(IF($AA$9:$AA$708=BI15,$AB$9:$AB$708,""),1),"")} | BL15: {=IFERROR(LARGE(IF($AA$9:$AA$708=BI15,$AB$9:$AB$708,""),1),"")} | BM15: {=IFERROR(MEDIAN(IF(($AA$9:$AA$708=BI15)*($AE$9:$AE$708=1),$AC$9:$AC$708,"")),"")} | BN15: =IF(BM15="",0,COUNTIFS($AA$9:$AA$708,BI15,$AE$9:$AE$708,1,$AC$9:$AC$708,">="&BM15-5,$AC$9:$AC$708,"<="&BM15+5)) -> 0 | BO15: =IF(BN15=0,"",ROUND(AVERAGEIFS($AC$9:$AC$708,$AA$9:$AA$708,BI15,$AE$9:$AE$708,1,$AC$9:$AC$708,">="&BM15-5,$AC$9:$AC$708,"<="&BM15+5),2)) | BP15: =IF(BM15="","",COUNTIFS($AA$9:$AA$708,BI15,$AB$9:$AB$708,">0")-BN15) | BQ15: =IF(BK15="","",RANK(BK15,$BK$9:$BK$22,1)) | BR15: 7 | BS15: =COUNTIFS($AF$9:$AF$708,BR15,$AJ$9:$AJ$708,1) -> 28 | BT15: {=IFERROR(SMALL(IF($AF$9:$AF$708=BR15,$AG$9:$AG$708,""),1),"")} -> 125152 | BU15: {=IFERROR(LARGE(IF($AF$9:$AF$708=BR15,$AG$9:$AG$708,""),1),"")} -> 125407 | BV15: {=IFERROR(MEDIAN(IF(($AF$9:$AF$708=BR15)*($AJ$9:$AJ$708=1),$AH$9:$AH$708,"")),"")} -> 51579.04 | BW15: =IF(BV15="",0,COUNTIFS($AF$9:$AF$708,BR15,$AJ$9:$AJ$708,1,$AH$9:$AH$708,">="&BV15-5,$AH$9:$AH$708,"<="&BV15+5)) -> 28 | BX15: =IF(BW15=0,"",ROUND(AVERAGEIFS($AH$9:$AH$708,$AF$9:$AF$708,BR15,$AJ$9:$AJ$708,1,$AH$9:$AH$708,">="&BV15-5,$AH$9:$AH$708,"<="&BV15+5),2)) -> 51579.07 | BY15: =IF(BV15="","",COUNTIFS($AF$9:$AF$708,BR15,$AG$9:$AG$708,">0")-BW15) -> 0 | BZ15: =IF(BT15="","",RANK(BT15,$BT$9:$BT$22,1)) -> 7 | CA15: 7 | CB15: =COUNTIFS($AK$9:$AK$708,CA15,$AO$9:$AO$708,1) -> 0 | CC15: {=IFERROR(SMALL(IF($AK$9:$AK$708=CA15,$AL$9:$AL$708,""),1),"")} | CD15: {=IFERROR(LARGE(IF($AK$9:$AK$708=CA15,$AL$9:$AL$708,""),1),"")} | CE15: {=IFERROR(MEDIAN(IF(($AK$9:$AK$708=CA15)*($AO$9:$AO$708=1),$AM$9:$AM$708,"")),"")} | CF15: =IF(CE15="",0,COUNTIFS($AK$9:$AK$708,CA15,$AO$9:$AO$708,1,$AM$9:$AM$708,">="&CE15-5,$AM$9:$AM$708,"<="&CE15+5)) -> 0 | CG15: =IF(CF15=0,"",ROUND(AVERAGEIFS($AM$9:$AM$708,$AK$9:$AK$708,CA15,$AO$9:$AO$708,1,$AM$9:$AM$708,">="&CE15-5,$AM$9:$AM$708,"<="&CE15+5),2)) | CH15: =IF(CE15="","",COUNTIFS($AK$9:$AK$708,CA15,$AL$9:$AL$708,">0")-CF15) | CI15: =IF(CC15="","",RANK(CC15,$CC$9:$CC$22,1)) | CM15: 07_남해 신규점1 | CQ15: 6~7 m | CR15: =IF(OR($I$15="",$I$16=""),"",ABS($I$16-$I$15)) | CS15: =IF(OR($K$15="",$K$16=""),"",ABS($K$16-$K$15)) -> 17.87 | CT15: =IF(OR($M$15="",$M$16=""),"",ABS($M$16-$M$15)) | CU15: =IF(OR($O$15="",$O$16=""),"",ABS($O$16-$O$15)) -> 163.14
A16: =IF($CM$6=0,"",IF(INDEX('⑩ 원문 보관'!$A:$E,$CM$6+ROW()-9,COLUMN())="","",INDEX('⑩ 원문 보관'!$A:$E,$CM$6+ROW()-9,COLUMN()))) -> /time nT sq | B16: =IF($CM$6=0,"",IF(INDEX('⑩ 원문 보관'!$A:$E,$CM$6+ROW()-9,COLUMN())="","",INDEX('⑩ 원문 보관'!$A:$E,$CM$6+ROW()-9,COLUMN()))) -> 114737.0 51388.89 96 | C16: =IF($CM$6=0,"",IF(INDEX('⑩ 원문 보관'!$A:$E,$CM$6+ROW()-9,COLUMN())="","",INDEX('⑩ 원문 보관'!$A:$E,$CM$6+ROW()-9,COLUMN()))) -> 121832.0 51388.73 97 | D16: =IF($CM$6=0,"",IF(INDEX('⑩ 원문 보관'!$A:$E,$CM$6+ROW()-9,COLUMN())="","",INDEX('⑩ 원문 보관'!$A:$E,$CM$6+ROW()-9,COLUMN()))) -> 123532.0 51398.41 43 | E16: =IF($CM$6=0,"",IF(INDEX('⑩ 원문 보관'!$A:$E,$CM$6+ROW()-9,COLUMN())="","",INDEX('⑩ 원문 보관'!$A:$E,$CM$6+ROW()-9,COLUMN()))) -> /time nT sq | G16: 7 m | H16: =IF(COUNT($AS$9:$AS$22)-1<8,"",IFERROR(INT(IFERROR(INDEX($AS$9:$AS$22,MATCH(8,$AY$9:$AY$22,0)),"")/100),"")) | I16: =IF(COUNT($AS$9:$AS$22)-1<8,"",IFERROR(INDEX($AW$9:$AW$22,MATCH(8,$AY$9:$AY$22,0)),"")) | J16: =IF(COUNT($BB$9:$BB$22)-1<8,"",IFERROR(INT(IFERROR(INDEX($BB$9:$BB$22,MATCH(8,$BH$9:$BH$22,0)),"")/100),"")) -> 1204 | K16: =IF(COUNT($BB$9:$BB$22)-1<8,"",IFERROR(INDEX($BF$9:$BF$22,MATCH(8,$BH$9:$BH$22,0)),"")) -> 51077.82 | L16: =IF(COUNT($BK$9:$BK$22)-1<8,"",IFERROR(INT(IFERROR(INDEX($BK$9:$BK$22,MATCH(8,$BQ$9:$BQ$22,0)),"")/100),"")) | M16: =IF(COUNT($BK$9:$BK$22)-1<8,"",IFERROR(INDEX($BO$9:$BO$22,MATCH(8,$BQ$9:$BQ$22,0)),"")) | N16: =IF(COUNT($BT$9:$BT$22)-1<8,"",IFERROR(INT(IFERROR(INDEX($BT$9:$BT$22,MATCH(8,$BZ$9:$BZ$22,0)),"")/100),"")) -> 1254 | O16: =IF(COUNT($BT$9:$BT$22)-1<8,"",IFERROR(INDEX($BX$9:$BX$22,MATCH(8,$BZ$9:$BZ$22,0)),"")) -> 51415.93 | Q16: =IF(A16="",N(Q15),IF(LEFT(TRIM(A16),5)="/time",N(Q15)+1,N(Q15))) -> 1 | R16: =IFERROR(IF(ISNUMBER(--LEFT(TRIM(A16),1)),VALUE(LEFT(TRIM(A16),6)),""),"") | S16: =IFERROR(VALUE(TRIM(MID(SUBSTITUTE(TRIM(A16)," ",REPT(" ",30)),31,30))),"") | T16: =IFERROR(TRIM(MID(SUBSTITUTE(TRIM(A16)," ",REPT(" ",30)),61,30)),"") -> sq | U16: =IF(OR(R16="",S16="",T16=""),0,IF(AND(S16>1000,RIGHT(T16,1)<>"0"),1,0)) -> 0 | V16: =IF(B16="",N(V15),IF(LEFT(TRIM(B16),5)="/time",N(V15)+1,N(V15))) -> 1 | W16: =IFERROR(IF(ISNUMBER(--LEFT(TRIM(B16),1)),VALUE(LEFT(TRIM(B16),6)),""),"") -> 114737 | X16: =IFERROR(VALUE(TRIM(MID(SUBSTITUTE(TRIM(B16)," ",REPT(" ",30)),31,30))),"") -> 51388.89 | Y16: =IFERROR(TRIM(MID(SUBSTITUTE(TRIM(B16)," ",REPT(" ",30)),61,30)),"") -> 96 | Z16: =IF(OR(W16="",X16="",Y16=""),0,IF(AND(X16>1000,RIGHT(Y16,1)<>"0"),1,0)) -> 1 | AA16: =IF(C16="",N(AA15),IF(LEFT(TRIM(C16),5)="/time",N(AA15)+1,N(AA15))) -> 1 | AB16: =IFERROR(IF(ISNUMBER(--LEFT(TRIM(C16),1)),VALUE(LEFT(TRIM(C16),6)),""),"") -> 121832 | AC16: =IFERROR(VALUE(TRIM(MID(SUBSTITUTE(TRIM(C16)," ",REPT(" ",30)),31,30))),"") -> 51388.73 | AD16: =IFERROR(TRIM(MID(SUBSTITUTE(TRIM(C16)," ",REPT(" ",30)),61,30)),"") -> 97 | AE16: =IF(OR(AB16="",AC16="",AD16=""),0,IF(AND(AC16>1000,RIGHT(AD16,1)<>"0"),1,0)) -> 1 | AF16: =IF(D16="",N(AF15),IF(LEFT(TRIM(D16),5)="/time",N(AF15)+1,N(AF15))) -> 1 | AG16: =IFERROR(IF(ISNUMBER(--LEFT(TRIM(D16),1)),VALUE(LEFT(TRIM(D16),6)),""),"") -> 123532 | AH16: =IFERROR(VALUE(TRIM(MID(SUBSTITUTE(TRIM(D16)," ",REPT(" ",30)),31,30))),"") -> 51398.41 | AI16: =IFERROR(TRIM(MID(SUBSTITUTE(TRIM(D16)," ",REPT(" ",30)),61,30)),"") -> 43 | AJ16: =IF(OR(AG16="",AH16="",AI16=""),0,IF(AND(AH16>1000,RIGHT(AI16,1)<>"0"),1,0)) -> 1 | AK16: =IF(E16="",N(AK15),IF(LEFT(TRIM(E16),5)="/time",N(AK15)+1,N(AK15))) -> 1 | AL16: =IFERROR(IF(ISNUMBER(--LEFT(TRIM(E16),1)),VALUE(LEFT(TRIM(E16),6)),""),"") | AM16: =IFERROR(VALUE(TRIM(MID(SUBSTITUTE(TRIM(E16)," ",REPT(" ",30)),31,30))),"") | AN16: =IFERROR(TRIM(MID(SUBSTITUTE(TRIM(E16)," ",REPT(" ",30)),61,30)),"") -> sq | AO16: =IF(OR(AL16="",AM16="",AN16=""),0,IF(AND(AM16>1000,RIGHT(AN16,1)<>"0"),1,0)) -> 0 | AQ16: 8 | AR16: =COUNTIFS($Q$9:$Q$708,AQ16,$U$9:$U$708,1) -> 31 | AS16: {=IFERROR(SMALL(IF($Q$9:$Q$708=AQ16,$R$9:$R$708,""),1),"")} -> 114047 | AT16: {=IFERROR(LARGE(IF($Q$9:$Q$708=AQ16,$R$9:$R$708,""),1),"")} -> 114317 | AU16: {=IFERROR(MEDIAN(IF(($Q$9:$Q$708=AQ16)*($U$9:$U$708=1),$S$9:$S$708,"")),"")} -> 51384.34 | AV16: =IF(AU16="",0,COUNTIFS($Q$9:$Q$708,AQ16,$U$9:$U$708,1,$S$9:$S$708,">="&AU16-5,$S$9:$S$708,"<="&AU16+5)) -> 31 | AW16: =IF(AV16=0,"",ROUND(AVERAGEIFS($S$9:$S$708,$Q$9:$Q$708,AQ16,$U$9:$U$708,1,$S$9:$S$708,">="&AU16-5,$S$9:$S$708,"<="&AU16+5),2)) -> 51384.34 | AX16: =IF(AU16="","",COUNTIFS($Q$9:$Q$708,AQ16,$R$9:$R$708,">0")-AV16) -> 0 | AY16: =IF(AS16="","",RANK(AS16,$AS$9:$AS$22,1)) -> 8 | AZ16: 8 | BA16: =COUNTIFS($V$9:$V$708,AZ16,$Z$9:$Z$708,1) -> 27 | BB16: {=IFERROR(SMALL(IF($V$9:$V$708=AZ16,$W$9:$W$708,""),1),"")} -> 120432 | BC16: {=IFERROR(LARGE(IF($V$9:$V$708=AZ16,$W$9:$W$708,""),1),"")} -> 120642 | BD16: {=IFERROR(MEDIAN(IF(($V$9:$V$708=AZ16)*($Z$9:$Z$708=1),$X$9:$X$708,"")),"")} -> 51077.67 | BE16: =IF(BD16="",0,COUNTIFS($V$9:$V$708,AZ16,$Z$9:$Z$708,1,$X$9:$X$708,">="&BD16-5,$X$9:$X$708,"<="&BD16+5)) -> 24 | BF16: =IF(BE16=0,"",ROUND(AVERAGEIFS($X$9:$X$708,$V$9:$V$708,AZ16,$Z$9:$Z$708,1,$X$9:$X$708,">="&BD16-5,$X$9:$X$708,"<="&BD16+5),2)) -> 51077.82 | BG16: =IF(BD16="","",COUNTIFS($V$9:$V$708,AZ16,$W$9:$W$708,">0")-BE16) -> 3 | BH16: =IF(BB16="","",RANK(BB16,$BB$9:$BB$22,1)) -> 8 | BI16: 8 | BJ16: =COUNTIFS($AA$9:$AA$708,BI16,$AE$9:$AE$708,1) -> 0 | BK16: {=IFERROR(SMALL(IF($AA$9:$AA$708=BI16,$AB$9:$AB$708,""),1),"")} | BL16: {=IFERROR(LARGE(IF($AA$9:$AA$708=BI16,$AB$9:$AB$708,""),1),"")} | BM16: {=IFERROR(MEDIAN(IF(($AA$9:$AA$708=BI16)*($AE$9:$AE$708=1),$AC$9:$AC$708,"")),"")} | BN16: =IF(BM16="",0,COUNTIFS($AA$9:$AA$708,BI16,$AE$9:$AE$708,1,$AC$9:$AC$708,">="&BM16-5,$AC$9:$AC$708,"<="&BM16+5)) -> 0 | BO16: =IF(BN16=0,"",ROUND(AVERAGEIFS($AC$9:$AC$708,$AA$9:$AA$708,BI16,$AE$9:$AE$708,1,$AC$9:$AC$708,">="&BM16-5,$AC$9:$AC$708,"<="&BM16+5),2)) | BP16: =IF(BM16="","",COUNTIFS($AA$9:$AA$708,BI16,$AB$9:$AB$708,">0")-BN16) | BQ16: =IF(BK16="","",RANK(BK16,$BK$9:$BK$22,1)) | BR16: 8 | BS16: =COUNTIFS($AF$9:$AF$708,BR16,$AJ$9:$AJ$708,1) -> 28 | BT16: {=IFERROR(SMALL(IF($AF$9:$AF$708=BR16,$AG$9:$AG$708,""),1),"")} -> 125437 | BU16: {=IFERROR(LARGE(IF($AF$9:$AF$708=BR16,$AG$9:$AG$708,""),1),"")} -> 125652 | BV16: {=IFERROR(MEDIAN(IF(($AF$9:$AF$708=BR16)*($AJ$9:$AJ$708=1),$AH$9:$AH$708,"")),"")} -> 51416.015 | BW16: =IF(BV16="",0,COUNTIFS($AF$9:$AF$708,BR16,$AJ$9:$AJ$708,1,$AH$9:$AH$708,">="&BV16-5,$AH$9:$AH$708,"<="&BV16+5)) -> 28 | BX16: =IF(BW16=0,"",ROUND(AVERAGEIFS($AH$9:$AH$708,$AF$9:$AF$708,BR16,$AJ$9:$AJ$708,1,$AH$9:$AH$708,">="&BV16-5,$AH$9:$AH$708,"<="&BV16+5),2)) -> 51415.93 | BY16: =IF(BV16="","",COUNTIFS($AF$9:$AF$708,BR16,$AG$9:$AG$708,">0")-BW16) -> 0 | BZ16: =IF(BT16="","",RANK(BT16,$BT$9:$BT$22,1)) -> 8 | CA16: 8 | CB16: =COUNTIFS($AK$9:$AK$708,CA16,$AO$9:$AO$708,1) -> 0 | CC16: {=IFERROR(SMALL(IF($AK$9:$AK$708=CA16,$AL$9:$AL$708,""),1),"")} | CD16: {=IFERROR(LARGE(IF($AK$9:$AK$708=CA16,$AL$9:$AL$708,""),1),"")} | CE16: {=IFERROR(MEDIAN(IF(($AK$9:$AK$708=CA16)*($AO$9:$AO$708=1),$AM$9:$AM$708,"")),"")} | CF16: =IF(CE16="",0,COUNTIFS($AK$9:$AK$708,CA16,$AO$9:$AO$708,1,$AM$9:$AM$708,">="&CE16-5,$AM$9:$AM$708,"<="&CE16+5)) -> 0 | CG16: =IF(CF16=0,"",ROUND(AVERAGEIFS($AM$9:$AM$708,$AK$9:$AK$708,CA16,$AO$9:$AO$708,1,$AM$9:$AM$708,">="&CE16-5,$AM$9:$AM$708,"<="&CE16+5),2)) | CH16: =IF(CE16="","",COUNTIFS($AK$9:$AK$708,CA16,$AL$9:$AL$708,">0")-CF16) | CI16: =IF(CC16="","",RANK(CC16,$CC$9:$CC$22,1)) | CM16: 08_청일 신규점2 | CQ16: 7~8 m | CR16: =IF(OR($I$16="",$I$17=""),"",ABS($I$17-$I$16)) | CS16: =IF(OR($K$16="",$K$17=""),"",ABS($K$17-$K$16)) -> 387.76 | CT16: =IF(OR($M$16="",$M$17=""),"",ABS($M$17-$M$16)) | CU16: =IF(OR($O$16="",$O$17=""),"",ABS($O$17-$O$16)) -> 867.31
A17: =IF($CM$6=0,"",IF(INDEX('⑩ 원문 보관'!$A:$E,$CM$6+ROW()-9,COLUMN())="","",INDEX('⑩ 원문 보관'!$A:$E,$CM$6+ROW()-9,COLUMN()))) -> 111632.0 51389.19 96 | B17: =IF($CM$6=0,"",IF(INDEX('⑩ 원문 보관'!$A:$E,$CM$6+ROW()-9,COLUMN())="","",INDEX('⑩ 원문 보관'!$A:$E,$CM$6+ROW()-9,COLUMN()))) -> 114742.0 51388.88 96 | C17: =IF($CM$6=0,"",IF(INDEX('⑩ 원문 보관'!$A:$E,$CM$6+ROW()-9,COLUMN())="","",INDEX('⑩ 원문 보관'!$A:$E,$CM$6+ROW()-9,COLUMN()))) -> 121837.0 51388.68 98 | D17: =IF($CM$6=0,"",IF(INDEX('⑩ 원문 보관'!$A:$E,$CM$6+ROW()-9,COLUMN())="","",INDEX('⑩ 원문 보관'!$A:$E,$CM$6+ROW()-9,COLUMN()))) -> 123537.0 51397.94 53 | E17: =IF($CM$6=0,"",IF(INDEX('⑩ 원문 보관'!$A:$E,$CM$6+ROW()-9,COLUMN())="","",INDEX('⑩ 원문 보관'!$A:$E,$CM$6+ROW()-9,COLUMN()))) -> 130352.0 51406.33 95 | G17: 8 m | H17: =IF(COUNT($AS$9:$AS$22)-1<9,"",IFERROR(INT(IFERROR(INDEX($AS$9:$AS$22,MATCH(9,$AY$9:$AY$22,0)),"")/100),"")) | I17: =IF(COUNT($AS$9:$AS$22)-1<9,"",IFERROR(INDEX($AW$9:$AW$22,MATCH(9,$AY$9:$AY$22,0)),"")) | J17: =IF(COUNT($BB$9:$BB$22)-1<9,"",IFERROR(INT(IFERROR(INDEX($BB$9:$BB$22,MATCH(9,$BH$9:$BH$22,0)),"")/100),"")) -> 1207 | K17: =IF(COUNT($BB$9:$BB$22)-1<9,"",IFERROR(INDEX($BF$9:$BF$22,MATCH(9,$BH$9:$BH$22,0)),"")) -> 51465.58 | L17: =IF(COUNT($BK$9:$BK$22)-1<9,"",IFERROR(INT(IFERROR(INDEX($BK$9:$BK$22,MATCH(9,$BQ$9:$BQ$22,0)),"")/100),"")) | M17: =IF(COUNT($BK$9:$BK$22)-1<9,"",IFERROR(INDEX($BO$9:$BO$22,MATCH(9,$BQ$9:$BQ$22,0)),"")) | N17: =IF(COUNT($BT$9:$BT$22)-1<9,"",IFERROR(INT(IFERROR(INDEX($BT$9:$BT$22,MATCH(9,$BZ$9:$BZ$22,0)),"")/100),"")) -> 1257 | O17: =IF(COUNT($BT$9:$BT$22)-1<9,"",IFERROR(INDEX($BX$9:$BX$22,MATCH(9,$BZ$9:$BZ$22,0)),"")) -> 50548.62 | Q17: =IF(A17="",N(Q16),IF(LEFT(TRIM(A17),5)="/time",N(Q16)+1,N(Q16))) -> 1 | R17: =IFERROR(IF(ISNUMBER(--LEFT(TRIM(A17),1)),VALUE(LEFT(TRIM(A17),6)),""),"") -> 111632 | S17: =IFERROR(VALUE(TRIM(MID(SUBSTITUTE(TRIM(A17)," ",REPT(" ",30)),31,30))),"") -> 51389.19 | T17: =IFERROR(TRIM(MID(SUBSTITUTE(TRIM(A17)," ",REPT(" ",30)),61,30)),"") -> 96 | U17: =IF(OR(R17="",S17="",T17=""),0,IF(AND(S17>1000,RIGHT(T17,1)<>"0"),1,0)) -> 1 | V17: =IF(B17="",N(V16),IF(LEFT(TRIM(B17),5)="/time",N(V16)+1,N(V16))) -> 1 | W17: =IFERROR(IF(ISNUMBER(--LEFT(TRIM(B17),1)),VALUE(LEFT(TRIM(B17),6)),""),"") -> 114742 | X17: =IFERROR(VALUE(TRIM(MID(SUBSTITUTE(TRIM(B17)," ",REPT(" ",30)),31,30))),"") -> 51388.88 | Y17: =IFERROR(TRIM(MID(SUBSTITUTE(TRIM(B17)," ",REPT(" ",30)),61,30)),"") -> 96 | Z17: =IF(OR(W17="",X17="",Y17=""),0,IF(AND(X17>1000,RIGHT(Y17,1)<>"0"),1,0)) -> 1 | AA17: =IF(C17="",N(AA16),IF(LEFT(TRIM(C17),5)="/time",N(AA16)+1,N(AA16))) -> 1 | AB17: =IFERROR(IF(ISNUMBER(--LEFT(TRIM(C17),1)),VALUE(LEFT(TRIM(C17),6)),""),"") -> 121837 | AC17: =IFERROR(VALUE(TRIM(MID(SUBSTITUTE(TRIM(C17)," ",REPT(" ",30)),31,30))),"") -> 51388.68 | AD17: =IFERROR(TRIM(MID(SUBSTITUTE(TRIM(C17)," ",REPT(" ",30)),61,30)),"") -> 98 | AE17: =IF(OR(AB17="",AC17="",AD17=""),0,IF(AND(AC17>1000,RIGHT(AD17,1)<>"0"),1,0)) -> 1 | AF17: =IF(D17="",N(AF16),IF(LEFT(TRIM(D17),5)="/time",N(AF16)+1,N(AF16))) -> 1 | AG17: =IFERROR(IF(ISNUMBER(--LEFT(TRIM(D17),1)),VALUE(LEFT(TRIM(D17),6)),""),"") -> 123537 | AH17: =IFERROR(VALUE(TRIM(MID(SUBSTITUTE(TRIM(D17)," ",REPT(" ",30)),31,30))),"") -> 51397.94 | AI17: =IFERROR(TRIM(MID(SUBSTITUTE(TRIM(D17)," ",REPT(" ",30)),61,30)),"") -> 53 | AJ17: =IF(OR(AG17="",AH17="",AI17=""),0,IF(AND(AH17>1000,RIGHT(AI17,1)<>"0"),1,0)) -> 1 | AK17: =IF(E17="",N(AK16),IF(LEFT(TRIM(E17),5)="/time",N(AK16)+1,N(AK16))) -> 1 | AL17: =IFERROR(IF(ISNUMBER(--LEFT(TRIM(E17),1)),VALUE(LEFT(TRIM(E17),6)),""),"") -> 130352 | AM17: =IFERROR(VALUE(TRIM(MID(SUBSTITUTE(TRIM(E17)," ",REPT(" ",30)),31,30))),"") -> 51406.33 | AN17: =IFERROR(TRIM(MID(SUBSTITUTE(TRIM(E17)," ",REPT(" ",30)),61,30)),"") -> 95 | AO17: =IF(OR(AL17="",AM17="",AN17=""),0,IF(AND(AM17>1000,RIGHT(AN17,1)<>"0"),1,0)) -> 1 | AQ17: 9 | AR17: =COUNTIFS($Q$9:$Q$708,AQ17,$U$9:$U$708,1) -> 0 | AS17: {=IFERROR(SMALL(IF($Q$9:$Q$708=AQ17,$R$9:$R$708,""),1),"")} | AT17: {=IFERROR(LARGE(IF($Q$9:$Q$708=AQ17,$R$9:$R$708,""),1),"")} | AU17: {=IFERROR(MEDIAN(IF(($Q$9:$Q$708=AQ17)*($U$9:$U$708=1),$S$9:$S$708,"")),"")} | AV17: =IF(AU17="",0,COUNTIFS($Q$9:$Q$708,AQ17,$U$9:$U$708,1,$S$9:$S$708,">="&AU17-5,$S$9:$S$708,"<="&AU17+5)) -> 0 | AW17: =IF(AV17=0,"",ROUND(AVERAGEIFS($S$9:$S$708,$Q$9:$Q$708,AQ17,$U$9:$U$708,1,$S$9:$S$708,">="&AU17-5,$S$9:$S$708,"<="&AU17+5),2)) | AX17: =IF(AU17="","",COUNTIFS($Q$9:$Q$708,AQ17,$R$9:$R$708,">0")-AV17) | AY17: =IF(AS17="","",RANK(AS17,$AS$9:$AS$22,1)) | AZ17: 9 | BA17: =COUNTIFS($V$9:$V$708,AZ17,$Z$9:$Z$708,1) -> 27 | BB17: {=IFERROR(SMALL(IF($V$9:$V$708=AZ17,$W$9:$W$708,""),1),"")} -> 120722 | BC17: {=IFERROR(LARGE(IF($V$9:$V$708=AZ17,$W$9:$W$708,""),1),"")} -> 120932 | BD17: {=IFERROR(MEDIAN(IF(($V$9:$V$708=AZ17)*($Z$9:$Z$708=1),$X$9:$X$708,"")),"")} -> 51465.61 | BE17: =IF(BD17="",0,COUNTIFS($V$9:$V$708,AZ17,$Z$9:$Z$708,1,$X$9:$X$708,">="&BD17-5,$X$9:$X$708,"<="&BD17+5)) -> 27 | BF17: =IF(BE17=0,"",ROUND(AVERAGEIFS($X$9:$X$708,$V$9:$V$708,AZ17,$Z$9:$Z$708,1,$X$9:$X$708,">="&BD17-5,$X$9:$X$708,"<="&BD17+5),2)) -> 51465.58 | BG17: =IF(BD17="","",COUNTIFS($V$9:$V$708,AZ17,$W$9:$W$708,">0")-BE17) -> 0 | BH17: =IF(BB17="","",RANK(BB17,$BB$9:$BB$22,1)) -> 9 | BI17: 9 | BJ17: =COUNTIFS($AA$9:$AA$708,BI17,$AE$9:$AE$708,1) -> 0 | BK17: {=IFERROR(SMALL(IF($AA$9:$AA$708=BI17,$AB$9:$AB$708,""),1),"")} | BL17: {=IFERROR(LARGE(IF($AA$9:$AA$708=BI17,$AB$9:$AB$708,""),1),"")} | BM17: {=IFERROR(MEDIAN(IF(($AA$9:$AA$708=BI17)*($AE$9:$AE$708=1),$AC$9:$AC$708,"")),"")} | BN17: =IF(BM17="",0,COUNTIFS($AA$9:$AA$708,BI17,$AE$9:$AE$708,1,$AC$9:$AC$708,">="&BM17-5,$AC$9:$AC$708,"<="&BM17+5)) -> 0 | BO17: =IF(BN17=0,"",ROUND(AVERAGEIFS($AC$9:$AC$708,$AA$9:$AA$708,BI17,$AE$9:$AE$708,1,$AC$9:$AC$708,">="&BM17-5,$AC$9:$AC$708,"<="&BM17+5),2)) | BP17: =IF(BM17="","",COUNTIFS($AA$9:$AA$708,BI17,$AB$9:$AB$708,">0")-BN17) | BQ17: =IF(BK17="","",RANK(BK17,$BK$9:$BK$22,1)) | BR17: 9 | BS17: =COUNTIFS($AF$9:$AF$708,BR17,$AJ$9:$AJ$708,1) -> 27 | BT17: {=IFERROR(SMALL(IF($AF$9:$AF$708=BR17,$AG$9:$AG$708,""),1),"")} -> 125722 | BU17: {=IFERROR(LARGE(IF($AF$9:$AF$708=BR17,$AG$9:$AG$708,""),1),"")} -> 125932 | BV17: {=IFERROR(MEDIAN(IF(($AF$9:$AF$708=BR17)*($AJ$9:$AJ$708=1),$AH$9:$AH$708,"")),"")} -> 50549.34 | BW17: =IF(BV17="",0,COUNTIFS($AF$9:$AF$708,BR17,$AJ$9:$AJ$708,1,$AH$9:$AH$708,">="&BV17-5,$AH$9:$AH$708,"<="&BV17+5)) -> 15 | BX17: =IF(BW17=0,"",ROUND(AVERAGEIFS($AH$9:$AH$708,$AF$9:$AF$708,BR17,$AJ$9:$AJ$708,1,$AH$9:$AH$708,">="&BV17-5,$AH$9:$AH$708,"<="&BV17+5),2)) -> 50548.62 | BY17: =IF(BV17="","",COUNTIFS($AF$9:$AF$708,BR17,$AG$9:$AG$708,">0")-BW17) -> 12 | BZ17: =IF(BT17="","",RANK(BT17,$BT$9:$BT$22,1)) -> 9 | CA17: 9 | CB17: =COUNTIFS($AK$9:$AK$708,CA17,$AO$9:$AO$708,1) -> 0 | CC17: {=IFERROR(SMALL(IF($AK$9:$AK$708=CA17,$AL$9:$AL$708,""),1),"")} | CD17: {=IFERROR(LARGE(IF($AK$9:$AK$708=CA17,$AL$9:$AL$708,""),1),"")} | CE17: {=IFERROR(MEDIAN(IF(($AK$9:$AK$708=CA17)*($AO$9:$AO$708=1),$AM$9:$AM$708,"")),"")} | CF17: =IF(CE17="",0,COUNTIFS($AK$9:$AK$708,CA17,$AO$9:$AO$708,1,$AM$9:$AM$708,">="&CE17-5,$AM$9:$AM$708,"<="&CE17+5)) -> 0 | CG17: =IF(CF17=0,"",ROUND(AVERAGEIFS($AM$9:$AM$708,$AK$9:$AK$708,CA17,$AO$9:$AO$708,1,$AM$9:$AM$708,">="&CE17-5,$AM$9:$AM$708,"<="&CE17+5),2)) | CH17: =IF(CE17="","",COUNTIFS($AK$9:$AK$708,CA17,$AL$9:$AL$708,">0")-CF17) | CI17: =IF(CC17="","",RANK(CC17,$CC$9:$CC$22,1)) | CM17: 09_어론 신규점 | CQ17: 8~9 m | CR17: =IF(OR($I$17="",$I$18=""),"",ABS($I$18-$I$17)) | CS17: =IF(OR($K$17="",$K$18=""),"",ABS($K$18-$K$17)) -> 249.03 | CT17: =IF(OR($M$17="",$M$18=""),"",ABS($M$18-$M$17)) | CU17: =IF(OR($O$17="",$O$18=""),"",ABS($O$18-$O$17))
A18: =IF($CM$6=0,"",IF(INDEX('⑩ 원문 보관'!$A:$E,$CM$6+ROW()-9,COLUMN())="","",INDEX('⑩ 원문 보관'!$A:$E,$CM$6+ROW()-9,COLUMN()))) -> 111637.0 51389.38 95 | B18: =IF($CM$6=0,"",IF(INDEX('⑩ 원문 보관'!$A:$E,$CM$6+ROW()-9,COLUMN())="","",INDEX('⑩ 원문 보관'!$A:$E,$CM$6+ROW()-9,COLUMN()))) -> 114747.0 51388.82 96 | C18: =IF($CM$6=0,"",IF(INDEX('⑩ 원문 보관'!$A:$E,$CM$6+ROW()-9,COLUMN())="","",INDEX('⑩ 원문 보관'!$A:$E,$CM$6+ROW()-9,COLUMN()))) -> 121842.0 51388.73 97 | D18: =IF($CM$6=0,"",IF(INDEX('⑩ 원문 보관'!$A:$E,$CM$6+ROW()-9,COLUMN())="","",INDEX('⑩ 원문 보관'!$A:$E,$CM$6+ROW()-9,COLUMN()))) -> 123542.0 51399.75 43 | E18: =IF($CM$6=0,"",IF(INDEX('⑩ 원문 보관'!$A:$E,$CM$6+ROW()-9,COLUMN())="","",INDEX('⑩ 원문 보관'!$A:$E,$CM$6+ROW()-9,COLUMN()))) -> 130357.0 51406.46 95 | G18: 9 m | H18: =IF(COUNT($AS$9:$AS$22)-1<10,"",IFERROR(INT(IFERROR(INDEX($AS$9:$AS$22,MATCH(10,$AY$9:$AY$22,0)),"")/100),"")) | I18: =IF(COUNT($AS$9:$AS$22)-1<10,"",IFERROR(INDEX($AW$9:$AW$22,MATCH(10,$AY$9:$AY$22,0)),"")) | J18: =IF(COUNT($BB$9:$BB$22)-1<10,"",IFERROR(INT(IFERROR(INDEX($BB$9:$BB$22,MATCH(10,$BH$9:$BH$22,0)),"")/100),"")) -> 1210 | K18: =IF(COUNT($BB$9:$BB$22)-1<10,"",IFERROR(INDEX($BF$9:$BF$22,MATCH(10,$BH$9:$BH$22,0)),"")) -> 51714.61 | L18: =IF(COUNT($BK$9:$BK$22)-1<10,"",IFERROR(INT(IFERROR(INDEX($BK$9:$BK$22,MATCH(10,$BQ$9:$BQ$22,0)),"")/100),"")) | M18: =IF(COUNT($BK$9:$BK$22)-1<10,"",IFERROR(INDEX($BO$9:$BO$22,MATCH(10,$BQ$9:$BQ$22,0)),"")) | N18: =IF(COUNT($BT$9:$BT$22)-1<10,"",IFERROR(INT(IFERROR(INDEX($BT$9:$BT$22,MATCH(10,$BZ$9:$BZ$22,0)),"")/100),"")) | O18: =IF(COUNT($BT$9:$BT$22)-1<10,"",IFERROR(INDEX($BX$9:$BX$22,MATCH(10,$BZ$9:$BZ$22,0)),"")) | Q18: =IF(A18="",N(Q17),IF(LEFT(TRIM(A18),5)="/time",N(Q17)+1,N(Q17))) -> 1 | R18: =IFERROR(IF(ISNUMBER(--LEFT(TRIM(A18),1)),VALUE(LEFT(TRIM(A18),6)),""),"") -> 111637 | S18: =IFERROR(VALUE(TRIM(MID(SUBSTITUTE(TRIM(A18)," ",REPT(" ",30)),31,30))),"") -> 51389.38 | T18: =IFERROR(TRIM(MID(SUBSTITUTE(TRIM(A18)," ",REPT(" ",30)),61,30)),"") -> 95 | U18: =IF(OR(R18="",S18="",T18=""),0,IF(AND(S18>1000,RIGHT(T18,1)<>"0"),1,0)) -> 1 | V18: =IF(B18="",N(V17),IF(LEFT(TRIM(B18),5)="/time",N(V17)+1,N(V17))) -> 1 | W18: =IFERROR(IF(ISNUMBER(--LEFT(TRIM(B18),1)),VALUE(LEFT(TRIM(B18),6)),""),"") -> 114747 | X18: =IFERROR(VALUE(TRIM(MID(SUBSTITUTE(TRIM(B18)," ",REPT(" ",30)),31,30))),"") -> 51388.82 | Y18: =IFERROR(TRIM(MID(SUBSTITUTE(TRIM(B18)," ",REPT(" ",30)),61,30)),"") -> 96 | Z18: =IF(OR(W18="",X18="",Y18=""),0,IF(AND(X18>1000,RIGHT(Y18,1)<>"0"),1,0)) -> 1 | AA18: =IF(C18="",N(AA17),IF(LEFT(TRIM(C18),5)="/time",N(AA17)+1,N(AA17))) -> 1 | AB18: =IFERROR(IF(ISNUMBER(--LEFT(TRIM(C18),1)),VALUE(LEFT(TRIM(C18),6)),""),"") -> 121842 | AC18: =IFERROR(VALUE(TRIM(MID(SUBSTITUTE(TRIM(C18)," ",REPT(" ",30)),31,30))),"") -> 51388.73 | AD18: =IFERROR(TRIM(MID(SUBSTITUTE(TRIM(C18)," ",REPT(" ",30)),61,30)),"") -> 97 | AE18: =IF(OR(AB18="",AC18="",AD18=""),0,IF(AND(AC18>1000,RIGHT(AD18,1)<>"0"),1,0)) -> 1 | AF18: =IF(D18="",N(AF17),IF(LEFT(TRIM(D18),5)="/time",N(AF17)+1,N(AF17))) -> 1 | AG18: =IFERROR(IF(ISNUMBER(--LEFT(TRIM(D18),1)),VALUE(LEFT(TRIM(D18),6)),""),"") -> 123542 | AH18: =IFERROR(VALUE(TRIM(MID(SUBSTITUTE(TRIM(D18)," ",REPT(" ",30)),31,30))),"") -> 51399.75 | AI18: =IFERROR(TRIM(MID(SUBSTITUTE(TRIM(D18)," ",REPT(" ",30)),61,30)),"") -> 43 | AJ18: =IF(OR(AG18="",AH18="",AI18=""),0,IF(AND(AH18>1000,RIGHT(AI18,1)<>"0"),1,0)) -> 1 | AK18: =IF(E18="",N(AK17),IF(LEFT(TRIM(E18),5)="/time",N(AK17)+1,N(AK17))) -> 1 | AL18: =IFERROR(IF(ISNUMBER(--LEFT(TRIM(E18),1)),VALUE(LEFT(TRIM(E18),6)),""),"") -> 130357 | AM18: =IFERROR(VALUE(TRIM(MID(SUBSTITUTE(TRIM(E18)," ",REPT(" ",30)),31,30))),"") -> 51406.46 | AN18: =IFERROR(TRIM(MID(SUBSTITUTE(TRIM(E18)," ",REPT(" ",30)),61,30)),"") -> 95 | AO18: =IF(OR(AL18="",AM18="",AN18=""),0,IF(AND(AM18>1000,RIGHT(AN18,1)<>"0"),1,0)) -> 1 | AQ18: 10 | AR18: =COUNTIFS($Q$9:$Q$708,AQ18,$U$9:$U$708,1) -> 0 | AS18: {=IFERROR(SMALL(IF($Q$9:$Q$708=AQ18,$R$9:$R$708,""),1),"")} | AT18: {=IFERROR(LARGE(IF($Q$9:$Q$708=AQ18,$R$9:$R$708,""),1),"")} | AU18: {=IFERROR(MEDIAN(IF(($Q$9:$Q$708=AQ18)*($U$9:$U$708=1),$S$9:$S$708,"")),"")} | AV18: =IF(AU18="",0,COUNTIFS($Q$9:$Q$708,AQ18,$U$9:$U$708,1,$S$9:$S$708,">="&AU18-5,$S$9:$S$708,"<="&AU18+5)) -> 0 | AW18: =IF(AV18=0,"",ROUND(AVERAGEIFS($S$9:$S$708,$Q$9:$Q$708,AQ18,$U$9:$U$708,1,$S$9:$S$708,">="&AU18-5,$S$9:$S$708,"<="&AU18+5),2)) | AX18: =IF(AU18="","",COUNTIFS($Q$9:$Q$708,AQ18,$R$9:$R$708,">0")-AV18) | AY18: =IF(AS18="","",RANK(AS18,$AS$9:$AS$22,1)) | AZ18: 10 | BA18: =COUNTIFS($V$9:$V$708,AZ18,$Z$9:$Z$708,1) -> 26 | BB18: {=IFERROR(SMALL(IF($V$9:$V$708=AZ18,$W$9:$W$708,""),1),"")} -> 121007 | BC18: {=IFERROR(LARGE(IF($V$9:$V$708=AZ18,$W$9:$W$708,""),1),"")} -> 121212 | BD18: {=IFERROR(MEDIAN(IF(($V$9:$V$708=AZ18)*($Z$9:$Z$708=1),$X$9:$X$708,"")),"")} -> 51714.63 | BE18: =IF(BD18="",0,COUNTIFS($V$9:$V$708,AZ18,$Z$9:$Z$708,1,$X$9:$X$708,">="&BD18-5,$X$9:$X$708,"<="&BD18+5)) -> 26 | BF18: =IF(BE18=0,"",ROUND(AVERAGEIFS($X$9:$X$708,$V$9:$V$708,AZ18,$Z$9:$Z$708,1,$X$9:$X$708,">="&BD18-5,$X$9:$X$708,"<="&BD18+5),2)) -> 51714.61 | BG18: =IF(BD18="","",COUNTIFS($V$9:$V$708,AZ18,$W$9:$W$708,">0")-BE18) -> 0 | BH18: =IF(BB18="","",RANK(BB18,$BB$9:$BB$22,1)) -> 10 | BI18: 10 | BJ18: =COUNTIFS($AA$9:$AA$708,BI18,$AE$9:$AE$708,1) -> 0 | BK18: {=IFERROR(SMALL(IF($AA$9:$AA$708=BI18,$AB$9:$AB$708,""),1),"")} | BL18: {=IFERROR(LARGE(IF($AA$9:$AA$708=BI18,$AB$9:$AB$708,""),1),"")} | BM18: {=IFERROR(MEDIAN(IF(($AA$9:$AA$708=BI18)*($AE$9:$AE$708=1),$AC$9:$AC$708,"")),"")} | BN18: =IF(BM18="",0,COUNTIFS($AA$9:$AA$708,BI18,$AE$9:$AE$708,1,$AC$9:$AC$708,">="&BM18-5,$AC$9:$AC$708,"<="&BM18+5)) -> 0 | BO18: =IF(BN18=0,"",ROUND(AVERAGEIFS($AC$9:$AC$708,$AA$9:$AA$708,BI18,$AE$9:$AE$708,1,$AC$9:$AC$708,">="&BM18-5,$AC$9:$AC$708,"<="&BM18+5),2)) | BP18: =IF(BM18="","",COUNTIFS($AA$9:$AA$708,BI18,$AB$9:$AB$708,">0")-BN18) | BQ18: =IF(BK18="","",RANK(BK18,$BK$9:$BK$22,1)) | BR18: 10 | BS18: =COUNTIFS($AF$9:$AF$708,BR18,$AJ$9:$AJ$708,1) -> 27 | BT18: {=IFERROR(SMALL(IF($AF$9:$AF$708=BR18,$AG$9:$AG$708,""),1),"")} -> 130012 | BU18: {=IFERROR(LARGE(IF($AF$9:$AF$708=BR18,$AG$9:$AG$708,""),1),"")} -> 130222 | BV18: {=IFERROR(MEDIAN(IF(($AF$9:$AF$708=BR18)*($AJ$9:$AJ$708=1),$AH$9:$AH$708,"")),"")} -> 51398.02 | BW18: =IF(BV18="",0,COUNTIFS($AF$9:$AF$708,BR18,$AJ$9:$AJ$708,1,$AH$9:$AH$708,">="&BV18-5,$AH$9:$AH$708,"<="&BV18+5)) -> 27 | BX18: =IF(BW18=0,"",ROUND(AVERAGEIFS($AH$9:$AH$708,$AF$9:$AF$708,BR18,$AJ$9:$AJ$708,1,$AH$9:$AH$708,">="&BV18-5,$AH$9:$AH$708,"<="&BV18+5),2)) -> 51397.97 | BY18: =IF(BV18="","",COUNTIFS($AF$9:$AF$708,BR18,$AG$9:$AG$708,">0")-BW18) -> 0 | BZ18: =IF(BT18="","",RANK(BT18,$BT$9:$BT$22,1)) -> 10 | CA18: 10 | CB18: =COUNTIFS($AK$9:$AK$708,CA18,$AO$9:$AO$708,1) -> 0 | CC18: {=IFERROR(SMALL(IF($AK$9:$AK$708=CA18,$AL$9:$AL$708,""),1),"")} | CD18: {=IFERROR(LARGE(IF($AK$9:$AK$708=CA18,$AL$9:$AL$708,""),1),"")} | CE18: {=IFERROR(MEDIAN(IF(($AK$9:$AK$708=CA18)*($AO$9:$AO$708=1),$AM$9:$AM$708,"")),"")} | CF18: =IF(CE18="",0,COUNTIFS($AK$9:$AK$708,CA18,$AO$9:$AO$708,1,$AM$9:$AM$708,">="&CE18-5,$AM$9:$AM$708,"<="&CE18+5)) -> 0 | CG18: =IF(CF18=0,"",ROUND(AVERAGEIFS($AM$9:$AM$708,$AK$9:$AK$708,CA18,$AO$9:$AO$708,1,$AM$9:$AM$708,">="&CE18-5,$AM$9:$AM$708,"<="&CE18+5),2)) | CH18: =IF(CE18="","",COUNTIFS($AK$9:$AK$708,CA18,$AL$9:$AL$708,">0")-CF18) | CI18: =IF(CC18="","",RANK(CC18,$CC$9:$CC$22,1)) | CM18: 10_예안 신규점1 | CQ18: 9~10 m | CR18: =IF(OR($I$18="",$I$19=""),"",ABS($I$19-$I$18)) | CS18: =IF(OR($K$18="",$K$19=""),"",ABS($K$19-$K$18)) -> 355.62 | CT18: =IF(OR($M$18="",$M$19=""),"",ABS($M$19-$M$18)) | CU18: =IF(OR($O$18="",$O$19=""),"",ABS($O$19-$O$18))
A19: =IF($CM$6=0,"",IF(INDEX('⑩ 원문 보관'!$A:$E,$CM$6+ROW()-9,COLUMN())="","",INDEX('⑩ 원문 보관'!$A:$E,$CM$6+ROW()-9,COLUMN()))) -> 111642.0 51389.30 96 | B19: =IF($CM$6=0,"",IF(INDEX('⑩ 원문 보관'!$A:$E,$CM$6+ROW()-9,COLUMN())="","",INDEX('⑩ 원문 보관'!$A:$E,$CM$6+ROW()-9,COLUMN()))) -> 114752.0 51389.14 97 | C19: =IF($CM$6=0,"",IF(INDEX('⑩ 원문 보관'!$A:$E,$CM$6+ROW()-9,COLUMN())="","",INDEX('⑩ 원문 보관'!$A:$E,$CM$6+ROW()-9,COLUMN()))) -> 121847.0 51388.68 97 | D19: =IF($CM$6=0,"",IF(INDEX('⑩ 원문 보관'!$A:$E,$CM$6+ROW()-9,COLUMN())="","",INDEX('⑩ 원문 보관'!$A:$E,$CM$6+ROW()-9,COLUMN()))) -> 123547.0 51459.24 64 | E19: =IF($CM$6=0,"",IF(INDEX('⑩ 원문 보관'!$A:$E,$CM$6+ROW()-9,COLUMN())="","",INDEX('⑩ 원문 보관'!$A:$E,$CM$6+ROW()-9,COLUMN()))) -> 130402.0 51406.35 95 | G19: 10 m | H19: =IF(COUNT($AS$9:$AS$22)-1<11,"",IFERROR(INT(IFERROR(INDEX($AS$9:$AS$22,MATCH(11,$AY$9:$AY$22,0)),"")/100),"")) | I19: =IF(COUNT($AS$9:$AS$22)-1<11,"",IFERROR(INDEX($AW$9:$AW$22,MATCH(11,$AY$9:$AY$22,0)),"")) | J19: =IF(COUNT($BB$9:$BB$22)-1<11,"",IFERROR(INT(IFERROR(INDEX($BB$9:$BB$22,MATCH(11,$BH$9:$BH$22,0)),"")/100),"")) -> 1212 | K19: =IF(COUNT($BB$9:$BB$22)-1<11,"",IFERROR(INDEX($BF$9:$BF$22,MATCH(11,$BH$9:$BH$22,0)),"")) -> 52070.23 | L19: =IF(COUNT($BK$9:$BK$22)-1<11,"",IFERROR(INT(IFERROR(INDEX($BK$9:$BK$22,MATCH(11,$BQ$9:$BQ$22,0)),"")/100),"")) | M19: =IF(COUNT($BK$9:$BK$22)-1<11,"",IFERROR(INDEX($BO$9:$BO$22,MATCH(11,$BQ$9:$BQ$22,0)),"")) | N19: =IF(COUNT($BT$9:$BT$22)-1<11,"",IFERROR(INT(IFERROR(INDEX($BT$9:$BT$22,MATCH(11,$BZ$9:$BZ$22,0)),"")/100),"")) | O19: =IF(COUNT($BT$9:$BT$22)-1<11,"",IFERROR(INDEX($BX$9:$BX$22,MATCH(11,$BZ$9:$BZ$22,0)),"")) | Q19: =IF(A19="",N(Q18),IF(LEFT(TRIM(A19),5)="/time",N(Q18)+1,N(Q18))) -> 1 | R19: =IFERROR(IF(ISNUMBER(--LEFT(TRIM(A19),1)),VALUE(LEFT(TRIM(A19),6)),""),"") -> 111642 | S19: =IFERROR(VALUE(TRIM(MID(SUBSTITUTE(TRIM(A19)," ",REPT(" ",30)),31,30))),"") -> 51389.3 | T19: =IFERROR(TRIM(MID(SUBSTITUTE(TRIM(A19)," ",REPT(" ",30)),61,30)),"") -> 96 | U19: =IF(OR(R19="",S19="",T19=""),0,IF(AND(S19>1000,RIGHT(T19,1)<>"0"),1,0)) -> 1 | V19: =IF(B19="",N(V18),IF(LEFT(TRIM(B19),5)="/time",N(V18)+1,N(V18))) -> 1 | W19: =IFERROR(IF(ISNUMBER(--LEFT(TRIM(B19),1)),VALUE(LEFT(TRIM(B19),6)),""),"") -> 114752 | X19: =IFERROR(VALUE(TRIM(MID(SUBSTITUTE(TRIM(B19)," ",REPT(" ",30)),31,30))),"") -> 51389.14 | Y19: =IFERROR(TRIM(MID(SUBSTITUTE(TRIM(B19)," ",REPT(" ",30)),61,30)),"") -> 97 | Z19: =IF(OR(W19="",X19="",Y19=""),0,IF(AND(X19>1000,RIGHT(Y19,1)<>"0"),1,0)) -> 1 | AA19: =IF(C19="",N(AA18),IF(LEFT(TRIM(C19),5)="/time",N(AA18)+1,N(AA18))) -> 1 | AB19: =IFERROR(IF(ISNUMBER(--LEFT(TRIM(C19),1)),VALUE(LEFT(TRIM(C19),6)),""),"") -> 121847 | AC19: =IFERROR(VALUE(TRIM(MID(SUBSTITUTE(TRIM(C19)," ",REPT(" ",30)),31,30))),"") -> 51388.68 | AD19: =IFERROR(TRIM(MID(SUBSTITUTE(TRIM(C19)," ",REPT(" ",30)),61,30)),"") -> 97 | AE19: =IF(OR(AB19="",AC19="",AD19=""),0,IF(AND(AC19>1000,RIGHT(AD19,1)<>"0"),1,0)) -> 1 | AF19: =IF(D19="",N(AF18),IF(LEFT(TRIM(D19),5)="/time",N(AF18)+1,N(AF18))) -> 1 | AG19: =IFERROR(IF(ISNUMBER(--LEFT(TRIM(D19),1)),VALUE(LEFT(TRIM(D19),6)),""),"") -> 123547 | AH19: =IFERROR(VALUE(TRIM(MID(SUBSTITUTE(TRIM(D19)," ",REPT(" ",30)),31,30))),"") -> 51459.24 | AI19: =IFERROR(TRIM(MID(SUBSTITUTE(TRIM(D19)," ",REPT(" ",30)),61,30)),"") -> 64 | AJ19: =IF(OR(AG19="",AH19="",AI19=""),0,IF(AND(AH19>1000,RIGHT(AI19,1)<>"0"),1,0)) -> 1 | AK19: =IF(E19="",N(AK18),IF(LEFT(TRIM(E19),5)="/time",N(AK18)+1,N(AK18))) -> 1 | AL19: =IFERROR(IF(ISNUMBER(--LEFT(TRIM(E19),1)),VALUE(LEFT(TRIM(E19),6)),""),"") -> 130402 | AM19: =IFERROR(VALUE(TRIM(MID(SUBSTITUTE(TRIM(E19)," ",REPT(" ",30)),31,30))),"") -> 51406.35 | AN19: =IFERROR(TRIM(MID(SUBSTITUTE(TRIM(E19)," ",REPT(" ",30)),61,30)),"") -> 95 | AO19: =IF(OR(AL19="",AM19="",AN19=""),0,IF(AND(AM19>1000,RIGHT(AN19,1)<>"0"),1,0)) -> 1 | AQ19: 11 | AR19: =COUNTIFS($Q$9:$Q$708,AQ19,$U$9:$U$708,1) -> 0 | AS19: {=IFERROR(SMALL(IF($Q$9:$Q$708=AQ19,$R$9:$R$708,""),1),"")} | AT19: {=IFERROR(LARGE(IF($Q$9:$Q$708=AQ19,$R$9:$R$708,""),1),"")} | AU19: {=IFERROR(MEDIAN(IF(($Q$9:$Q$708=AQ19)*($U$9:$U$708=1),$S$9:$S$708,"")),"")} | AV19: =IF(AU19="",0,COUNTIFS($Q$9:$Q$708,AQ19,$U$9:$U$708,1,$S$9:$S$708,">="&AU19-5,$S$9:$S$708,"<="&AU19+5)) -> 0 | AW19: =IF(AV19=0,"",ROUND(AVERAGEIFS($S$9:$S$708,$Q$9:$Q$708,AQ19,$U$9:$U$708,1,$S$9:$S$708,">="&AU19-5,$S$9:$S$708,"<="&AU19+5),2)) | AX19: =IF(AU19="","",COUNTIFS($Q$9:$Q$708,AQ19,$R$9:$R$708,">0")-AV19) | AY19: =IF(AS19="","",RANK(AS19,$AS$9:$AS$22,1)) | AZ19: 11 | BA19: =COUNTIFS($V$9:$V$708,AZ19,$Z$9:$Z$708,1) -> 30 | BB19: {=IFERROR(SMALL(IF($V$9:$V$708=AZ19,$W$9:$W$708,""),1),"")} -> 121237 | BC19: {=IFERROR(LARGE(IF($V$9:$V$708=AZ19,$W$9:$W$708,""),1),"")} -> 121502 | BD19: {=IFERROR(MEDIAN(IF(($V$9:$V$708=AZ19)*($Z$9:$Z$708=1),$X$9:$X$708,"")),"")} -> 52069.74 | BE19: =IF(BD19="",0,COUNTIFS($V$9:$V$708,AZ19,$Z$9:$Z$708,1,$X$9:$X$708,">="&BD19-5,$X$9:$X$708,"<="&BD19+5)) -> 24 | BF19: =IF(BE19=0,"",ROUND(AVERAGEIFS($X$9:$X$708,$V$9:$V$708,AZ19,$Z$9:$Z$708,1,$X$9:$X$708,">="&BD19-5,$X$9:$X$708,"<="&BD19+5),2)) -> 52070.23 | BG19: =IF(BD19="","",COUNTIFS($V$9:$V$708,AZ19,$W$9:$W$708,">0")-BE19) -> 6 | BH19: =IF(BB19="","",RANK(BB19,$BB$9:$BB$22,1)) -> 11 | BI19: 11 | BJ19: =COUNTIFS($AA$9:$AA$708,BI19,$AE$9:$AE$708,1) -> 0 | BK19: {=IFERROR(SMALL(IF($AA$9:$AA$708=BI19,$AB$9:$AB$708,""),1),"")} | BL19: {=IFERROR(LARGE(IF($AA$9:$AA$708=BI19,$AB$9:$AB$708,""),1),"")} | BM19: {=IFERROR(MEDIAN(IF(($AA$9:$AA$708=BI19)*($AE$9:$AE$708=1),$AC$9:$AC$708,"")),"")} | BN19: =IF(BM19="",0,COUNTIFS($AA$9:$AA$708,BI19,$AE$9:$AE$708,1,$AC$9:$AC$708,">="&BM19-5,$AC$9:$AC$708,"<="&BM19+5)) -> 0 | BO19: =IF(BN19=0,"",ROUND(AVERAGEIFS($AC$9:$AC$708,$AA$9:$AA$708,BI19,$AE$9:$AE$708,1,$AC$9:$AC$708,">="&BM19-5,$AC$9:$AC$708,"<="&BM19+5),2)) | BP19: =IF(BM19="","",COUNTIFS($AA$9:$AA$708,BI19,$AB$9:$AB$708,">0")-BN19) | BQ19: =IF(BK19="","",RANK(BK19,$BK$9:$BK$22,1)) | BR19: 11 | BS19: =COUNTIFS($AF$9:$AF$708,BR19,$AJ$9:$AJ$708,1) -> 0 | BT19: {=IFERROR(SMALL(IF($AF$9:$AF$708=BR19,$AG$9:$AG$708,""),1),"")} | BU19: {=IFERROR(LARGE(IF($AF$9:$AF$708=BR19,$AG$9:$AG$708,""),1),"")} | BV19: {=IFERROR(MEDIAN(IF(($AF$9:$AF$708=BR19)*($AJ$9:$AJ$708=1),$AH$9:$AH$708,"")),"")} | BW19: =IF(BV19="",0,COUNTIFS($AF$9:$AF$708,BR19,$AJ$9:$AJ$708,1,$AH$9:$AH$708,">="&BV19-5,$AH$9:$AH$708,"<="&BV19+5)) -> 0 | BX19: =IF(BW19=0,"",ROUND(AVERAGEIFS($AH$9:$AH$708,$AF$9:$AF$708,BR19,$AJ$9:$AJ$708,1,$AH$9:$AH$708,">="&BV19-5,$AH$9:$AH$708,"<="&BV19+5),2)) | BY19: =IF(BV19="","",COUNTIFS($AF$9:$AF$708,BR19,$AG$9:$AG$708,">0")-BW19) | BZ19: =IF(BT19="","",RANK(BT19,$BT$9:$BT$22,1)) | CA19: 11 | CB19: =COUNTIFS($AK$9:$AK$708,CA19,$AO$9:$AO$708,1) -> 0 | CC19: {=IFERROR(SMALL(IF($AK$9:$AK$708=CA19,$AL$9:$AL$708,""),1),"")} | CD19: {=IFERROR(LARGE(IF($AK$9:$AK$708=CA19,$AL$9:$AL$708,""),1),"")} | CE19: {=IFERROR(MEDIAN(IF(($AK$9:$AK$708=CA19)*($AO$9:$AO$708=1),$AM$9:$AM$708,"")),"")} | CF19: =IF(CE19="",0,COUNTIFS($AK$9:$AK$708,CA19,$AO$9:$AO$708,1,$AM$9:$AM$708,">="&CE19-5,$AM$9:$AM$708,"<="&CE19+5)) -> 0 | CG19: =IF(CF19=0,"",ROUND(AVERAGEIFS($AM$9:$AM$708,$AK$9:$AK$708,CA19,$AO$9:$AO$708,1,$AM$9:$AM$708,">="&CE19-5,$AM$9:$AM$708,"<="&CE19+5),2)) | CH19: =IF(CE19="","",COUNTIFS($AK$9:$AK$708,CA19,$AL$9:$AL$708,">0")-CF19) | CI19: =IF(CC19="","",RANK(CC19,$CC$9:$CC$22,1)) | CM19: 11_소천 신규점4
A20: =IF($CM$6=0,"",IF(INDEX('⑩ 원문 보관'!$A:$E,$CM$6+ROW()-9,COLUMN())="","",INDEX('⑩ 원문 보관'!$A:$E,$CM$6+ROW()-9,COLUMN()))) -> 111647.0 51389.29 96 | B20: =IF($CM$6=0,"",IF(INDEX('⑩ 원문 보관'!$A:$E,$CM$6+ROW()-9,COLUMN())="","",INDEX('⑩ 원문 보관'!$A:$E,$CM$6+ROW()-9,COLUMN()))) -> 114757.0 51389.02 97 | C20: =IF($CM$6=0,"",IF(INDEX('⑩ 원문 보관'!$A:$E,$CM$6+ROW()-9,COLUMN())="","",INDEX('⑩ 원문 보관'!$A:$E,$CM$6+ROW()-9,COLUMN()))) -> 121852.0 51388.76 97 | D20: =IF($CM$6=0,"",IF(INDEX('⑩ 원문 보관'!$A:$E,$CM$6+ROW()-9,COLUMN())="","",INDEX('⑩ 원문 보관'!$A:$E,$CM$6+ROW()-9,COLUMN()))) -> 123552.0 51396.99 63 | E20: =IF($CM$6=0,"",IF(INDEX('⑩ 원문 보관'!$A:$E,$CM$6+ROW()-9,COLUMN())="","",INDEX('⑩ 원문 보관'!$A:$E,$CM$6+ROW()-9,COLUMN()))) -> 130407.0 51406.04 95 | G20: P0(후) | H20: =IF(COUNT($AS$9:$AS$22)<2,"",IFERROR(INT(IFERROR(INDEX($AS$9:$AS$22,MATCH(COUNT($AS$9:$AS$22),$AY$9:$AY$22,0)),"")/100),"")) -> 1140 | I20: =IF(COUNT($AS$9:$AS$22)<2,"",IFERROR(INDEX($AW$9:$AW$22,MATCH(COUNT($AS$9:$AS$22),$AY$9:$AY$22,0)),"")) -> 51384.34 | J20: =IF(COUNT($BB$9:$BB$22)<2,"",IFERROR(INT(IFERROR(INDEX($BB$9:$BB$22,MATCH(COUNT($BB$9:$BB$22),$BH$9:$BH$22,0)),"")/100),"")) -> 1215 | K20: =IF(COUNT($BB$9:$BB$22)<2,"",IFERROR(INDEX($BF$9:$BF$22,MATCH(COUNT($BB$9:$BB$22),$BH$9:$BH$22,0)),"")) -> 51388.57 | L20: =IF(COUNT($BK$9:$BK$22)<2,"",IFERROR(INT(IFERROR(INDEX($BK$9:$BK$22,MATCH(COUNT($BK$9:$BK$22),$BQ$9:$BQ$22,0)),"")/100),"")) -> 1232 | M20: =IF(COUNT($BK$9:$BK$22)<2,"",IFERROR(INDEX($BO$9:$BO$22,MATCH(COUNT($BK$9:$BK$22),$BQ$9:$BQ$22,0)),"")) -> 51397.88 | N20: =IF(COUNT($BT$9:$BT$22)<2,"",IFERROR(INT(IFERROR(INDEX($BT$9:$BT$22,MATCH(COUNT($BT$9:$BT$22),$BZ$9:$BZ$22,0)),"")/100),"")) -> 1300 | O20: =IF(COUNT($BT$9:$BT$22)<2,"",IFERROR(INDEX($BX$9:$BX$22,MATCH(COUNT($BT$9:$BT$22),$BZ$9:$BZ$22,0)),"")) -> 51397.97 | Q20: =IF(A20="",N(Q19),IF(LEFT(TRIM(A20),5)="/time",N(Q19)+1,N(Q19))) -> 1 | R20: =IFERROR(IF(ISNUMBER(--LEFT(TRIM(A20),1)),VALUE(LEFT(TRIM(A20),6)),""),"") -> 111647 | S20: =IFERROR(VALUE(TRIM(MID(SUBSTITUTE(TRIM(A20)," ",REPT(" ",30)),31,30))),"") -> 51389.29 | T20: =IFERROR(TRIM(MID(SUBSTITUTE(TRIM(A20)," ",REPT(" ",30)),61,30)),"") -> 96 | U20: =IF(OR(R20="",S20="",T20=""),0,IF(AND(S20>1000,RIGHT(T20,1)<>"0"),1,0)) -> 1 | V20: =IF(B20="",N(V19),IF(LEFT(TRIM(B20),5)="/time",N(V19)+1,N(V19))) -> 1 | W20: =IFERROR(IF(ISNUMBER(--LEFT(TRIM(B20),1)),VALUE(LEFT(TRIM(B20),6)),""),"") -> 114757 | X20: =IFERROR(VALUE(TRIM(MID(SUBSTITUTE(TRIM(B20)," ",REPT(" ",30)),31,30))),"") -> 51389.02 | Y20: =IFERROR(TRIM(MID(SUBSTITUTE(TRIM(B20)," ",REPT(" ",30)),61,30)),"") -> 97 | Z20: =IF(OR(W20="",X20="",Y20=""),0,IF(AND(X20>1000,RIGHT(Y20,1)<>"0"),1,0)) -> 1 | AA20: =IF(C20="",N(AA19),IF(LEFT(TRIM(C20),5)="/time",N(AA19)+1,N(AA19))) -> 1 | AB20: =IFERROR(IF(ISNUMBER(--LEFT(TRIM(C20),1)),VALUE(LEFT(TRIM(C20),6)),""),"") -> 121852 | AC20: =IFERROR(VALUE(TRIM(MID(SUBSTITUTE(TRIM(C20)," ",REPT(" ",30)),31,30))),"") -> 51388.76 | AD20: =IFERROR(TRIM(MID(SUBSTITUTE(TRIM(C20)," ",REPT(" ",30)),61,30)),"") -> 97 | AE20: =IF(OR(AB20="",AC20="",AD20=""),0,IF(AND(AC20>1000,RIGHT(AD20,1)<>"0"),1,0)) -> 1 | AF20: =IF(D20="",N(AF19),IF(LEFT(TRIM(D20),5)="/time",N(AF19)+1,N(AF19))) -> 1 | AG20: =IFERROR(IF(ISNUMBER(--LEFT(TRIM(D20),1)),VALUE(LEFT(TRIM(D20),6)),""),"") -> 123552 | AH20: =IFERROR(VALUE(TRIM(MID(SUBSTITUTE(TRIM(D20)," ",REPT(" ",30)),31,30))),"") -> 51396.99 | AI20: =IFERROR(TRIM(MID(SUBSTITUTE(TRIM(D20)," ",REPT(" ",30)),61,30)),"") -> 63 | AJ20: =IF(OR(AG20="",AH20="",AI20=""),0,IF(AND(AH20>1000,RIGHT(AI20,1)<>"0"),1,0)) -> 1 | AK20: =IF(E20="",N(AK19),IF(LEFT(TRIM(E20),5)="/time",N(AK19)+1,N(AK19))) -> 1 | AL20: =IFERROR(IF(ISNUMBER(--LEFT(TRIM(E20),1)),VALUE(LEFT(TRIM(E20),6)),""),"") -> 130407 | AM20: =IFERROR(VALUE(TRIM(MID(SUBSTITUTE(TRIM(E20)," ",REPT(" ",30)),31,30))),"") -> 51406.04 | AN20: =IFERROR(TRIM(MID(SUBSTITUTE(TRIM(E20)," ",REPT(" ",30)),61,30)),"") -> 95 | AO20: =IF(OR(AL20="",AM20="",AN20=""),0,IF(AND(AM20>1000,RIGHT(AN20,1)<>"0"),1,0)) -> 1 | AQ20: 12 | AR20: =COUNTIFS($Q$9:$Q$708,AQ20,$U$9:$U$708,1) -> 0 | AS20: {=IFERROR(SMALL(IF($Q$9:$Q$708=AQ20,$R$9:$R$708,""),1),"")} | AT20: {=IFERROR(LARGE(IF($Q$9:$Q$708=AQ20,$R$9:$R$708,""),1),"")} | AU20: {=IFERROR(MEDIAN(IF(($Q$9:$Q$708=AQ20)*($U$9:$U$708=1),$S$9:$S$708,"")),"")} | AV20: =IF(AU20="",0,COUNTIFS($Q$9:$Q$708,AQ20,$U$9:$U$708,1,$S$9:$S$708,">="&AU20-5,$S$9:$S$708,"<="&AU20+5)) -> 0 | AW20: =IF(AV20=0,"",ROUND(AVERAGEIFS($S$9:$S$708,$Q$9:$Q$708,AQ20,$U$9:$U$708,1,$S$9:$S$708,">="&AU20-5,$S$9:$S$708,"<="&AU20+5),2)) | AX20: =IF(AU20="","",COUNTIFS($Q$9:$Q$708,AQ20,$R$9:$R$708,">0")-AV20) | AY20: =IF(AS20="","",RANK(AS20,$AS$9:$AS$22,1)) | AZ20: 12 | BA20: =COUNTIFS($V$9:$V$708,AZ20,$Z$9:$Z$708,1) -> 27 | BB20: {=IFERROR(SMALL(IF($V$9:$V$708=AZ20,$W$9:$W$708,""),1),"")} -> 121557 | BC20: {=IFERROR(LARGE(IF($V$9:$V$708=AZ20,$W$9:$W$708,""),1),"")} -> 121807 | BD20: {=IFERROR(MEDIAN(IF(($V$9:$V$708=AZ20)*($Z$9:$Z$708=1),$X$9:$X$708,"")),"")} -> 51388.55 | BE20: =IF(BD20="",0,COUNTIFS($V$9:$V$708,AZ20,$Z$9:$Z$708,1,$X$9:$X$708,">="&BD20-5,$X$9:$X$708,"<="&BD20+5)) -> 27 | BF20: =IF(BE20=0,"",ROUND(AVERAGEIFS($X$9:$X$708,$V$9:$V$708,AZ20,$Z$9:$Z$708,1,$X$9:$X$708,">="&BD20-5,$X$9:$X$708,"<="&BD20+5),2)) -> 51388.57 | BG20: =IF(BD20="","",COUNTIFS($V$9:$V$708,AZ20,$W$9:$W$708,">0")-BE20) -> 0 | BH20: =IF(BB20="","",RANK(BB20,$BB$9:$BB$22,1)) -> 12 | BI20: 12 | BJ20: =COUNTIFS($AA$9:$AA$708,BI20,$AE$9:$AE$708,1) -> 0 | BK20: {=IFERROR(SMALL(IF($AA$9:$AA$708=BI20,$AB$9:$AB$708,""),1),"")} | BL20: {=IFERROR(LARGE(IF($AA$9:$AA$708=BI20,$AB$9:$AB$708,""),1),"")} | BM20: {=IFERROR(MEDIAN(IF(($AA$9:$AA$708=BI20)*($AE$9:$AE$708=1),$AC$9:$AC$708,"")),"")} | BN20: =IF(BM20="",0,COUNTIFS($AA$9:$AA$708,BI20,$AE$9:$AE$708,1,$AC$9:$AC$708,">="&BM20-5,$AC$9:$AC$708,"<="&BM20+5)) -> 0 | BO20: =IF(BN20=0,"",ROUND(AVERAGEIFS($AC$9:$AC$708,$AA$9:$AA$708,BI20,$AE$9:$AE$708,1,$AC$9:$AC$708,">="&BM20-5,$AC$9:$AC$708,"<="&BM20+5),2)) | BP20: =IF(BM20="","",COUNTIFS($AA$9:$AA$708,BI20,$AB$9:$AB$708,">0")-BN20) | BQ20: =IF(BK20="","",RANK(BK20,$BK$9:$BK$22,1)) | BR20: 12 | BS20: =COUNTIFS($AF$9:$AF$708,BR20,$AJ$9:$AJ$708,1) -> 0 | BT20: {=IFERROR(SMALL(IF($AF$9:$AF$708=BR20,$AG$9:$AG$708,""),1),"")} | BU20: {=IFERROR(LARGE(IF($AF$9:$AF$708=BR20,$AG$9:$AG$708,""),1),"")} | BV20: {=IFERROR(MEDIAN(IF(($AF$9:$AF$708=BR20)*($AJ$9:$AJ$708=1),$AH$9:$AH$708,"")),"")} | BW20: =IF(BV20="",0,COUNTIFS($AF$9:$AF$708,BR20,$AJ$9:$AJ$708,1,$AH$9:$AH$708,">="&BV20-5,$AH$9:$AH$708,"<="&BV20+5)) -> 0 | BX20: =IF(BW20=0,"",ROUND(AVERAGEIFS($AH$9:$AH$708,$AF$9:$AF$708,BR20,$AJ$9:$AJ$708,1,$AH$9:$AH$708,">="&BV20-5,$AH$9:$AH$708,"<="&BV20+5),2)) | BY20: =IF(BV20="","",COUNTIFS($AF$9:$AF$708,BR20,$AG$9:$AG$708,">0")-BW20) | BZ20: =IF(BT20="","",RANK(BT20,$BT$9:$BT$22,1)) | CA20: 12 | CB20: =COUNTIFS($AK$9:$AK$708,CA20,$AO$9:$AO$708,1) -> 0 | CC20: {=IFERROR(SMALL(IF($AK$9:$AK$708=CA20,$AL$9:$AL$708,""),1),"")} | CD20: {=IFERROR(LARGE(IF($AK$9:$AK$708=CA20,$AL$9:$AL$708,""),1),"")} | CE20: {=IFERROR(MEDIAN(IF(($AK$9:$AK$708=CA20)*($AO$9:$AO$708=1),$AM$9:$AM$708,"")),"")} | CF20: =IF(CE20="",0,COUNTIFS($AK$9:$AK$708,CA20,$AO$9:$AO$708,1,$AM$9:$AM$708,">="&CE20-5,$AM$9:$AM$708,"<="&CE20+5)) -> 0 | CG20: =IF(CF20=0,"",ROUND(AVERAGEIFS($AM$9:$AM$708,$AK$9:$AK$708,CA20,$AO$9:$AO$708,1,$AM$9:$AM$708,">="&CE20-5,$AM$9:$AM$708,"<="&CE20+5),2)) | CH20: =IF(CE20="","",COUNTIFS($AK$9:$AK$708,CA20,$AL$9:$AL$708,">0")-CF20) | CI20: =IF(CC20="","",RANK(CC20,$CC$9:$CC$22,1)) | CM20: 12_순창 신규점
A21: =IF($CM$6=0,"",IF(INDEX('⑩ 원문 보관'!$A:$E,$CM$6+ROW()-9,COLUMN())="","",INDEX('⑩ 원문 보관'!$A:$E,$CM$6+ROW()-9,COLUMN()))) -> 111652.0 51389.41 96 | B21: =IF($CM$6=0,"",IF(INDEX('⑩ 원문 보관'!$A:$E,$CM$6+ROW()-9,COLUMN())="","",INDEX('⑩ 원문 보관'!$A:$E,$CM$6+ROW()-9,COLUMN()))) -> 114802.0 51389.08 96 | C21: =IF($CM$6=0,"",IF(INDEX('⑩ 원문 보관'!$A:$E,$CM$6+ROW()-9,COLUMN())="","",INDEX('⑩ 원문 보관'!$A:$E,$CM$6+ROW()-9,COLUMN()))) -> 121857.0 51388.69 98 | D21: =IF($CM$6=0,"",IF(INDEX('⑩ 원문 보관'!$A:$E,$CM$6+ROW()-9,COLUMN())="","",INDEX('⑩ 원문 보관'!$A:$E,$CM$6+ROW()-9,COLUMN()))) -> 123557.0 51398.72 53 | E21: =IF($CM$6=0,"",IF(INDEX('⑩ 원문 보관'!$A:$E,$CM$6+ROW()-9,COLUMN())="","",INDEX('⑩ 원문 보관'!$A:$E,$CM$6+ROW()-9,COLUMN()))) -> 130412.0 51406.18 95 | G21: 수직 — 삼각대 파일 블록을 시각순으로 봉 4 → 3 → 2 → 1 | Q21: =IF(A21="",N(Q20),IF(LEFT(TRIM(A21),5)="/time",N(Q20)+1,N(Q20))) -> 1 | R21: =IFERROR(IF(ISNUMBER(--LEFT(TRIM(A21),1)),VALUE(LEFT(TRIM(A21),6)),""),"") -> 111652 | S21: =IFERROR(VALUE(TRIM(MID(SUBSTITUTE(TRIM(A21)," ",REPT(" ",30)),31,30))),"") -> 51389.41 | T21: =IFERROR(TRIM(MID(SUBSTITUTE(TRIM(A21)," ",REPT(" ",30)),61,30)),"") -> 96 | U21: =IF(OR(R21="",S21="",T21=""),0,IF(AND(S21>1000,RIGHT(T21,1)<>"0"),1,0)) -> 1 | V21: =IF(B21="",N(V20),IF(LEFT(TRIM(B21),5)="/time",N(V20)+1,N(V20))) -> 1 | W21: =IFERROR(IF(ISNUMBER(--LEFT(TRIM(B21),1)),VALUE(LEFT(TRIM(B21),6)),""),"") -> 114802 | X21: =IFERROR(VALUE(TRIM(MID(SUBSTITUTE(TRIM(B21)," ",REPT(" ",30)),31,30))),"") -> 51389.08 | Y21: =IFERROR(TRIM(MID(SUBSTITUTE(TRIM(B21)," ",REPT(" ",30)),61,30)),"") -> 96 | Z21: =IF(OR(W21="",X21="",Y21=""),0,IF(AND(X21>1000,RIGHT(Y21,1)<>"0"),1,0)) -> 1 | AA21: =IF(C21="",N(AA20),IF(LEFT(TRIM(C21),5)="/time",N(AA20)+1,N(AA20))) -> 1 | AB21: =IFERROR(IF(ISNUMBER(--LEFT(TRIM(C21),1)),VALUE(LEFT(TRIM(C21),6)),""),"") -> 121857 | AC21: =IFERROR(VALUE(TRIM(MID(SUBSTITUTE(TRIM(C21)," ",REPT(" ",30)),31,30))),"") -> 51388.69 | AD21: =IFERROR(TRIM(MID(SUBSTITUTE(TRIM(C21)," ",REPT(" ",30)),61,30)),"") -> 98 | AE21: =IF(OR(AB21="",AC21="",AD21=""),0,IF(AND(AC21>1000,RIGHT(AD21,1)<>"0"),1,0)) -> 1 | AF21: =IF(D21="",N(AF20),IF(LEFT(TRIM(D21),5)="/time",N(AF20)+1,N(AF20))) -> 1 | AG21: =IFERROR(IF(ISNUMBER(--LEFT(TRIM(D21),1)),VALUE(LEFT(TRIM(D21),6)),""),"") -> 123557 | AH21: =IFERROR(VALUE(TRIM(MID(SUBSTITUTE(TRIM(D21)," ",REPT(" ",30)),31,30))),"") -> 51398.72 | AI21: =IFERROR(TRIM(MID(SUBSTITUTE(TRIM(D21)," ",REPT(" ",30)),61,30)),"") -> 53 | AJ21: =IF(OR(AG21="",AH21="",AI21=""),0,IF(AND(AH21>1000,RIGHT(AI21,1)<>"0"),1,0)) -> 1 | AK21: =IF(E21="",N(AK20),IF(LEFT(TRIM(E21),5)="/time",N(AK20)+1,N(AK20))) -> 1 | AL21: =IFERROR(IF(ISNUMBER(--LEFT(TRIM(E21),1)),VALUE(LEFT(TRIM(E21),6)),""),"") -> 130412 | AM21: =IFERROR(VALUE(TRIM(MID(SUBSTITUTE(TRIM(E21)," ",REPT(" ",30)),31,30))),"") -> 51406.18 | AN21: =IFERROR(TRIM(MID(SUBSTITUTE(TRIM(E21)," ",REPT(" ",30)),61,30)),"") -> 95 | AO21: =IF(OR(AL21="",AM21="",AN21=""),0,IF(AND(AM21>1000,RIGHT(AN21,1)<>"0"),1,0)) -> 1 | AQ21: 13 | AR21: =COUNTIFS($Q$9:$Q$708,AQ21,$U$9:$U$708,1) -> 0 | AS21: {=IFERROR(SMALL(IF($Q$9:$Q$708=AQ21,$R$9:$R$708,""),1),"")} | AT21: {=IFERROR(LARGE(IF($Q$9:$Q$708=AQ21,$R$9:$R$708,""),1),"")} | AU21: {=IFERROR(MEDIAN(IF(($Q$9:$Q$708=AQ21)*($U$9:$U$708=1),$S$9:$S$708,"")),"")} | AV21: =IF(AU21="",0,COUNTIFS($Q$9:$Q$708,AQ21,$U$9:$U$708,1,$S$9:$S$708,">="&AU21-5,$S$9:$S$708,"<="&AU21+5)) -> 0 | AW21: =IF(AV21=0,"",ROUND(AVERAGEIFS($S$9:$S$708,$Q$9:$Q$708,AQ21,$U$9:$U$708,1,$S$9:$S$708,">="&AU21-5,$S$9:$S$708,"<="&AU21+5),2)) | AX21: =IF(AU21="","",COUNTIFS($Q$9:$Q$708,AQ21,$R$9:$R$708,">0")-AV21) | AY21: =IF(AS21="","",RANK(AS21,$AS$9:$AS$22,1)) | AZ21: 13 | BA21: =COUNTIFS($V$9:$V$708,AZ21,$Z$9:$Z$708,1) -> 0 | BB21: {=IFERROR(SMALL(IF($V$9:$V$708=AZ21,$W$9:$W$708,""),1),"")} | BC21: {=IFERROR(LARGE(IF($V$9:$V$708=AZ21,$W$9:$W$708,""),1),"")} | BD21: {=IFERROR(MEDIAN(IF(($V$9:$V$708=AZ21)*($Z$9:$Z$708=1),$X$9:$X$708,"")),"")} | BE21: =IF(BD21="",0,COUNTIFS($V$9:$V$708,AZ21,$Z$9:$Z$708,1,$X$9:$X$708,">="&BD21-5,$X$9:$X$708,"<="&BD21+5)) -> 0 | BF21: =IF(BE21=0,"",ROUND(AVERAGEIFS($X$9:$X$708,$V$9:$V$708,AZ21,$Z$9:$Z$708,1,$X$9:$X$708,">="&BD21-5,$X$9:$X$708,"<="&BD21+5),2)) | BG21: =IF(BD21="","",COUNTIFS($V$9:$V$708,AZ21,$W$9:$W$708,">0")-BE21) | BH21: =IF(BB21="","",RANK(BB21,$BB$9:$BB$22,1)) | BI21: 13 | BJ21: =COUNTIFS($AA$9:$AA$708,BI21,$AE$9:$AE$708,1) -> 0 | BK21: {=IFERROR(SMALL(IF($AA$9:$AA$708=BI21,$AB$9:$AB$708,""),1),"")} | BL21: {=IFERROR(LARGE(IF($AA$9:$AA$708=BI21,$AB$9:$AB$708,""),1),"")} | BM21: {=IFERROR(MEDIAN(IF(($AA$9:$AA$708=BI21)*($AE$9:$AE$708=1),$AC$9:$AC$708,"")),"")} | BN21: =IF(BM21="",0,COUNTIFS($AA$9:$AA$708,BI21,$AE$9:$AE$708,1,$AC$9:$AC$708,">="&BM21-5,$AC$9:$AC$708,"<="&BM21+5)) -> 0 | BO21: =IF(BN21=0,"",ROUND(AVERAGEIFS($AC$9:$AC$708,$AA$9:$AA$708,BI21,$AE$9:$AE$708,1,$AC$9:$AC$708,">="&BM21-5,$AC$9:$AC$708,"<="&BM21+5),2)) | BP21: =IF(BM21="","",COUNTIFS($AA$9:$AA$708,BI21,$AB$9:$AB$708,">0")-BN21) | BQ21: =IF(BK21="","",RANK(BK21,$BK$9:$BK$22,1)) | BR21: 13 | BS21: =COUNTIFS($AF$9:$AF$708,BR21,$AJ$9:$AJ$708,1) -> 0 | BT21: {=IFERROR(SMALL(IF($AF$9:$AF$708=BR21,$AG$9:$AG$708,""),1),"")} | BU21: {=IFERROR(LARGE(IF($AF$9:$AF$708=BR21,$AG$9:$AG$708,""),1),"")} | BV21: {=IFERROR(MEDIAN(IF(($AF$9:$AF$708=BR21)*($AJ$9:$AJ$708=1),$AH$9:$AH$708,"")),"")} | BW21: =IF(BV21="",0,COUNTIFS($AF$9:$AF$708,BR21,$AJ$9:$AJ$708,1,$AH$9:$AH$708,">="&BV21-5,$AH$9:$AH$708,"<="&BV21+5)) -> 0 | BX21: =IF(BW21=0,"",ROUND(AVERAGEIFS($AH$9:$AH$708,$AF$9:$AF$708,BR21,$AJ$9:$AJ$708,1,$AH$9:$AH$708,">="&BV21-5,$AH$9:$AH$708,"<="&BV21+5),2)) | BY21: =IF(BV21="","",COUNTIFS($AF$9:$AF$708,BR21,$AG$9:$AG$708,">0")-BW21) | BZ21: =IF(BT21="","",RANK(BT21,$BT$9:$BT$22,1)) | CA21: 13 | CB21: =COUNTIFS($AK$9:$AK$708,CA21,$AO$9:$AO$708,1) -> 0 | CC21: {=IFERROR(SMALL(IF($AK$9:$AK$708=CA21,$AL$9:$AL$708,""),1),"")} | CD21: {=IFERROR(LARGE(IF($AK$9:$AK$708=CA21,$AL$9:$AL$708,""),1),"")} | CE21: {=IFERROR(MEDIAN(IF(($AK$9:$AK$708=CA21)*($AO$9:$AO$708=1),$AM$9:$AM$708,"")),"")} | CF21: =IF(CE21="",0,COUNTIFS($AK$9:$AK$708,CA21,$AO$9:$AO$708,1,$AM$9:$AM$708,">="&CE21-5,$AM$9:$AM$708,"<="&CE21+5)) -> 0 | CG21: =IF(CF21=0,"",ROUND(AVERAGEIFS($AM$9:$AM$708,$AK$9:$AK$708,CA21,$AO$9:$AO$708,1,$AM$9:$AM$708,">="&CE21-5,$AM$9:$AM$708,"<="&CE21+5),2)) | CH21: =IF(CE21="","",COUNTIFS($AK$9:$AK$708,CA21,$AL$9:$AL$708,">0")-CF21) | CI21: =IF(CC21="","",RANK(CC21,$CC$9:$CC$22,1)) | CM21: 13_순천 신규점
A22: =IF($CM$6=0,"",IF(INDEX('⑩ 원문 보관'!$A:$E,$CM$6+ROW()-9,COLUMN())="","",INDEX('⑩ 원문 보관'!$A:$E,$CM$6+ROW()-9,COLUMN()))) -> 111657.0 51389.32 96 | B22: =IF($CM$6=0,"",IF(INDEX('⑩ 원문 보관'!$A:$E,$CM$6+ROW()-9,COLUMN())="","",INDEX('⑩ 원문 보관'!$A:$E,$CM$6+ROW()-9,COLUMN()))) -> 114807.0 51389.02 96 | C22: =IF($CM$6=0,"",IF(INDEX('⑩ 원문 보관'!$A:$E,$CM$6+ROW()-9,COLUMN())="","",INDEX('⑩ 원문 보관'!$A:$E,$CM$6+ROW()-9,COLUMN()))) -> 121902.0 51388.65 97 | D22: =IF($CM$6=0,"",IF(INDEX('⑩ 원문 보관'!$A:$E,$CM$6+ROW()-9,COLUMN())="","",INDEX('⑩ 원문 보관'!$A:$E,$CM$6+ROW()-9,COLUMN()))) -> 123602.0 51399.46 44 | E22: =IF($CM$6=0,"",IF(INDEX('⑩ 원문 보관'!$A:$E,$CM$6+ROW()-9,COLUMN())="","",INDEX('⑩ 원문 보관'!$A:$E,$CM$6+ROW()-9,COLUMN()))) -> 130417.0 51406.10 96 | G22: 봉 번호 | H22: 높이 | I22: 평균 F(nT) | J22: 읽은 시각 | L22: 비고 | Q22: =IF(A22="",N(Q21),IF(LEFT(TRIM(A22),5)="/time",N(Q21)+1,N(Q21))) -> 1 | R22: =IFERROR(IF(ISNUMBER(--LEFT(TRIM(A22),1)),VALUE(LEFT(TRIM(A22),6)),""),"") -> 111657 | S22: =IFERROR(VALUE(TRIM(MID(SUBSTITUTE(TRIM(A22)," ",REPT(" ",30)),31,30))),"") -> 51389.32 | T22: =IFERROR(TRIM(MID(SUBSTITUTE(TRIM(A22)," ",REPT(" ",30)),61,30)),"") -> 96 | U22: =IF(OR(R22="",S22="",T22=""),0,IF(AND(S22>1000,RIGHT(T22,1)<>"0"),1,0)) -> 1 | V22: =IF(B22="",N(V21),IF(LEFT(TRIM(B22),5)="/time",N(V21)+1,N(V21))) -> 1 | W22: =IFERROR(IF(ISNUMBER(--LEFT(TRIM(B22),1)),VALUE(LEFT(TRIM(B22),6)),""),"") -> 114807 | X22: =IFERROR(VALUE(TRIM(MID(SUBSTITUTE(TRIM(B22)," ",REPT(" ",30)),31,30))),"") -> 51389.02 | Y22: =IFERROR(TRIM(MID(SUBSTITUTE(TRIM(B22)," ",REPT(" ",30)),61,30)),"") -> 96 | Z22: =IF(OR(W22="",X22="",Y22=""),0,IF(AND(X22>1000,RIGHT(Y22,1)<>"0"),1,0)) -> 1 | AA22: =IF(C22="",N(AA21),IF(LEFT(TRIM(C22),5)="/time",N(AA21)+1,N(AA21))) -> 1 | AB22: =IFERROR(IF(ISNUMBER(--LEFT(TRIM(C22),1)),VALUE(LEFT(TRIM(C22),6)),""),"") -> 121902 | AC22: =IFERROR(VALUE(TRIM(MID(SUBSTITUTE(TRIM(C22)," ",REPT(" ",30)),31,30))),"") -> 51388.65 | AD22: =IFERROR(TRIM(MID(SUBSTITUTE(TRIM(C22)," ",REPT(" ",30)),61,30)),"") -> 97 | AE22: =IF(OR(AB22="",AC22="",AD22=""),0,IF(AND(AC22>1000,RIGHT(AD22,1)<>"0"),1,0)) -> 1 | AF22: =IF(D22="",N(AF21),IF(LEFT(TRIM(D22),5)="/time",N(AF21)+1,N(AF21))) -> 1 | AG22: =IFERROR(IF(ISNUMBER(--LEFT(TRIM(D22),1)),VALUE(LEFT(TRIM(D22),6)),""),"") -> 123602 | AH22: =IFERROR(VALUE(TRIM(MID(SUBSTITUTE(TRIM(D22)," ",REPT(" ",30)),31,30))),"") -> 51399.46 | AI22: =IFERROR(TRIM(MID(SUBSTITUTE(TRIM(D22)," ",REPT(" ",30)),61,30)),"") -> 44 | AJ22: =IF(OR(AG22="",AH22="",AI22=""),0,IF(AND(AH22>1000,RIGHT(AI22,1)<>"0"),1,0)) -> 1 | AK22: =IF(E22="",N(AK21),IF(LEFT(TRIM(E22),5)="/time",N(AK21)+1,N(AK21))) -> 1 | AL22: =IFERROR(IF(ISNUMBER(--LEFT(TRIM(E22),1)),VALUE(LEFT(TRIM(E22),6)),""),"") -> 130417 | AM22: =IFERROR(VALUE(TRIM(MID(SUBSTITUTE(TRIM(E22)," ",REPT(" ",30)),31,30))),"") -> 51406.1 | AN22: =IFERROR(TRIM(MID(SUBSTITUTE(TRIM(E22)," ",REPT(" ",30)),61,30)),"") -> 96 | AO22: =IF(OR(AL22="",AM22="",AN22=""),0,IF(AND(AM22>1000,RIGHT(AN22,1)<>"0"),1,0)) -> 1 | AQ22: 14 | AR22: =COUNTIFS($Q$9:$Q$708,AQ22,$U$9:$U$708,1) -> 0 | AS22: {=IFERROR(SMALL(IF($Q$9:$Q$708=AQ22,$R$9:$R$708,""),1),"")} | AT22: {=IFERROR(LARGE(IF($Q$9:$Q$708=AQ22,$R$9:$R$708,""),1),"")} | AU22: {=IFERROR(MEDIAN(IF(($Q$9:$Q$708=AQ22)*($U$9:$U$708=1),$S$9:$S$708,"")),"")} | AV22: =IF(AU22="",0,COUNTIFS($Q$9:$Q$708,AQ22,$U$9:$U$708,1,$S$9:$S$708,">="&AU22-5,$S$9:$S$708,"<="&AU22+5)) -> 0 | AW22: =IF(AV22=0,"",ROUND(AVERAGEIFS($S$9:$S$708,$Q$9:$Q$708,AQ22,$U$9:$U$708,1,$S$9:$S$708,">="&AU22-5,$S$9:$S$708,"<="&AU22+5),2)) | AX22: =IF(AU22="","",COUNTIFS($Q$9:$Q$708,AQ22,$R$9:$R$708,">0")-AV22) | AY22: =IF(AS22="","",RANK(AS22,$AS$9:$AS$22,1)) | AZ22: 14 | BA22: =COUNTIFS($V$9:$V$708,AZ22,$Z$9:$Z$708,1) -> 0 | BB22: {=IFERROR(SMALL(IF($V$9:$V$708=AZ22,$W$9:$W$708,""),1),"")} | BC22: {=IFERROR(LARGE(IF($V$9:$V$708=AZ22,$W$9:$W$708,""),1),"")} | BD22: {=IFERROR(MEDIAN(IF(($V$9:$V$708=AZ22)*($Z$9:$Z$708=1),$X$9:$X$708,"")),"")} | BE22: =IF(BD22="",0,COUNTIFS($V$9:$V$708,AZ22,$Z$9:$Z$708,1,$X$9:$X$708,">="&BD22-5,$X$9:$X$708,"<="&BD22+5)) -> 0 | BF22: =IF(BE22=0,"",ROUND(AVERAGEIFS($X$9:$X$708,$V$9:$V$708,AZ22,$Z$9:$Z$708,1,$X$9:$X$708,">="&BD22-5,$X$9:$X$708,"<="&BD22+5),2)) | BG22: =IF(BD22="","",COUNTIFS($V$9:$V$708,AZ22,$W$9:$W$708,">0")-BE22) | BH22: =IF(BB22="","",RANK(BB22,$BB$9:$BB$22,1)) | BI22: 14 | BJ22: =COUNTIFS($AA$9:$AA$708,BI22,$AE$9:$AE$708,1) -> 0 | BK22: {=IFERROR(SMALL(IF($AA$9:$AA$708=BI22,$AB$9:$AB$708,""),1),"")} | BL22: {=IFERROR(LARGE(IF($AA$9:$AA$708=BI22,$AB$9:$AB$708,""),1),"")} | BM22: {=IFERROR(MEDIAN(IF(($AA$9:$AA$708=BI22)*($AE$9:$AE$708=1),$AC$9:$AC$708,"")),"")} | BN22: =IF(BM22="",0,COUNTIFS($AA$9:$AA$708,BI22,$AE$9:$AE$708,1,$AC$9:$AC$708,">="&BM22-5,$AC$9:$AC$708,"<="&BM22+5)) -> 0 | BO22: =IF(BN22=0,"",ROUND(AVERAGEIFS($AC$9:$AC$708,$AA$9:$AA$708,BI22,$AE$9:$AE$708,1,$AC$9:$AC$708,">="&BM22-5,$AC$9:$AC$708,"<="&BM22+5),2)) | BP22: =IF(BM22="","",COUNTIFS($AA$9:$AA$708,BI22,$AB$9:$AB$708,">0")-BN22) | BQ22: =IF(BK22="","",RANK(BK22,$BK$9:$BK$22,1)) | BR22: 14 | BS22: =COUNTIFS($AF$9:$AF$708,BR22,$AJ$9:$AJ$708,1) -> 0 | BT22: {=IFERROR(SMALL(IF($AF$9:$AF$708=BR22,$AG$9:$AG$708,""),1),"")} | BU22: {=IFERROR(LARGE(IF($AF$9:$AF$708=BR22,$AG$9:$AG$708,""),1),"")} | BV22: {=IFERROR(MEDIAN(IF(($AF$9:$AF$708=BR22)*($AJ$9:$AJ$708=1),$AH$9:$AH$708,"")),"")} | BW22: =IF(BV22="",0,COUNTIFS($AF$9:$AF$708,BR22,$AJ$9:$AJ$708,1,$AH$9:$AH$708,">="&BV22-5,$AH$9:$AH$708,"<="&BV22+5)) -> 0 | BX22: =IF(BW22=0,"",ROUND(AVERAGEIFS($AH$9:$AH$708,$AF$9:$AF$708,BR22,$AJ$9:$AJ$708,1,$AH$9:$AH$708,">="&BV22-5,$AH$9:$AH$708,"<="&BV22+5),2)) | BY22: =IF(BV22="","",COUNTIFS($AF$9:$AF$708,BR22,$AG$9:$AG$708,">0")-BW22) | BZ22: =IF(BT22="","",RANK(BT22,$BT$9:$BT$22,1)) | CA22: 14 | CB22: =COUNTIFS($AK$9:$AK$708,CA22,$AO$9:$AO$708,1) -> 0 | CC22: {=IFERROR(SMALL(IF($AK$9:$AK$708=CA22,$AL$9:$AL$708,""),1),"")} | CD22: {=IFERROR(LARGE(IF($AK$9:$AK$708=CA22,$AL$9:$AL$708,""),1),"")} | CE22: {=IFERROR(MEDIAN(IF(($AK$9:$AK$708=CA22)*($AO$9:$AO$708=1),$AM$9:$AM$708,"")),"")} | CF22: =IF(CE22="",0,COUNTIFS($AK$9:$AK$708,CA22,$AO$9:$AO$708,1,$AM$9:$AM$708,">="&CE22-5,$AM$9:$AM$708,"<="&CE22+5)) -> 0 | CG22: =IF(CF22=0,"",ROUND(AVERAGEIFS($AM$9:$AM$708,$AK$9:$AK$708,CA22,$AO$9:$AO$708,1,$AM$9:$AM$708,">="&CE22-5,$AM$9:$AM$708,"<="&CE22+5),2)) | CH22: =IF(CE22="","",COUNTIFS($AK$9:$AK$708,CA22,$AL$9:$AL$708,">0")-CF22) | CI22: =IF(CC22="","",RANK(CC22,$CC$9:$CC$22,1)) | CM22: 14_청송 신규점1
A23: =IF($CM$6=0,"",IF(INDEX('⑩ 원문 보관'!$A:$E,$CM$6+ROW()-9,COLUMN())="","",INDEX('⑩ 원문 보관'!$A:$E,$CM$6+ROW()-9,COLUMN()))) -> 111702.0 51388.97 96 | B23: =IF($CM$6=0,"",IF(INDEX('⑩ 원문 보관'!$A:$E,$CM$6+ROW()-9,COLUMN())="","",INDEX('⑩ 원문 보관'!$A:$E,$CM$6+ROW()-9,COLUMN()))) -> 114812.0 51389.14 96 | C23: =IF($CM$6=0,"",IF(INDEX('⑩ 원문 보관'!$A:$E,$CM$6+ROW()-9,COLUMN())="","",INDEX('⑩ 원문 보관'!$A:$E,$CM$6+ROW()-9,COLUMN()))) -> 121907.0 51388.75 97 | D23: =IF($CM$6=0,"",IF(INDEX('⑩ 원문 보관'!$A:$E,$CM$6+ROW()-9,COLUMN())="","",INDEX('⑩ 원문 보관'!$A:$E,$CM$6+ROW()-9,COLUMN()))) -> 123607.0 51398.88 64 | E23: =IF($CM$6=0,"",IF(INDEX('⑩ 원문 보관'!$A:$E,$CM$6+ROW()-9,COLUMN())="","",INDEX('⑩ 원문 보관'!$A:$E,$CM$6+ROW()-9,COLUMN()))) -> 130422.0 51406.35 95 | G23: 봉 4 | H23: 185 cm | I23: =IFERROR(INDEX($CG$9:$CG$22,MATCH(1,$CI$9:$CI$22,0)),"") -> 51406.33 | J23: =IF(IFERROR(INDEX($CC$9:$CC$22,MATCH(1,$CI$9:$CI$22,0)),"")="","",TEXT(INT(IFERROR(INDEX($CC$9:$CC$22,MATCH(1,$CI$9:$CI$22,0)),"")/10000),"00")&":"&TEXT(MOD(INT(IFERROR(INDEX($CC$9:$CC$22,MATCH(1,$CI$9:$CI$22,0)),"")/100),100),"00")&":"&TEXT(MOD(IFERROR(INDEX($CC$9:$CC$22,MATCH(1,$CI$9:$CI$22,0)),""),100),"00")&"~"&TEXT(INT(IFERROR(INDEX($CD$9:$CD$22,MATCH(1,$CI$9:$CI$22,0)),"")/10000),"00")&":"&TEXT(MOD(INT(IFERROR(INDEX($CD$9:$CD$22,MATCH(1,$CI$9:$CI$22,0)),"")/100),100),"00")&":"&TEXT(MOD(IFERROR(INDEX($CD$9:$CD$22,MATCH(1,$CI$9:$CI$22,0)),""),100),"00")) -> 13:03:52~13:06:02 | L23: =IF(IFERROR(INDEX($CF$9:$CF$22,MATCH(1,$CI$9:$CI$22,0)),"")=0,"",IFERROR(INDEX($CF$9:$CF$22,MATCH(1,$CI$9:$CI$22,0)),"")&"회 평균"&IF(IFERROR(INDEX($CH$9:$CH$22,MATCH(1,$CI$9:$CI$22,0)),"")>0," · "&IFERROR(INDEX($CH$9:$CH$22,MATCH(1,$CI$9:$CI$22,0)),"")&"회 제외","")&IF(IFERROR(INDEX($CF$9:$CF$22,MATCH(1,$CI$9:$CI$22,0)),"")<10," · 읽음이 적습니다 — 재측정 확인","")) -> 27회 평균 | Q23: =IF(A23="",N(Q22),IF(LEFT(TRIM(A23),5)="/time",N(Q22)+1,N(Q22))) -> 1 | R23: =IFERROR(IF(ISNUMBER(--LEFT(TRIM(A23),1)),VALUE(LEFT(TRIM(A23),6)),""),"") -> 111702 | S23: =IFERROR(VALUE(TRIM(MID(SUBSTITUTE(TRIM(A23)," ",REPT(" ",30)),31,30))),"") -> 51388.97 | T23: =IFERROR(TRIM(MID(SUBSTITUTE(TRIM(A23)," ",REPT(" ",30)),61,30)),"") -> 96 | U23: =IF(OR(R23="",S23="",T23=""),0,IF(AND(S23>1000,RIGHT(T23,1)<>"0"),1,0)) -> 1 | V23: =IF(B23="",N(V22),IF(LEFT(TRIM(B23),5)="/time",N(V22)+1,N(V22))) -> 1 | W23: =IFERROR(IF(ISNUMBER(--LEFT(TRIM(B23),1)),VALUE(LEFT(TRIM(B23),6)),""),"") -> 114812 | X23: =IFERROR(VALUE(TRIM(MID(SUBSTITUTE(TRIM(B23)," ",REPT(" ",30)),31,30))),"") -> 51389.14 | Y23: =IFERROR(TRIM(MID(SUBSTITUTE(TRIM(B23)," ",REPT(" ",30)),61,30)),"") -> 96 | Z23: =IF(OR(W23="",X23="",Y23=""),0,IF(AND(X23>1000,RIGHT(Y23,1)<>"0"),1,0)) -> 1 | AA23: =IF(C23="",N(AA22),IF(LEFT(TRIM(C23),5)="/time",N(AA22)+1,N(AA22))) -> 1 | AB23: =IFERROR(IF(ISNUMBER(--LEFT(TRIM(C23),1)),VALUE(LEFT(TRIM(C23),6)),""),"") -> 121907 | AC23: =IFERROR(VALUE(TRIM(MID(SUBSTITUTE(TRIM(C23)," ",REPT(" ",30)),31,30))),"") -> 51388.75 | AD23: =IFERROR(TRIM(MID(SUBSTITUTE(TRIM(C23)," ",REPT(" ",30)),61,30)),"") -> 97 | AE23: =IF(OR(AB23="",AC23="",AD23=""),0,IF(AND(AC23>1000,RIGHT(AD23,1)<>"0"),1,0)) -> 1 | AF23: =IF(D23="",N(AF22),IF(LEFT(TRIM(D23),5)="/time",N(AF22)+1,N(AF22))) -> 1 | AG23: =IFERROR(IF(ISNUMBER(--LEFT(TRIM(D23),1)),VALUE(LEFT(TRIM(D23),6)),""),"") -> 123607 | AH23: =IFERROR(VALUE(TRIM(MID(SUBSTITUTE(TRIM(D23)," ",REPT(" ",30)),31,30))),"") -> 51398.88 | AI23: =IFERROR(TRIM(MID(SUBSTITUTE(TRIM(D23)," ",REPT(" ",30)),61,30)),"") -> 64 | AJ23: =IF(OR(AG23="",AH23="",AI23=""),0,IF(AND(AH23>1000,RIGHT(AI23,1)<>"0"),1,0)) -> 1 | AK23: =IF(E23="",N(AK22),IF(LEFT(TRIM(E23),5)="/time",N(AK22)+1,N(AK22))) -> 1 | AL23: =IFERROR(IF(ISNUMBER(--LEFT(TRIM(E23),1)),VALUE(LEFT(TRIM(E23),6)),""),"") -> 130422 | AM23: =IFERROR(VALUE(TRIM(MID(SUBSTITUTE(TRIM(E23)," ",REPT(" ",30)),31,30))),"") -> 51406.35 | AN23: =IFERROR(TRIM(MID(SUBSTITUTE(TRIM(E23)," ",REPT(" ",30)),61,30)),"") -> 95 | AO23: =IF(OR(AL23="",AM23="",AN23=""),0,IF(AND(AM23>1000,RIGHT(AN23,1)<>"0"),1,0)) -> 1 | CM23: 15_의성 신규점
A24: =IF($CM$6=0,"",IF(INDEX('⑩ 원문 보관'!$A:$E,$CM$6+ROW()-9,COLUMN())="","",INDEX('⑩ 원문 보관'!$A:$E,$CM$6+ROW()-9,COLUMN()))) -> 111707.0 51389.35 95 | B24: =IF($CM$6=0,"",IF(INDEX('⑩ 원문 보관'!$A:$E,$CM$6+ROW()-9,COLUMN())="","",INDEX('⑩ 원문 보관'!$A:$E,$CM$6+ROW()-9,COLUMN()))) -> 114817.0 51389.04 96 | C24: =IF($CM$6=0,"",IF(INDEX('⑩ 원문 보관'!$A:$E,$CM$6+ROW()-9,COLUMN())="","",INDEX('⑩ 원문 보관'!$A:$E,$CM$6+ROW()-9,COLUMN()))) -> 121912.0 51388.73 98 | D24: =IF($CM$6=0,"",IF(INDEX('⑩ 원문 보관'!$A:$E,$CM$6+ROW()-9,COLUMN())="","",INDEX('⑩ 원문 보관'!$A:$E,$CM$6+ROW()-9,COLUMN()))) -> 123612.0 51399.11 43 | E24: =IF($CM$6=0,"",IF(INDEX('⑩ 원문 보관'!$A:$E,$CM$6+ROW()-9,COLUMN())="","",INDEX('⑩ 원문 보관'!$A:$E,$CM$6+ROW()-9,COLUMN()))) -> 130427.0 51406.22 95 | G24: 봉 3 | H24: 140 cm | I24: =IFERROR(INDEX($CG$9:$CG$22,MATCH(2,$CI$9:$CI$22,0)),"") -> 51399.6 | J24: =IF(IFERROR(INDEX($CC$9:$CC$22,MATCH(2,$CI$9:$CI$22,0)),"")="","",TEXT(INT(IFERROR(INDEX($CC$9:$CC$22,MATCH(2,$CI$9:$CI$22,0)),"")/10000),"00")&":"&TEXT(MOD(INT(IFERROR(INDEX($CC$9:$CC$22,MATCH(2,$CI$9:$CI$22,0)),"")/100),100),"00")&":"&TEXT(MOD(IFERROR(INDEX($CC$9:$CC$22,MATCH(2,$CI$9:$CI$22,0)),""),100),"00")&"~"&TEXT(INT(IFERROR(INDEX($CD$9:$CD$22,MATCH(2,$CI$9:$CI$22,0)),"")/10000),"00")&":"&TEXT(MOD(INT(IFERROR(INDEX($CD$9:$CD$22,MATCH(2,$CI$9:$CI$22,0)),"")/100),100),"00")&":"&TEXT(MOD(IFERROR(INDEX($CD$9:$CD$22,MATCH(2,$CI$9:$CI$22,0)),""),100),"00")) -> 13:07:22~13:09:42 | L24: =IF(IFERROR(INDEX($CF$9:$CF$22,MATCH(2,$CI$9:$CI$22,0)),"")=0,"",IFERROR(INDEX($CF$9:$CF$22,MATCH(2,$CI$9:$CI$22,0)),"")&"회 평균"&IF(IFERROR(INDEX($CH$9:$CH$22,MATCH(2,$CI$9:$CI$22,0)),"")>0," · "&IFERROR(INDEX($CH$9:$CH$22,MATCH(2,$CI$9:$CI$22,0)),"")&"회 제외","")&IF(IFERROR(INDEX($CF$9:$CF$22,MATCH(2,$CI$9:$CI$22,0)),"")<10," · 읽음이 적습니다 — 재측정 확인","")) -> 28회 평균 · 1회 제외 | Q24: =IF(A24="",N(Q23),IF(LEFT(TRIM(A24),5)="/time",N(Q23)+1,N(Q23))) -> 1 | R24: =IFERROR(IF(ISNUMBER(--LEFT(TRIM(A24),1)),VALUE(LEFT(TRIM(A24),6)),""),"") -> 111707 | S24: =IFERROR(VALUE(TRIM(MID(SUBSTITUTE(TRIM(A24)," ",REPT(" ",30)),31,30))),"") -> 51389.35 | T24: =IFERROR(TRIM(MID(SUBSTITUTE(TRIM(A24)," ",REPT(" ",30)),61,30)),"") -> 95 | U24: =IF(OR(R24="",S24="",T24=""),0,IF(AND(S24>1000,RIGHT(T24,1)<>"0"),1,0)) -> 1 | V24: =IF(B24="",N(V23),IF(LEFT(TRIM(B24),5)="/time",N(V23)+1,N(V23))) -> 1 | W24: =IFERROR(IF(ISNUMBER(--LEFT(TRIM(B24),1)),VALUE(LEFT(TRIM(B24),6)),""),"") -> 114817 | X24: =IFERROR(VALUE(TRIM(MID(SUBSTITUTE(TRIM(B24)," ",REPT(" ",30)),31,30))),"") -> 51389.04 | Y24: =IFERROR(TRIM(MID(SUBSTITUTE(TRIM(B24)," ",REPT(" ",30)),61,30)),"") -> 96 | Z24: =IF(OR(W24="",X24="",Y24=""),0,IF(AND(X24>1000,RIGHT(Y24,1)<>"0"),1,0)) -> 1 | AA24: =IF(C24="",N(AA23),IF(LEFT(TRIM(C24),5)="/time",N(AA23)+1,N(AA23))) -> 1 | AB24: =IFERROR(IF(ISNUMBER(--LEFT(TRIM(C24),1)),VALUE(LEFT(TRIM(C24),6)),""),"") -> 121912 | AC24: =IFERROR(VALUE(TRIM(MID(SUBSTITUTE(TRIM(C24)," ",REPT(" ",30)),31,30))),"") -> 51388.73 | AD24: =IFERROR(TRIM(MID(SUBSTITUTE(TRIM(C24)," ",REPT(" ",30)),61,30)),"") -> 98 | AE24: =IF(OR(AB24="",AC24="",AD24=""),0,IF(AND(AC24>1000,RIGHT(AD24,1)<>"0"),1,0)) -> 1 | AF24: =IF(D24="",N(AF23),IF(LEFT(TRIM(D24),5)="/time",N(AF23)+1,N(AF23))) -> 1 | AG24: =IFERROR(IF(ISNUMBER(--LEFT(TRIM(D24),1)),VALUE(LEFT(TRIM(D24),6)),""),"") -> 123612 | AH24: =IFERROR(VALUE(TRIM(MID(SUBSTITUTE(TRIM(D24)," ",REPT(" ",30)),31,30))),"") -> 51399.11 | AI24: =IFERROR(TRIM(MID(SUBSTITUTE(TRIM(D24)," ",REPT(" ",30)),61,30)),"") -> 43 | AJ24: =IF(OR(AG24="",AH24="",AI24=""),0,IF(AND(AH24>1000,RIGHT(AI24,1)<>"0"),1,0)) -> 1 | AK24: =IF(E24="",N(AK23),IF(LEFT(TRIM(E24),5)="/time",N(AK23)+1,N(AK23))) -> 1 | AL24: =IFERROR(IF(ISNUMBER(--LEFT(TRIM(E24),1)),VALUE(LEFT(TRIM(E24),6)),""),"") -> 130427 | AM24: =IFERROR(VALUE(TRIM(MID(SUBSTITUTE(TRIM(E24)," ",REPT(" ",30)),31,30))),"") -> 51406.22 | AN24: =IFERROR(TRIM(MID(SUBSTITUTE(TRIM(E24)," ",REPT(" ",30)),61,30)),"") -> 95 | AO24: =IF(OR(AL24="",AM24="",AN24=""),0,IF(AND(AM24>1000,RIGHT(AN24,1)<>"0"),1,0)) -> 1 | CM24: 16_예천 신규점
A25: =IF($CM$6=0,"",IF(INDEX('⑩ 원문 보관'!$A:$E,$CM$6+ROW()-9,COLUMN())="","",INDEX('⑩ 원문 보관'!$A:$E,$CM$6+ROW()-9,COLUMN()))) -> 111712.0 51388.95 96 | B25: =IF($CM$6=0,"",IF(INDEX('⑩ 원문 보관'!$A:$E,$CM$6+ROW()-9,COLUMN())="","",INDEX('⑩ 원문 보관'!$A:$E,$CM$6+ROW()-9,COLUMN()))) -> 114822.0 51388.95 96 | C25: =IF($CM$6=0,"",IF(INDEX('⑩ 원문 보관'!$A:$E,$CM$6+ROW()-9,COLUMN())="","",INDEX('⑩ 원문 보관'!$A:$E,$CM$6+ROW()-9,COLUMN()))) -> 121917.0 51388.54 97 | D25: =IF($CM$6=0,"",IF(INDEX('⑩ 원문 보관'!$A:$E,$CM$6+ROW()-9,COLUMN())="","",INDEX('⑩ 원문 보관'!$A:$E,$CM$6+ROW()-9,COLUMN()))) -> 123617.0 51398.48 63 | E25: =IF($CM$6=0,"",IF(INDEX('⑩ 원문 보관'!$A:$E,$CM$6+ROW()-9,COLUMN())="","",INDEX('⑩ 원문 보관'!$A:$E,$CM$6+ROW()-9,COLUMN()))) -> 130432.0 51406.17 95 | G25: 봉 2 | H25: 95 cm | I25: =IFERROR(INDEX($CG$9:$CG$22,MATCH(3,$CI$9:$CI$22,0)),"") -> 51359.25 | J25: =IF(IFERROR(INDEX($CC$9:$CC$22,MATCH(3,$CI$9:$CI$22,0)),"")="","",TEXT(INT(IFERROR(INDEX($CC$9:$CC$22,MATCH(3,$CI$9:$CI$22,0)),"")/10000),"00")&":"&TEXT(MOD(INT(IFERROR(INDEX($CC$9:$CC$22,MATCH(3,$CI$9:$CI$22,0)),"")/100),100),"00")&":"&TEXT(MOD(IFERROR(INDEX($CC$9:$CC$22,MATCH(3,$CI$9:$CI$22,0)),""),100),"00")&"~"&TEXT(INT(IFERROR(INDEX($CD$9:$CD$22,MATCH(3,$CI$9:$CI$22,0)),"")/10000),"00")&":"&TEXT(MOD(INT(IFERROR(INDEX($CD$9:$CD$22,MATCH(3,$CI$9:$CI$22,0)),"")/100),100),"00")&":"&TEXT(MOD(IFERROR(INDEX($CD$9:$CD$22,MATCH(3,$CI$9:$CI$22,0)),""),100),"00")) -> 13:14:22~13:17:47 | L25: =IF(IFERROR(INDEX($CF$9:$CF$22,MATCH(3,$CI$9:$CI$22,0)),"")=0,"",IFERROR(INDEX($CF$9:$CF$22,MATCH(3,$CI$9:$CI$22,0)),"")&"회 평균"&IF(IFERROR(INDEX($CH$9:$CH$22,MATCH(3,$CI$9:$CI$22,0)),"")>0," · "&IFERROR(INDEX($CH$9:$CH$22,MATCH(3,$CI$9:$CI$22,0)),"")&"회 제외","")&IF(IFERROR(INDEX($CF$9:$CF$22,MATCH(3,$CI$9:$CI$22,0)),"")<10," · 읽음이 적습니다 — 재측정 확인","")) -> 2회 평균 · 40회 제외 · 읽음이 적습니다 — 재측정 확인 | Q25: =IF(A25="",N(Q24),IF(LEFT(TRIM(A25),5)="/time",N(Q24)+1,N(Q24))) -> 1 | R25: =IFERROR(IF(ISNUMBER(--LEFT(TRIM(A25),1)),VALUE(LEFT(TRIM(A25),6)),""),"") -> 111712 | S25: =IFERROR(VALUE(TRIM(MID(SUBSTITUTE(TRIM(A25)," ",REPT(" ",30)),31,30))),"") -> 51388.95 | T25: =IFERROR(TRIM(MID(SUBSTITUTE(TRIM(A25)," ",REPT(" ",30)),61,30)),"") -> 96 | U25: =IF(OR(R25="",S25="",T25=""),0,IF(AND(S25>1000,RIGHT(T25,1)<>"0"),1,0)) -> 1 | V25: =IF(B25="",N(V24),IF(LEFT(TRIM(B25),5)="/time",N(V24)+1,N(V24))) -> 1 | W25: =IFERROR(IF(ISNUMBER(--LEFT(TRIM(B25),1)),VALUE(LEFT(TRIM(B25),6)),""),"") -> 114822 | X25: =IFERROR(VALUE(TRIM(MID(SUBSTITUTE(TRIM(B25)," ",REPT(" ",30)),31,30))),"") -> 51388.95 | Y25: =IFERROR(TRIM(MID(SUBSTITUTE(TRIM(B25)," ",REPT(" ",30)),61,30)),"") -> 96 | Z25: =IF(OR(W25="",X25="",Y25=""),0,IF(AND(X25>1000,RIGHT(Y25,1)<>"0"),1,0)) -> 1 | AA25: =IF(C25="",N(AA24),IF(LEFT(TRIM(C25),5)="/time",N(AA24)+1,N(AA24))) -> 1 | AB25: =IFERROR(IF(ISNUMBER(--LEFT(TRIM(C25),1)),VALUE(LEFT(TRIM(C25),6)),""),"") -> 121917 | AC25: =IFERROR(VALUE(TRIM(MID(SUBSTITUTE(TRIM(C25)," ",REPT(" ",30)),31,30))),"") -> 51388.54 | AD25: =IFERROR(TRIM(MID(SUBSTITUTE(TRIM(C25)," ",REPT(" ",30)),61,30)),"") -> 97 | AE25: =IF(OR(AB25="",AC25="",AD25=""),0,IF(AND(AC25>1000,RIGHT(AD25,1)<>"0"),1,0)) -> 1 | AF25: =IF(D25="",N(AF24),IF(LEFT(TRIM(D25),5)="/time",N(AF24)+1,N(AF24))) -> 1 | AG25: =IFERROR(IF(ISNUMBER(--LEFT(TRIM(D25),1)),VALUE(LEFT(TRIM(D25),6)),""),"") -> 123617 | AH25: =IFERROR(VALUE(TRIM(MID(SUBSTITUTE(TRIM(D25)," ",REPT(" ",30)),31,30))),"") -> 51398.48 | AI25: =IFERROR(TRIM(MID(SUBSTITUTE(TRIM(D25)," ",REPT(" ",30)),61,30)),"") -> 63 | AJ25: =IF(OR(AG25="",AH25="",AI25=""),0,IF(AND(AH25>1000,RIGHT(AI25,1)<>"0"),1,0)) -> 1 | AK25: =IF(E25="",N(AK24),IF(LEFT(TRIM(E25),5)="/time",N(AK24)+1,N(AK24))) -> 1 | AL25: =IFERROR(IF(ISNUMBER(--LEFT(TRIM(E25),1)),VALUE(LEFT(TRIM(E25),6)),""),"") -> 130432 | AM25: =IFERROR(VALUE(TRIM(MID(SUBSTITUTE(TRIM(E25)," ",REPT(" ",30)),31,30))),"") -> 51406.17 | AN25: =IFERROR(TRIM(MID(SUBSTITUTE(TRIM(E25)," ",REPT(" ",30)),61,30)),"") -> 95 | AO25: =IF(OR(AL25="",AM25="",AN25=""),0,IF(AND(AM25>1000,RIGHT(AN25,1)<>"0"),1,0)) -> 1 | CM25: 17_영양 신규점4
A26: =IF($CM$6=0,"",IF(INDEX('⑩ 원문 보관'!$A:$E,$CM$6+ROW()-9,COLUMN())="","",INDEX('⑩ 원문 보관'!$A:$E,$CM$6+ROW()-9,COLUMN()))) -> 111717.0 51389.48 96 | B26: =IF($CM$6=0,"",IF(INDEX('⑩ 원문 보관'!$A:$E,$CM$6+ROW()-9,COLUMN())="","",INDEX('⑩ 원문 보관'!$A:$E,$CM$6+ROW()-9,COLUMN()))) -> 114827.0 51389.03 96 | C26: =IF($CM$6=0,"",IF(INDEX('⑩ 원문 보관'!$A:$E,$CM$6+ROW()-9,COLUMN())="","",INDEX('⑩ 원문 보관'!$A:$E,$CM$6+ROW()-9,COLUMN()))) -> 121922.0 51388.59 98 | D26: =IF($CM$6=0,"",IF(INDEX('⑩ 원문 보관'!$A:$E,$CM$6+ROW()-9,COLUMN())="","",INDEX('⑩ 원문 보관'!$A:$E,$CM$6+ROW()-9,COLUMN()))) -> 123622.0 51399.77 44 | E26: =IF($CM$6=0,"",IF(INDEX('⑩ 원문 보관'!$A:$E,$CM$6+ROW()-9,COLUMN())="","",INDEX('⑩ 원문 보관'!$A:$E,$CM$6+ROW()-9,COLUMN()))) -> 130437.0 51406.05 95 | G26: 봉 1 | H26: 50 cm | I26: =IFERROR(INDEX($CG$9:$CG$22,MATCH(4,$CI$9:$CI$22,0)),"") -> 51455.71 | J26: =IF(IFERROR(INDEX($CC$9:$CC$22,MATCH(4,$CI$9:$CI$22,0)),"")="","",TEXT(INT(IFERROR(INDEX($CC$9:$CC$22,MATCH(4,$CI$9:$CI$22,0)),"")/10000),"00")&":"&TEXT(MOD(INT(IFERROR(INDEX($CC$9:$CC$22,MATCH(4,$CI$9:$CI$22,0)),"")/100),100),"00")&":"&TEXT(MOD(IFERROR(INDEX($CC$9:$CC$22,MATCH(4,$CI$9:$CI$22,0)),""),100),"00")&"~"&TEXT(INT(IFERROR(INDEX($CD$9:$CD$22,MATCH(4,$CI$9:$CI$22,0)),"")/10000),"00")&":"&TEXT(MOD(INT(IFERROR(INDEX($CD$9:$CD$22,MATCH(4,$CI$9:$CI$22,0)),"")/100),100),"00")&":"&TEXT(MOD(IFERROR(INDEX($CD$9:$CD$22,MATCH(4,$CI$9:$CI$22,0)),""),100),"00")) -> 13:19:02~13:21:17 | L26: =IF(IFERROR(INDEX($CF$9:$CF$22,MATCH(4,$CI$9:$CI$22,0)),"")=0,"",IFERROR(INDEX($CF$9:$CF$22,MATCH(4,$CI$9:$CI$22,0)),"")&"회 평균"&IF(IFERROR(INDEX($CH$9:$CH$22,MATCH(4,$CI$9:$CI$22,0)),"")>0," · "&IFERROR(INDEX($CH$9:$CH$22,MATCH(4,$CI$9:$CI$22,0)),"")&"회 제외","")&IF(IFERROR(INDEX($CF$9:$CF$22,MATCH(4,$CI$9:$CI$22,0)),"")<10," · 읽음이 적습니다 — 재측정 확인","")) -> 9회 평균 · 19회 제외 · 읽음이 적습니다 — 재측정 확인 | Q26: =IF(A26="",N(Q25),IF(LEFT(TRIM(A26),5)="/time",N(Q25)+1,N(Q25))) -> 1 | R26: =IFERROR(IF(ISNUMBER(--LEFT(TRIM(A26),1)),VALUE(LEFT(TRIM(A26),6)),""),"") -> 111717 | S26: =IFERROR(VALUE(TRIM(MID(SUBSTITUTE(TRIM(A26)," ",REPT(" ",30)),31,30))),"") -> 51389.48 | T26: =IFERROR(TRIM(MID(SUBSTITUTE(TRIM(A26)," ",REPT(" ",30)),61,30)),"") -> 96 | U26: =IF(OR(R26="",S26="",T26=""),0,IF(AND(S26>1000,RIGHT(T26,1)<>"0"),1,0)) -> 1 | V26: =IF(B26="",N(V25),IF(LEFT(TRIM(B26),5)="/time",N(V25)+1,N(V25))) -> 1 | W26: =IFERROR(IF(ISNUMBER(--LEFT(TRIM(B26),1)),VALUE(LEFT(TRIM(B26),6)),""),"") -> 114827 | X26: =IFERROR(VALUE(TRIM(MID(SUBSTITUTE(TRIM(B26)," ",REPT(" ",30)),31,30))),"") -> 51389.03 | Y26: =IFERROR(TRIM(MID(SUBSTITUTE(TRIM(B26)," ",REPT(" ",30)),61,30)),"") -> 96 | Z26: =IF(OR(W26="",X26="",Y26=""),0,IF(AND(X26>1000,RIGHT(Y26,1)<>"0"),1,0)) -> 1 | AA26: =IF(C26="",N(AA25),IF(LEFT(TRIM(C26),5)="/time",N(AA25)+1,N(AA25))) -> 1 | AB26: =IFERROR(IF(ISNUMBER(--LEFT(TRIM(C26),1)),VALUE(LEFT(TRIM(C26),6)),""),"") -> 121922 | AC26: =IFERROR(VALUE(TRIM(MID(SUBSTITUTE(TRIM(C26)," ",REPT(" ",30)),31,30))),"") -> 51388.59 | AD26: =IFERROR(TRIM(MID(SUBSTITUTE(TRIM(C26)," ",REPT(" ",30)),61,30)),"") -> 98 | AE26: =IF(OR(AB26="",AC26="",AD26=""),0,IF(AND(AC26>1000,RIGHT(AD26,1)<>"0"),1,0)) -> 1 | AF26: =IF(D26="",N(AF25),IF(LEFT(TRIM(D26),5)="/time",N(AF25)+1,N(AF25))) -> 1 | AG26: =IFERROR(IF(ISNUMBER(--LEFT(TRIM(D26),1)),VALUE(LEFT(TRIM(D26),6)),""),"") -> 123622 | AH26: =IFERROR(VALUE(TRIM(MID(SUBSTITUTE(TRIM(D26)," ",REPT(" ",30)),31,30))),"") -> 51399.77 | AI26: =IFERROR(TRIM(MID(SUBSTITUTE(TRIM(D26)," ",REPT(" ",30)),61,30)),"") -> 44 | AJ26: =IF(OR(AG26="",AH26="",AI26=""),0,IF(AND(AH26>1000,RIGHT(AI26,1)<>"0"),1,0)) -> 1 | AK26: =IF(E26="",N(AK25),IF(LEFT(TRIM(E26),5)="/time",N(AK25)+1,N(AK25))) -> 1 | AL26: =IFERROR(IF(ISNUMBER(--LEFT(TRIM(E26),1)),VALUE(LEFT(TRIM(E26),6)),""),"") -> 130437 | AM26: =IFERROR(VALUE(TRIM(MID(SUBSTITUTE(TRIM(E26)," ",REPT(" ",30)),31,30))),"") -> 51406.05 | AN26: =IFERROR(TRIM(MID(SUBSTITUTE(TRIM(E26)," ",REPT(" ",30)),61,30)),"") -> 95 | AO26: =IF(OR(AL26="",AM26="",AN26=""),0,IF(AND(AM26>1000,RIGHT(AN26,1)<>"0"),1,0)) -> 1 | CM26: 18_통영 신규점
A27: =IF($CM$6=0,"",IF(INDEX('⑩ 원문 보관'!$A:$E,$CM$6+ROW()-9,COLUMN())="","",INDEX('⑩ 원문 보관'!$A:$E,$CM$6+ROW()-9,COLUMN()))) -> 111722.0 51389.19 95 | B27: =IF($CM$6=0,"",IF(INDEX('⑩ 원문 보관'!$A:$E,$CM$6+ROW()-9,COLUMN())="","",INDEX('⑩ 원문 보관'!$A:$E,$CM$6+ROW()-9,COLUMN()))) -> 114832.0 51389.21 96 | C27: =IF($CM$6=0,"",IF(INDEX('⑩ 원문 보관'!$A:$E,$CM$6+ROW()-9,COLUMN())="","",INDEX('⑩ 원문 보관'!$A:$E,$CM$6+ROW()-9,COLUMN()))) -> 121927.0 51388.60 97 | D27: =IF($CM$6=0,"",IF(INDEX('⑩ 원문 보관'!$A:$E,$CM$6+ROW()-9,COLUMN())="","",INDEX('⑩ 원문 보관'!$A:$E,$CM$6+ROW()-9,COLUMN()))) -> 123627.0 51398.55 63 | E27: =IF($CM$6=0,"",IF(INDEX('⑩ 원문 보관'!$A:$E,$CM$6+ROW()-9,COLUMN())="","",INDEX('⑩ 원문 보관'!$A:$E,$CM$6+ROW()-9,COLUMN()))) -> 130442.0 51406.19 95 | G27: 높이는 카드 기본값(185·140·95·50 cm)입니다. 실제로 다르면 카드에서 고쳐 적어 주세요. 「중심점 1.0 m·1.5 m」처럼 따로 잰 파일은 여기 넣지 말고 카드 비고에 적습니다. | Q27: =IF(A27="",N(Q26),IF(LEFT(TRIM(A27),5)="/time",N(Q26)+1,N(Q26))) -> 1 | R27: =IFERROR(IF(ISNUMBER(--LEFT(TRIM(A27),1)),VALUE(LEFT(TRIM(A27),6)),""),"") -> 111722 | S27: =IFERROR(VALUE(TRIM(MID(SUBSTITUTE(TRIM(A27)," ",REPT(" ",30)),31,30))),"") -> 51389.19 | T27: =IFERROR(TRIM(MID(SUBSTITUTE(TRIM(A27)," ",REPT(" ",30)),61,30)),"") -> 95 | U27: =IF(OR(R27="",S27="",T27=""),0,IF(AND(S27>1000,RIGHT(T27,1)<>"0"),1,0)) -> 1 | V27: =IF(B27="",N(V26),IF(LEFT(TRIM(B27),5)="/time",N(V26)+1,N(V26))) -> 1 | W27: =IFERROR(IF(ISNUMBER(--LEFT(TRIM(B27),1)),VALUE(LEFT(TRIM(B27),6)),""),"") -> 114832 | X27: =IFERROR(VALUE(TRIM(MID(SUBSTITUTE(TRIM(B27)," ",REPT(" ",30)),31,30))),"") -> 51389.21 | Y27: =IFERROR(TRIM(MID(SUBSTITUTE(TRIM(B27)," ",REPT(" ",30)),61,30)),"") -> 96 | Z27: =IF(OR(W27="",X27="",Y27=""),0,IF(AND(X27>1000,RIGHT(Y27,1)<>"0"),1,0)) -> 1 | AA27: =IF(C27="",N(AA26),IF(LEFT(TRIM(C27),5)="/time",N(AA26)+1,N(AA26))) -> 1 | AB27: =IFERROR(IF(ISNUMBER(--LEFT(TRIM(C27),1)),VALUE(LEFT(TRIM(C27),6)),""),"") -> 121927 | AC27: =IFERROR(VALUE(TRIM(MID(SUBSTITUTE(TRIM(C27)," ",REPT(" ",30)),31,30))),"") -> 51388.6 | AD27: =IFERROR(TRIM(MID(SUBSTITUTE(TRIM(C27)," ",REPT(" ",30)),61,30)),"") -> 97 | AE27: =IF(OR(AB27="",AC27="",AD27=""),0,IF(AND(AC27>1000,RIGHT(AD27,1)<>"0"),1,0)) -> 1 | AF27: =IF(D27="",N(AF26),IF(LEFT(TRIM(D27),5)="/time",N(AF26)+1,N(AF26))) -> 1 | AG27: =IFERROR(IF(ISNUMBER(--LEFT(TRIM(D27),1)),VALUE(LEFT(TRIM(D27),6)),""),"") -> 123627 | AH27: =IFERROR(VALUE(TRIM(MID(SUBSTITUTE(TRIM(D27)," ",REPT(" ",30)),31,30))),"") -> 51398.55 | AI27: =IFERROR(TRIM(MID(SUBSTITUTE(TRIM(D27)," ",REPT(" ",30)),61,30)),"") -> 63 | AJ27: =IF(OR(AG27="",AH27="",AI27=""),0,IF(AND(AH27>1000,RIGHT(AI27,1)<>"0"),1,0)) -> 1 | AK27: =IF(E27="",N(AK26),IF(LEFT(TRIM(E27),5)="/time",N(AK26)+1,N(AK26))) -> 1 | AL27: =IFERROR(IF(ISNUMBER(--LEFT(TRIM(E27),1)),VALUE(LEFT(TRIM(E27),6)),""),"") -> 130442 | AM27: =IFERROR(VALUE(TRIM(MID(SUBSTITUTE(TRIM(E27)," ",REPT(" ",30)),31,30))),"") -> 51406.19 | AN27: =IFERROR(TRIM(MID(SUBSTITUTE(TRIM(E27)," ",REPT(" ",30)),61,30)),"") -> 95 | AO27: =IF(OR(AL27="",AM27="",AN27=""),0,IF(AND(AM27>1000,RIGHT(AN27,1)<>"0"),1,0)) -> 1 | CM27: 19_오호 신규점
A28: =IF($CM$6=0,"",IF(INDEX('⑩ 원문 보관'!$A:$E,$CM$6+ROW()-9,COLUMN())="","",INDEX('⑩ 원문 보관'!$A:$E,$CM$6+ROW()-9,COLUMN()))) -> 111727.0 51389.41 95 | B28: =IF($CM$6=0,"",IF(INDEX('⑩ 원문 보관'!$A:$E,$CM$6+ROW()-9,COLUMN())="","",INDEX('⑩ 원문 보관'!$A:$E,$CM$6+ROW()-9,COLUMN()))) -> 114837.0 51389.03 96 | C28: =IF($CM$6=0,"",IF(INDEX('⑩ 원문 보관'!$A:$E,$CM$6+ROW()-9,COLUMN())="","",INDEX('⑩ 원문 보관'!$A:$E,$CM$6+ROW()-9,COLUMN()))) -> 121932.0 51388.69 97 | D28: =IF($CM$6=0,"",IF(INDEX('⑩ 원문 보관'!$A:$E,$CM$6+ROW()-9,COLUMN())="","",INDEX('⑩ 원문 보관'!$A:$E,$CM$6+ROW()-9,COLUMN()))) -> 123632.0 51398.26 53 | E28: =IF($CM$6=0,"",IF(INDEX('⑩ 원문 보관'!$A:$E,$CM$6+ROW()-9,COLUMN())="","",INDEX('⑩ 원문 보관'!$A:$E,$CM$6+ROW()-9,COLUMN()))) -> 130447.0 51406.21 95 | G28: 붙여넣기 전 확인 — 카드에서 나올 값과 같습니다 | Q28: =IF(A28="",N(Q27),IF(LEFT(TRIM(A28),5)="/time",N(Q27)+1,N(Q27))) -> 1 | R28: =IFERROR(IF(ISNUMBER(--LEFT(TRIM(A28),1)),VALUE(LEFT(TRIM(A28),6)),""),"") -> 111727 | S28: =IFERROR(VALUE(TRIM(MID(SUBSTITUTE(TRIM(A28)," ",REPT(" ",30)),31,30))),"") -> 51389.41 | T28: =IFERROR(TRIM(MID(SUBSTITUTE(TRIM(A28)," ",REPT(" ",30)),61,30)),"") -> 95 | U28: =IF(OR(R28="",S28="",T28=""),0,IF(AND(S28>1000,RIGHT(T28,1)<>"0"),1,0)) -> 1 | V28: =IF(B28="",N(V27),IF(LEFT(TRIM(B28),5)="/time",N(V27)+1,N(V27))) -> 1 | W28: =IFERROR(IF(ISNUMBER(--LEFT(TRIM(B28),1)),VALUE(LEFT(TRIM(B28),6)),""),"") -> 114837 | X28: =IFERROR(VALUE(TRIM(MID(SUBSTITUTE(TRIM(B28)," ",REPT(" ",30)),31,30))),"") -> 51389.03 | Y28: =IFERROR(TRIM(MID(SUBSTITUTE(TRIM(B28)," ",REPT(" ",30)),61,30)),"") -> 96 | Z28: =IF(OR(W28="",X28="",Y28=""),0,IF(AND(X28>1000,RIGHT(Y28,1)<>"0"),1,0)) -> 1 | AA28: =IF(C28="",N(AA27),IF(LEFT(TRIM(C28),5)="/time",N(AA27)+1,N(AA27))) -> 1 | AB28: =IFERROR(IF(ISNUMBER(--LEFT(TRIM(C28),1)),VALUE(LEFT(TRIM(C28),6)),""),"") -> 121932 | AC28: =IFERROR(VALUE(TRIM(MID(SUBSTITUTE(TRIM(C28)," ",REPT(" ",30)),31,30))),"") -> 51388.69 | AD28: =IFERROR(TRIM(MID(SUBSTITUTE(TRIM(C28)," ",REPT(" ",30)),61,30)),"") -> 97 | AE28: =IF(OR(AB28="",AC28="",AD28=""),0,IF(AND(AC28>1000,RIGHT(AD28,1)<>"0"),1,0)) -> 1 | AF28: =IF(D28="",N(AF27),IF(LEFT(TRIM(D28),5)="/time",N(AF27)+1,N(AF27))) -> 1 | AG28: =IFERROR(IF(ISNUMBER(--LEFT(TRIM(D28),1)),VALUE(LEFT(TRIM(D28),6)),""),"") -> 123632 | AH28: =IFERROR(VALUE(TRIM(MID(SUBSTITUTE(TRIM(D28)," ",REPT(" ",30)),31,30))),"") -> 51398.26 | AI28: =IFERROR(TRIM(MID(SUBSTITUTE(TRIM(D28)," ",REPT(" ",30)),61,30)),"") -> 53 | AJ28: =IF(OR(AG28="",AH28="",AI28=""),0,IF(AND(AH28>1000,RIGHT(AI28,1)<>"0"),1,0)) -> 1 | AK28: =IF(E28="",N(AK27),IF(LEFT(TRIM(E28),5)="/time",N(AK27)+1,N(AK27))) -> 1 | AL28: =IFERROR(IF(ISNUMBER(--LEFT(TRIM(E28),1)),VALUE(LEFT(TRIM(E28),6)),""),"") -> 130447 | AM28: =IFERROR(VALUE(TRIM(MID(SUBSTITUTE(TRIM(E28)," ",REPT(" ",30)),31,30))),"") -> 51406.21 | AN28: =IFERROR(TRIM(MID(SUBSTITUTE(TRIM(E28)," ",REPT(" ",30)),61,30)),"") -> 95 | AO28: =IF(OR(AL28="",AM28="",AN28=""),0,IF(AND(AM28>1000,RIGHT(AN28,1)<>"0"),1,0)) -> 1 | CM28: 20_보령 신규점2
A29: =IF($CM$6=0,"",IF(INDEX('⑩ 원문 보관'!$A:$E,$CM$6+ROW()-9,COLUMN())="","",INDEX('⑩ 원문 보관'!$A:$E,$CM$6+ROW()-9,COLUMN()))) -> 111732.0 51389.24 96 | B29: =IF($CM$6=0,"",IF(INDEX('⑩ 원문 보관'!$A:$E,$CM$6+ROW()-9,COLUMN())="","",INDEX('⑩ 원문 보관'!$A:$E,$CM$6+ROW()-9,COLUMN()))) -> 114842.0 51389.10 96 | C29: =IF($CM$6=0,"",IF(INDEX('⑩ 원문 보관'!$A:$E,$CM$6+ROW()-9,COLUMN())="","",INDEX('⑩ 원문 보관'!$A:$E,$CM$6+ROW()-9,COLUMN()))) -> 121937.0 51388.53 97 | D29: =IF($CM$6=0,"",IF(INDEX('⑩ 원문 보관'!$A:$E,$CM$6+ROW()-9,COLUMN())="","",INDEX('⑩ 원문 보관'!$A:$E,$CM$6+ROW()-9,COLUMN()))) -> 123637.0 51399.30 44 | E29: =IF($CM$6=0,"",IF(INDEX('⑩ 원문 보관'!$A:$E,$CM$6+ROW()-9,COLUMN())="","",INDEX('⑩ 원문 보관'!$A:$E,$CM$6+ROW()-9,COLUMN()))) -> 130452.0 51406.07 95 | G29: 방향 | H29: 잰 거리 | I29: P0 후 − 전 | J29: F 최대−최소 | K29: 최대 구간구배 | L29: 발생구간 | M29: 읽음/제외 | O29: 확인 | Q29: =IF(A29="",N(Q28),IF(LEFT(TRIM(A29),5)="/time",N(Q28)+1,N(Q28))) -> 1 | R29: =IFERROR(IF(ISNUMBER(--LEFT(TRIM(A29),1)),VALUE(LEFT(TRIM(A29),6)),""),"") -> 111732 | S29: =IFERROR(VALUE(TRIM(MID(SUBSTITUTE(TRIM(A29)," ",REPT(" ",30)),31,30))),"") -> 51389.24 | T29: =IFERROR(TRIM(MID(SUBSTITUTE(TRIM(A29)," ",REPT(" ",30)),61,30)),"") -> 96 | U29: =IF(OR(R29="",S29="",T29=""),0,IF(AND(S29>1000,RIGHT(T29,1)<>"0"),1,0)) -> 1 | V29: =IF(B29="",N(V28),IF(LEFT(TRIM(B29),5)="/time",N(V28)+1,N(V28))) -> 1 | W29: =IFERROR(IF(ISNUMBER(--LEFT(TRIM(B29),1)),VALUE(LEFT(TRIM(B29),6)),""),"") -> 114842 | X29: =IFERROR(VALUE(TRIM(MID(SUBSTITUTE(TRIM(B29)," ",REPT(" ",30)),31,30))),"") -> 51389.1 | Y29: =IFERROR(TRIM(MID(SUBSTITUTE(TRIM(B29)," ",REPT(" ",30)),61,30)),"") -> 96 | Z29: =IF(OR(W29="",X29="",Y29=""),0,IF(AND(X29>1000,RIGHT(Y29,1)<>"0"),1,0)) -> 1 | AA29: =IF(C29="",N(AA28),IF(LEFT(TRIM(C29),5)="/time",N(AA28)+1,N(AA28))) -> 1 | AB29: =IFERROR(IF(ISNUMBER(--LEFT(TRIM(C29),1)),VALUE(LEFT(TRIM(C29),6)),""),"") -> 121937 | AC29: =IFERROR(VALUE(TRIM(MID(SUBSTITUTE(TRIM(C29)," ",REPT(" ",30)),31,30))),"") -> 51388.53 | AD29: =IFERROR(TRIM(MID(SUBSTITUTE(TRIM(C29)," ",REPT(" ",30)),61,30)),"") -> 97 | AE29: =IF(OR(AB29="",AC29="",AD29=""),0,IF(AND(AC29>1000,RIGHT(AD29,1)<>"0"),1,0)) -> 1 | AF29: =IF(D29="",N(AF28),IF(LEFT(TRIM(D29),5)="/time",N(AF28)+1,N(AF28))) -> 1 | AG29: =IFERROR(IF(ISNUMBER(--LEFT(TRIM(D29),1)),VALUE(LEFT(TRIM(D29),6)),""),"") -> 123637 | AH29: =IFERROR(VALUE(TRIM(MID(SUBSTITUTE(TRIM(D29)," ",REPT(" ",30)),31,30))),"") -> 51399.3 | AI29: =IFERROR(TRIM(MID(SUBSTITUTE(TRIM(D29)," ",REPT(" ",30)),61,30)),"") -> 44 | AJ29: =IF(OR(AG29="",AH29="",AI29=""),0,IF(AND(AH29>1000,RIGHT(AI29,1)<>"0"),1,0)) -> 1 | AK29: =IF(E29="",N(AK28),IF(LEFT(TRIM(E29),5)="/time",N(AK28)+1,N(AK28))) -> 1 | AL29: =IFERROR(IF(ISNUMBER(--LEFT(TRIM(E29),1)),VALUE(LEFT(TRIM(E29),6)),""),"") -> 130452 | AM29: =IFERROR(VALUE(TRIM(MID(SUBSTITUTE(TRIM(E29)," ",REPT(" ",30)),31,30))),"") -> 51406.07 | AN29: =IFERROR(TRIM(MID(SUBSTITUTE(TRIM(E29)," ",REPT(" ",30)),61,30)),"") -> 95 | AO29: =IF(OR(AL29="",AM29="",AN29=""),0,IF(AND(AM29>1000,RIGHT(AN29,1)<>"0"),1,0)) -> 1 | CM29: 21_담양 신규점2
A30: =IF($CM$6=0,"",IF(INDEX('⑩ 원문 보관'!$A:$E,$CM$6+ROW()-9,COLUMN())="","",INDEX('⑩ 원문 보관'!$A:$E,$CM$6+ROW()-9,COLUMN()))) -> 111737.0 51389.27 95 | B30: =IF($CM$6=0,"",IF(INDEX('⑩ 원문 보관'!$A:$E,$CM$6+ROW()-9,COLUMN())="","",INDEX('⑩ 원문 보관'!$A:$E,$CM$6+ROW()-9,COLUMN()))) -> 114847.0 51389.00 96 | C30: =IF($CM$6=0,"",IF(INDEX('⑩ 원문 보관'!$A:$E,$CM$6+ROW()-9,COLUMN())="","",INDEX('⑩ 원문 보관'!$A:$E,$CM$6+ROW()-9,COLUMN()))) -> 121942.0 51388.71 98 | D30: =IF($CM$6=0,"",IF(INDEX('⑩ 원문 보관'!$A:$E,$CM$6+ROW()-9,COLUMN())="","",INDEX('⑩ 원문 보관'!$A:$E,$CM$6+ROW()-9,COLUMN()))) -> 123642.0 51399.20 53 | E30: =IF($CM$6=0,"",IF(INDEX('⑩ 원문 보관'!$A:$E,$CM$6+ROW()-9,COLUMN())="","",INDEX('⑩ 원문 보관'!$A:$E,$CM$6+ROW()-9,COLUMN()))) -> 130457.0 51406.35 95 | G30: 동 | H30: =IF(COUNT($AS$9:$AS$22)<3,"",(COUNT($AS$9:$AS$22)-2)&" m") -> 6 m | I30: =IF(COUNT($I$9,$I$20)<2,"",$I$20-$I$9) -> -5.01 | J30: =IF(COUNT($I$9:$I$19)<2,"",MAX($I$9:$I$19)-MIN($I$9:$I$19)) -> 60.14 | K30: =IF(COUNT($CR$9:$CR$18)=0,"",MAX($CR$9:$CR$18)) -> 26.72 | L30: =IF(K30="","",INDEX($CQ$9:$CQ$18,MATCH(K30,$CR$9:$CR$18,0))) -> P0~1 m | M30: =IF(COUNT($AS$9:$AS$22)=0,"",SUM($AV$9:$AV$22)&" / "&SUM($AX$9:$AX$22)) -> 245 / 10 | O30: =IF(COUNTIFS($Q$9:$Q$708,0,$R$9:$R$708,">0")>0,"첫 /time 이 없습니다 — 머리글째 다시",IF(COUNT($AS$9:$AS$22)=0,"원문을 붙여 넣어 주세요",IF(AND(COUNT($AS$9:$AS$22)>1,MAX($AS$9:$AS$22)-MIN($AS$9:$AS$22)>120000),"시각이 12시간 넘게 벌어짐 — 자정 확인",IF(COUNTIFS($AS$9:$AS$22,">=180000")+COUNTIFS($AS$9:$AS$22,">0",$AS$9:$AS$22,"<60000")>0,"야간 시각 "&COUNTIFS($AS$9:$AS$22,">=180000")+COUNTIFS($AS$9:$AS$22,">0",$AS$9:$AS$22,"<60000")&"개 — 확인",IF(COUNT($AS$9:$AS$22)>12,"블록 "&COUNT($AS$9:$AS$22)&"개 — 10 m 까지만 표시",IF(COUNT($AS$9:$AS$22)<3,"블록이 "&COUNT($AS$9:$AS$22)&"개뿐 — P0 전·후가 다 있는지 보세요",IF(COUNTIFS($AV$9:$AV$22,">0",$AV$9:$AV$22,"<10")>0,COUNTIFS($AV$9:$AV$22,">0",$AV$9:$AV$22,"<10")&"개 지점 읽음 부족 — 확인",IF(SUMPRODUCT(($AX$9:$AX$22<>"")*($AV$9:$AV$22>0)*($AX$9:$AX$22>$AV$9:$AV$22))>0,SUMPRODUCT(($AX$9:$AX$22<>"")*($AV$9:$AV$22>0)*($AX$9:$AX$22>$AV$9:$AV$22))&"개 지점 제외 과다 — 확인","정상")))))))) -> 정상 | Q30: =IF(A30="",N(Q29),IF(LEFT(TRIM(A30),5)="/time",N(Q29)+1,N(Q29))) -> 1 | R30: =IFERROR(IF(ISNUMBER(--LEFT(TRIM(A30),1)),VALUE(LEFT(TRIM(A30),6)),""),"") -> 111737 | S30: =IFERROR(VALUE(TRIM(MID(SUBSTITUTE(TRIM(A30)," ",REPT(" ",30)),31,30))),"") -> 51389.27 | T30: =IFERROR(TRIM(MID(SUBSTITUTE(TRIM(A30)," ",REPT(" ",30)),61,30)),"") -> 95 | U30: =IF(OR(R30="",S30="",T30=""),0,IF(AND(S30>1000,RIGHT(T30,1)<>"0"),1,0)) -> 1 | V30: =IF(B30="",N(V29),IF(LEFT(TRIM(B30),5)="/time",N(V29)+1,N(V29))) -> 1 | W30: =IFERROR(IF(ISNUMBER(--LEFT(TRIM(B30),1)),VALUE(LEFT(TRIM(B30),6)),""),"") -> 114847 | X30: =IFERROR(VALUE(TRIM(MID(SUBSTITUTE(TRIM(B30)," ",REPT(" ",30)),31,30))),"") -> 51389 | Y30: =IFERROR(TRIM(MID(SUBSTITUTE(TRIM(B30)," ",REPT(" ",30)),61,30)),"") -> 96 | Z30: =IF(OR(W30="",X30="",Y30=""),0,IF(AND(X30>1000,RIGHT(Y30,1)<>"0"),1,0)) -> 1 | AA30: =IF(C30="",N(AA29),IF(LEFT(TRIM(C30),5)="/time",N(AA29)+1,N(AA29))) -> 1 | AB30: =IFERROR(IF(ISNUMBER(--LEFT(TRIM(C30),1)),VALUE(LEFT(TRIM(C30),6)),""),"") -> 121942 | AC30: =IFERROR(VALUE(TRIM(MID(SUBSTITUTE(TRIM(C30)," ",REPT(" ",30)),31,30))),"") -> 51388.71 | AD30: =IFERROR(TRIM(MID(SUBSTITUTE(TRIM(C30)," ",REPT(" ",30)),61,30)),"") -> 98 | AE30: =IF(OR(AB30="",AC30="",AD30=""),0,IF(AND(AC30>1000,RIGHT(AD30,1)<>"0"),1,0)) -> 1 | AF30: =IF(D30="",N(AF29),IF(LEFT(TRIM(D30),5)="/time",N(AF29)+1,N(AF29))) -> 1 | AG30: =IFERROR(IF(ISNUMBER(--LEFT(TRIM(D30),1)),VALUE(LEFT(TRIM(D30),6)),""),"") -> 123642 | AH30: =IFERROR(VALUE(TRIM(MID(SUBSTITUTE(TRIM(D30)," ",REPT(" ",30)),31,30))),"") -> 51399.2 | AI30: =IFERROR(TRIM(MID(SUBSTITUTE(TRIM(D30)," ",REPT(" ",30)),61,30)),"") -> 53 | AJ30: =IF(OR(AG30="",AH30="",AI30=""),0,IF(AND(AH30>1000,RIGHT(AI30,1)<>"0"),1,0)) -> 1 | AK30: =IF(E30="",N(AK29),IF(LEFT(TRIM(E30),5)="/time",N(AK29)+1,N(AK29))) -> 1 | AL30: =IFERROR(IF(ISNUMBER(--LEFT(TRIM(E30),1)),VALUE(LEFT(TRIM(E30),6)),""),"") -> 130457 | AM30: =IFERROR(VALUE(TRIM(MID(SUBSTITUTE(TRIM(E30)," ",REPT(" ",30)),31,30))),"") -> 51406.35 | AN30: =IFERROR(TRIM(MID(SUBSTITUTE(TRIM(E30)," ",REPT(" ",30)),61,30)),"") -> 95 | AO30: =IF(OR(AL30="",AM30="",AN30=""),0,IF(AND(AM30>1000,RIGHT(AN30,1)<>"0"),1,0)) -> 1 | CM30: 22_완도 신규점
A31: =IF($CM$6=0,"",IF(INDEX('⑩ 원문 보관'!$A:$E,$CM$6+ROW()-9,COLUMN())="","",INDEX('⑩ 원문 보관'!$A:$E,$CM$6+ROW()-9,COLUMN()))) -> 111742.0 51389.19 96 | B31: =IF($CM$6=0,"",IF(INDEX('⑩ 원문 보관'!$A:$E,$CM$6+ROW()-9,COLUMN())="","",INDEX('⑩ 원문 보관'!$A:$E,$CM$6+ROW()-9,COLUMN()))) -> 114852.0 51388.93 96 | C31: =IF($CM$6=0,"",IF(INDEX('⑩ 원문 보관'!$A:$E,$CM$6+ROW()-9,COLUMN())="","",INDEX('⑩ 원문 보관'!$A:$E,$CM$6+ROW()-9,COLUMN()))) -> 121947.0 51388.67 97 | D31: =IF($CM$6=0,"",IF(INDEX('⑩ 원문 보관'!$A:$E,$CM$6+ROW()-9,COLUMN())="","",INDEX('⑩ 원문 보관'!$A:$E,$CM$6+ROW()-9,COLUMN()))) -> 123647.0 51397.97 53 | E31: =IF($CM$6=0,"",IF(INDEX('⑩ 원문 보관'!$A:$E,$CM$6+ROW()-9,COLUMN())="","",INDEX('⑩ 원문 보관'!$A:$E,$CM$6+ROW()-9,COLUMN()))) -> 130502.0 51406.19 94 | G31: 서 | H31: =IF(COUNT($BB$9:$BB$22)<3,"",(COUNT($BB$9:$BB$22)-2)&" m") -> 10 m | I31: =IF(COUNT($K$9,$K$20)<2,"",$K$20-$K$9) -> -20.64 | J31: =IF(COUNT($K$9:$K$19)<2,"",MAX($K$9:$K$19)-MIN($K$9:$K$19)) -> 1010.28 | K31: =IF(COUNT($CS$9:$CS$18)=0,"",MAX($CS$9:$CS$18)) -> 387.76 | L31: =IF(K31="","",INDEX($CQ$9:$CQ$18,MATCH(K31,$CS$9:$CS$18,0))) -> 7~8 m | M31: =IF(COUNT($BB$9:$BB$22)=0,"",SUM($BE$9:$BE$22)&" / "&SUM($BG$9:$BG$22)) -> 332 / 14 | O31: =IF(COUNTIFS($V$9:$V$708,0,$W$9:$W$708,">0")>0,"첫 /time 이 없습니다 — 머리글째 다시",IF(COUNT($BB$9:$BB$22)=0,"원문을 붙여 넣어 주세요",IF(AND(COUNT($BB$9:$BB$22)>1,MAX($BB$9:$BB$22)-MIN($BB$9:$BB$22)>120000),"시각이 12시간 넘게 벌어짐 — 자정 확인",IF(COUNTIFS($BB$9:$BB$22,">=180000")+COUNTIFS($BB$9:$BB$22,">0",$BB$9:$BB$22,"<60000")>0,"야간 시각 "&COUNTIFS($BB$9:$BB$22,">=180000")+COUNTIFS($BB$9:$BB$22,">0",$BB$9:$BB$22,"<60000")&"개 — 확인",IF(COUNT($BB$9:$BB$22)>12,"블록 "&COUNT($BB$9:$BB$22)&"개 — 10 m 까지만 표시",IF(COUNT($BB$9:$BB$22)<3,"블록이 "&COUNT($BB$9:$BB$22)&"개뿐 — P0 전·후가 다 있는지 보세요",IF(COUNTIFS($BE$9:$BE$22,">0",$BE$9:$BE$22,"<10")>0,COUNTIFS($BE$9:$BE$22,">0",$BE$9:$BE$22,"<10")&"개 지점 읽음 부족 — 확인",IF(SUMPRODUCT(($BG$9:$BG$22<>"")*($BE$9:$BE$22>0)*($BG$9:$BG$22>$BE$9:$BE$22))>0,SUMPRODUCT(($BG$9:$BG$22<>"")*($BE$9:$BE$22>0)*($BG$9:$BG$22>$BE$9:$BE$22))&"개 지점 제외 과다 — 확인","정상")))))))) -> 정상 | Q31: =IF(A31="",N(Q30),IF(LEFT(TRIM(A31),5)="/time",N(Q30)+1,N(Q30))) -> 1 | R31: =IFERROR(IF(ISNUMBER(--LEFT(TRIM(A31),1)),VALUE(LEFT(TRIM(A31),6)),""),"") -> 111742 | S31: =IFERROR(VALUE(TRIM(MID(SUBSTITUTE(TRIM(A31)," ",REPT(" ",30)),31,30))),"") -> 51389.19 | T31: =IFERROR(TRIM(MID(SUBSTITUTE(TRIM(A31)," ",REPT(" ",30)),61,30)),"") -> 96 | U31: =IF(OR(R31="",S31="",T31=""),0,IF(AND(S31>1000,RIGHT(T31,1)<>"0"),1,0)) -> 1 | V31: =IF(B31="",N(V30),IF(LEFT(TRIM(B31),5)="/time",N(V30)+1,N(V30))) -> 1 | W31: =IFERROR(IF(ISNUMBER(--LEFT(TRIM(B31),1)),VALUE(LEFT(TRIM(B31),6)),""),"") -> 114852 | X31: =IFERROR(VALUE(TRIM(MID(SUBSTITUTE(TRIM(B31)," ",REPT(" ",30)),31,30))),"") -> 51388.93 | Y31: =IFERROR(TRIM(MID(SUBSTITUTE(TRIM(B31)," ",REPT(" ",30)),61,30)),"") -> 96 | Z31: =IF(OR(W31="",X31="",Y31=""),0,IF(AND(X31>1000,RIGHT(Y31,1)<>"0"),1,0)) -> 1 | AA31: =IF(C31="",N(AA30),IF(LEFT(TRIM(C31),5)="/time",N(AA30)+1,N(AA30))) -> 1 | AB31: =IFERROR(IF(ISNUMBER(--LEFT(TRIM(C31),1)),VALUE(LEFT(TRIM(C31),6)),""),"") -> 121947 | AC31: =IFERROR(VALUE(TRIM(MID(SUBSTITUTE(TRIM(C31)," ",REPT(" ",30)),31,30))),"") -> 51388.67 | AD31: =IFERROR(TRIM(MID(SUBSTITUTE(TRIM(C31)," ",REPT(" ",30)),61,30)),"") -> 97 | AE31: =IF(OR(AB31="",AC31="",AD31=""),0,IF(AND(AC31>1000,RIGHT(AD31,1)<>"0"),1,0)) -> 1 | AF31: =IF(D31="",N(AF30),IF(LEFT(TRIM(D31),5)="/time",N(AF30)+1,N(AF30))) -> 1 | AG31: =IFERROR(IF(ISNUMBER(--LEFT(TRIM(D31),1)),VALUE(LEFT(TRIM(D31),6)),""),"") -> 123647 | AH31: =IFERROR(VALUE(TRIM(MID(SUBSTITUTE(TRIM(D31)," ",REPT(" ",30)),31,30))),"") -> 51397.97 | AI31: =IFERROR(TRIM(MID(SUBSTITUTE(TRIM(D31)," ",REPT(" ",30)),61,30)),"") -> 53 | AJ31: =IF(OR(AG31="",AH31="",AI31=""),0,IF(AND(AH31>1000,RIGHT(AI31,1)<>"0"),1,0)) -> 1 | AK31: =IF(E31="",N(AK30),IF(LEFT(TRIM(E31),5)="/time",N(AK30)+1,N(AK30))) -> 1 | AL31: =IFERROR(IF(ISNUMBER(--LEFT(TRIM(E31),1)),VALUE(LEFT(TRIM(E31),6)),""),"") -> 130502 | AM31: =IFERROR(VALUE(TRIM(MID(SUBSTITUTE(TRIM(E31)," ",REPT(" ",30)),31,30))),"") -> 51406.19 | AN31: =IFERROR(TRIM(MID(SUBSTITUTE(TRIM(E31)," ",REPT(" ",30)),61,30)),"") -> 94 | AO31: =IF(OR(AL31="",AM31="",AN31=""),0,IF(AND(AM31>1000,RIGHT(AN31,1)<>"0"),1,0)) -> 1 | CM31: 23_덕산 신규점1
A32: =IF($CM$6=0,"",IF(INDEX('⑩ 원문 보관'!$A:$E,$CM$6+ROW()-9,COLUMN())="","",INDEX('⑩ 원문 보관'!$A:$E,$CM$6+ROW()-9,COLUMN()))) -> 111747.0 51389.23 96 | B32: =IF($CM$6=0,"",IF(INDEX('⑩ 원문 보관'!$A:$E,$CM$6+ROW()-9,COLUMN())="","",INDEX('⑩ 원문 보관'!$A:$E,$CM$6+ROW()-9,COLUMN()))) -> 114857.0 51388.96 96 | C32: =IF($CM$6=0,"",IF(INDEX('⑩ 원문 보관'!$A:$E,$CM$6+ROW()-9,COLUMN())="","",INDEX('⑩ 원문 보관'!$A:$E,$CM$6+ROW()-9,COLUMN()))) -> 121952.0 51388.65 97 | D32: =IF($CM$6=0,"",IF(INDEX('⑩ 원문 보관'!$A:$E,$CM$6+ROW()-9,COLUMN())="","",INDEX('⑩ 원문 보관'!$A:$E,$CM$6+ROW()-9,COLUMN()))) -> 123652.0 51398.83 54 | E32: =IF($CM$6=0,"",IF(INDEX('⑩ 원문 보관'!$A:$E,$CM$6+ROW()-9,COLUMN())="","",INDEX('⑩ 원문 보관'!$A:$E,$CM$6+ROW()-9,COLUMN()))) -> 130507.0 51406.37 95 | G32: 남 | H32: =IF(COUNT($BK$9:$BK$22)<3,"",(COUNT($BK$9:$BK$22)-2)&" m") -> 4 m | I32: =IF(COUNT($M$9,$M$20)<2,"",$M$20-$M$9) -> 9.22 | J32: =IF(COUNT($M$9:$M$19)<2,"",MAX($M$9:$M$19)-MIN($M$9:$M$19)) -> 57.98 | K32: =IF(COUNT($CT$9:$CT$18)=0,"",MAX($CT$9:$CT$18)) -> 20.09 | L32: =IF(K32="","",INDEX($CQ$9:$CQ$18,MATCH(K32,$CT$9:$CT$18,0))) -> P0~1 m | M32: =IF(COUNT($BK$9:$BK$22)=0,"",SUM($BN$9:$BN$22)&" / "&SUM($BP$9:$BP$22)) -> 163 / 0 | O32: =IF(COUNTIFS($AA$9:$AA$708,0,$AB$9:$AB$708,">0")>0,"첫 /time 이 없습니다 — 머리글째 다시",IF(COUNT($BK$9:$BK$22)=0,"원문을 붙여 넣어 주세요",IF(AND(COUNT($BK$9:$BK$22)>1,MAX($BK$9:$BK$22)-MIN($BK$9:$BK$22)>120000),"시각이 12시간 넘게 벌어짐 — 자정 확인",IF(COUNTIFS($BK$9:$BK$22,">=180000")+COUNTIFS($BK$9:$BK$22,">0",$BK$9:$BK$22,"<60000")>0,"야간 시각 "&COUNTIFS($BK$9:$BK$22,">=180000")+COUNTIFS($BK$9:$BK$22,">0",$BK$9:$BK$22,"<60000")&"개 — 확인",IF(COUNT($BK$9:$BK$22)>12,"블록 "&COUNT($BK$9:$BK$22)&"개 — 10 m 까지만 표시",IF(COUNT($BK$9:$BK$22)<3,"블록이 "&COUNT($BK$9:$BK$22)&"개뿐 — P0 전·후가 다 있는지 보세요",IF(COUNTIFS($BN$9:$BN$22,">0",$BN$9:$BN$22,"<10")>0,COUNTIFS($BN$9:$BN$22,">0",$BN$9:$BN$22,"<10")&"개 지점 읽음 부족 — 확인",IF(SUMPRODUCT(($BP$9:$BP$22<>"")*($BN$9:$BN$22>0)*($BP$9:$BP$22>$BN$9:$BN$22))>0,SUMPRODUCT(($BP$9:$BP$22<>"")*($BN$9:$BN$22>0)*($BP$9:$BP$22>$BN$9:$BN$22))&"개 지점 제외 과다 — 확인","정상")))))))) -> 정상 | Q32: =IF(A32="",N(Q31),IF(LEFT(TRIM(A32),5)="/time",N(Q31)+1,N(Q31))) -> 1 | R32: =IFERROR(IF(ISNUMBER(--LEFT(TRIM(A32),1)),VALUE(LEFT(TRIM(A32),6)),""),"") -> 111747 | S32: =IFERROR(VALUE(TRIM(MID(SUBSTITUTE(TRIM(A32)," ",REPT(" ",30)),31,30))),"") -> 51389.23 | T32: =IFERROR(TRIM(MID(SUBSTITUTE(TRIM(A32)," ",REPT(" ",30)),61,30)),"") -> 96 | U32: =IF(OR(R32="",S32="",T32=""),0,IF(AND(S32>1000,RIGHT(T32,1)<>"0"),1,0)) -> 1 | V32: =IF(B32="",N(V31),IF(LEFT(TRIM(B32),5)="/time",N(V31)+1,N(V31))) -> 1 | W32: =IFERROR(IF(ISNUMBER(--LEFT(TRIM(B32),1)),VALUE(LEFT(TRIM(B32),6)),""),"") -> 114857 | X32: =IFERROR(VALUE(TRIM(MID(SUBSTITUTE(TRIM(B32)," ",REPT(" ",30)),31,30))),"") -> 51388.96 | Y32: =IFERROR(TRIM(MID(SUBSTITUTE(TRIM(B32)," ",REPT(" ",30)),61,30)),"") -> 96 | Z32: =IF(OR(W32="",X32="",Y32=""),0,IF(AND(X32>1000,RIGHT(Y32,1)<>"0"),1,0)) -> 1 | AA32: =IF(C32="",N(AA31),IF(LEFT(TRIM(C32),5)="/time",N(AA31)+1,N(AA31))) -> 1 | AB32: =IFERROR(IF(ISNUMBER(--LEFT(TRIM(C32),1)),VALUE(LEFT(TRIM(C32),6)),""),"") -> 121952 | AC32: =IFERROR(VALUE(TRIM(MID(SUBSTITUTE(TRIM(C32)," ",REPT(" ",30)),31,30))),"") -> 51388.65 | AD32: =IFERROR(TRIM(MID(SUBSTITUTE(TRIM(C32)," ",REPT(" ",30)),61,30)),"") -> 97 | AE32: =IF(OR(AB32="",AC32="",AD32=""),0,IF(AND(AC32>1000,RIGHT(AD32,1)<>"0"),1,0)) -> 1 | AF32: =IF(D32="",N(AF31),IF(LEFT(TRIM(D32),5)="/time",N(AF31)+1,N(AF31))) -> 1 | AG32: =IFERROR(IF(ISNUMBER(--LEFT(TRIM(D32),1)),VALUE(LEFT(TRIM(D32),6)),""),"") -> 123652 | AH32: =IFERROR(VALUE(TRIM(MID(SUBSTITUTE(TRIM(D32)," ",REPT(" ",30)),31,30))),"") -> 51398.83 | AI32: =IFERROR(TRIM(MID(SUBSTITUTE(TRIM(D32)," ",REPT(" ",30)),61,30)),"") -> 54 | AJ32: =IF(OR(AG32="",AH32="",AI32=""),0,IF(AND(AH32>1000,RIGHT(AI32,1)<>"0"),1,0)) -> 1 | AK32: =IF(E32="",N(AK31),IF(LEFT(TRIM(E32),5)="/time",N(AK31)+1,N(AK31))) -> 1 | AL32: =IFERROR(IF(ISNUMBER(--LEFT(TRIM(E32),1)),VALUE(LEFT(TRIM(E32),6)),""),"") -> 130507 | AM32: =IFERROR(VALUE(TRIM(MID(SUBSTITUTE(TRIM(E32)," ",REPT(" ",30)),31,30))),"") -> 51406.37 | AN32: =IFERROR(TRIM(MID(SUBSTITUTE(TRIM(E32)," ",REPT(" ",30)),61,30)),"") -> 95 | AO32: =IF(OR(AL32="",AM32="",AN32=""),0,IF(AND(AM32>1000,RIGHT(AN32,1)<>"0"),1,0)) -> 1 | CM32: 24_회천 신규점2
A33: =IF($CM$6=0,"",IF(INDEX('⑩ 원문 보관'!$A:$E,$CM$6+ROW()-9,COLUMN())="","",INDEX('⑩ 원문 보관'!$A:$E,$CM$6+ROW()-9,COLUMN()))) -> 111752.0 51389.43 96 | B33: =IF($CM$6=0,"",IF(INDEX('⑩ 원문 보관'!$A:$E,$CM$6+ROW()-9,COLUMN())="","",INDEX('⑩ 원문 보관'!$A:$E,$CM$6+ROW()-9,COLUMN()))) -> 114902.0 51388.92 96 | C33: =IF($CM$6=0,"",IF(INDEX('⑩ 원문 보관'!$A:$E,$CM$6+ROW()-9,COLUMN())="","",INDEX('⑩ 원문 보관'!$A:$E,$CM$6+ROW()-9,COLUMN()))) -> 121957.0 51388.68 97 | D33: =IF($CM$6=0,"",IF(INDEX('⑩ 원문 보관'!$A:$E,$CM$6+ROW()-9,COLUMN())="","",INDEX('⑩ 원문 보관'!$A:$E,$CM$6+ROW()-9,COLUMN()))) -> 123657.0 51399.23 43 | E33: =IF($CM$6=0,"",IF(INDEX('⑩ 원문 보관'!$A:$E,$CM$6+ROW()-9,COLUMN())="","",INDEX('⑩ 원문 보관'!$A:$E,$CM$6+ROW()-9,COLUMN()))) -> 130512.0 51406.21 95 | G33: 북 | H33: =IF(COUNT($BT$9:$BT$22)<3,"",(COUNT($BT$9:$BT$22)-2)&" m") -> 8 m | I33: =IF(COUNT($O$9,$O$20)<2,"",$O$20-$O$9) -> -0.63 | J33: =IF(COUNT($O$9:$O$19)<2,"",MAX($O$9:$O$19)-MIN($O$9:$O$19)) -> 1130.56 | K33: =IF(COUNT($CU$9:$CU$18)=0,"",MAX($CU$9:$CU$18)) -> 867.31 | L33: =IF(K33="","",INDEX($CQ$9:$CQ$18,MATCH(K33,$CU$9:$CU$18,0))) -> 7~8 m | M33: =IF(COUNT($BT$9:$BT$22)=0,"",SUM($BW$9:$BW$22)&" / "&SUM($BY$9:$BY$22)) -> 258 / 16 | O33: =IF(COUNTIFS($AF$9:$AF$708,0,$AG$9:$AG$708,">0")>0,"첫 /time 이 없습니다 — 머리글째 다시",IF(COUNT($BT$9:$BT$22)=0,"원문을 붙여 넣어 주세요",IF(AND(COUNT($BT$9:$BT$22)>1,MAX($BT$9:$BT$22)-MIN($BT$9:$BT$22)>120000),"시각이 12시간 넘게 벌어짐 — 자정 확인",IF(COUNTIFS($BT$9:$BT$22,">=180000")+COUNTIFS($BT$9:$BT$22,">0",$BT$9:$BT$22,"<60000")>0,"야간 시각 "&COUNTIFS($BT$9:$BT$22,">=180000")+COUNTIFS($BT$9:$BT$22,">0",$BT$9:$BT$22,"<60000")&"개 — 확인",IF(COUNT($BT$9:$BT$22)>12,"블록 "&COUNT($BT$9:$BT$22)&"개 — 10 m 까지만 표시",IF(COUNT($BT$9:$BT$22)<3,"블록이 "&COUNT($BT$9:$BT$22)&"개뿐 — P0 전·후가 다 있는지 보세요",IF(COUNTIFS($BW$9:$BW$22,">0",$BW$9:$BW$22,"<10")>0,COUNTIFS($BW$9:$BW$22,">0",$BW$9:$BW$22,"<10")&"개 지점 읽음 부족 — 확인",IF(SUMPRODUCT(($BY$9:$BY$22<>"")*($BW$9:$BW$22>0)*($BY$9:$BY$22>$BW$9:$BW$22))>0,SUMPRODUCT(($BY$9:$BY$22<>"")*($BW$9:$BW$22>0)*($BY$9:$BY$22>$BW$9:$BW$22))&"개 지점 제외 과다 — 확인","정상")))))))) -> 정상 | Q33: =IF(A33="",N(Q32),IF(LEFT(TRIM(A33),5)="/time",N(Q32)+1,N(Q32))) -> 1 | R33: =IFERROR(IF(ISNUMBER(--LEFT(TRIM(A33),1)),VALUE(LEFT(TRIM(A33),6)),""),"") -> 111752 | S33: =IFERROR(VALUE(TRIM(MID(SUBSTITUTE(TRIM(A33)," ",REPT(" ",30)),31,30))),"") -> 51389.43 | T33: =IFERROR(TRIM(MID(SUBSTITUTE(TRIM(A33)," ",REPT(" ",30)),61,30)),"") -> 96 | U33: =IF(OR(R33="",S33="",T33=""),0,IF(AND(S33>1000,RIGHT(T33,1)<>"0"),1,0)) -> 1 | V33: =IF(B33="",N(V32),IF(LEFT(TRIM(B33),5)="/time",N(V32)+1,N(V32))) -> 1 | W33: =IFERROR(IF(ISNUMBER(--LEFT(TRIM(B33),1)),VALUE(LEFT(TRIM(B33),6)),""),"") -> 114902 | X33: =IFERROR(VALUE(TRIM(MID(SUBSTITUTE(TRIM(B33)," ",REPT(" ",30)),31,30))),"") -> 51388.92 | Y33: =IFERROR(TRIM(MID(SUBSTITUTE(TRIM(B33)," ",REPT(" ",30)),61,30)),"") -> 96 | Z33: =IF(OR(W33="",X33="",Y33=""),0,IF(AND(X33>1000,RIGHT(Y33,1)<>"0"),1,0)) -> 1 | AA33: =IF(C33="",N(AA32),IF(LEFT(TRIM(C33),5)="/time",N(AA32)+1,N(AA32))) -> 1 | AB33: =IFERROR(IF(ISNUMBER(--LEFT(TRIM(C33),1)),VALUE(LEFT(TRIM(C33),6)),""),"") -> 121957 | AC33: =IFERROR(VALUE(TRIM(MID(SUBSTITUTE(TRIM(C33)," ",REPT(" ",30)),31,30))),"") -> 51388.68 | AD33: =IFERROR(TRIM(MID(SUBSTITUTE(TRIM(C33)," ",REPT(" ",30)),61,30)),"") -> 97 | AE33: =IF(OR(AB33="",AC33="",AD33=""),0,IF(AND(AC33>1000,RIGHT(AD33,1)<>"0"),1,0)) -> 1 | AF33: =IF(D33="",N(AF32),IF(LEFT(TRIM(D33),5)="/time",N(AF32)+1,N(AF32))) -> 1 | AG33: =IFERROR(IF(ISNUMBER(--LEFT(TRIM(D33),1)),VALUE(LEFT(TRIM(D33),6)),""),"") -> 123657 | AH33: =IFERROR(VALUE(TRIM(MID(SUBSTITUTE(TRIM(D33)," ",REPT(" ",30)),31,30))),"") -> 51399.23 | AI33: =IFERROR(TRIM(MID(SUBSTITUTE(TRIM(D33)," ",REPT(" ",30)),61,30)),"") -> 43 | AJ33: =IF(OR(AG33="",AH33="",AI33=""),0,IF(AND(AH33>1000,RIGHT(AI33,1)<>"0"),1,0)) -> 1 | AK33: =IF(E33="",N(AK32),IF(LEFT(TRIM(E33),5)="/time",N(AK32)+1,N(AK32))) -> 1 | AL33: =IFERROR(IF(ISNUMBER(--LEFT(TRIM(E33),1)),VALUE(LEFT(TRIM(E33),6)),""),"") -> 130512 | AM33: =IFERROR(VALUE(TRIM(MID(SUBSTITUTE(TRIM(E33)," ",REPT(" ",30)),31,30))),"") -> 51406.21 | AN33: =IFERROR(TRIM(MID(SUBSTITUTE(TRIM(E33)," ",REPT(" ",30)),61,30)),"") -> 95 | AO33: =IF(OR(AL33="",AM33="",AN33=""),0,IF(AND(AM33>1000,RIGHT(AN33,1)<>"0"),1,0)) -> 1 | CM33: 25_관리 신규점3
A34: =IF($CM$6=0,"",IF(INDEX('⑩ 원문 보관'!$A:$E,$CM$6+ROW()-9,COLUMN())="","",INDEX('⑩ 원문 보관'!$A:$E,$CM$6+ROW()-9,COLUMN()))) -> 111757.0 51389.23 96 | B34: =IF($CM$6=0,"",IF(INDEX('⑩ 원문 보관'!$A:$E,$CM$6+ROW()-9,COLUMN())="","",INDEX('⑩ 원문 보관'!$A:$E,$CM$6+ROW()-9,COLUMN()))) -> 114907.0 51388.96 97 | C34: =IF($CM$6=0,"",IF(INDEX('⑩ 원문 보관'!$A:$E,$CM$6+ROW()-9,COLUMN())="","",INDEX('⑩ 원문 보관'!$A:$E,$CM$6+ROW()-9,COLUMN()))) -> 122002.0 51388.77 97 | D34: =IF($CM$6=0,"",IF(INDEX('⑩ 원문 보관'!$A:$E,$CM$6+ROW()-9,COLUMN())="","",INDEX('⑩ 원문 보관'!$A:$E,$CM$6+ROW()-9,COLUMN()))) -> 123702.0 51398.82 73 | E34: =IF($CM$6=0,"",IF(INDEX('⑩ 원문 보관'!$A:$E,$CM$6+ROW()-9,COLUMN())="","",INDEX('⑩ 원문 보관'!$A:$E,$CM$6+ROW()-9,COLUMN()))) -> 130517.0 51406.26 95 | Q34: =IF(A34="",N(Q33),IF(LEFT(TRIM(A34),5)="/time",N(Q33)+1,N(Q33))) -> 1 | R34: =IFERROR(IF(ISNUMBER(--LEFT(TRIM(A34),1)),VALUE(LEFT(TRIM(A34),6)),""),"") -> 111757 | S34: =IFERROR(VALUE(TRIM(MID(SUBSTITUTE(TRIM(A34)," ",REPT(" ",30)),31,30))),"") -> 51389.23 | T34: =IFERROR(TRIM(MID(SUBSTITUTE(TRIM(A34)," ",REPT(" ",30)),61,30)),"") -> 96 | U34: =IF(OR(R34="",S34="",T34=""),0,IF(AND(S34>1000,RIGHT(T34,1)<>"0"),1,0)) -> 1 | V34: =IF(B34="",N(V33),IF(LEFT(TRIM(B34),5)="/time",N(V33)+1,N(V33))) -> 1 | W34: =IFERROR(IF(ISNUMBER(--LEFT(TRIM(B34),1)),VALUE(LEFT(TRIM(B34),6)),""),"") -> 114907 | X34: =IFERROR(VALUE(TRIM(MID(SUBSTITUTE(TRIM(B34)," ",REPT(" ",30)),31,30))),"") -> 51388.96 | Y34: =IFERROR(TRIM(MID(SUBSTITUTE(TRIM(B34)," ",REPT(" ",30)),61,30)),"") -> 97 | Z34: =IF(OR(W34="",X34="",Y34=""),0,IF(AND(X34>1000,RIGHT(Y34,1)<>"0"),1,0)) -> 1 | AA34: =IF(C34="",N(AA33),IF(LEFT(TRIM(C34),5)="/time",N(AA33)+1,N(AA33))) -> 1 | AB34: =IFERROR(IF(ISNUMBER(--LEFT(TRIM(C34),1)),VALUE(LEFT(TRIM(C34),6)),""),"") -> 122002 | AC34: =IFERROR(VALUE(TRIM(MID(SUBSTITUTE(TRIM(C34)," ",REPT(" ",30)),31,30))),"") -> 51388.77 | AD34: =IFERROR(TRIM(MID(SUBSTITUTE(TRIM(C34)," ",REPT(" ",30)),61,30)),"") -> 97 | AE34: =IF(OR(AB34="",AC34="",AD34=""),0,IF(AND(AC34>1000,RIGHT(AD34,1)<>"0"),1,0)) -> 1 | AF34: =IF(D34="",N(AF33),IF(LEFT(TRIM(D34),5)="/time",N(AF33)+1,N(AF33))) -> 1 | AG34: =IFERROR(IF(ISNUMBER(--LEFT(TRIM(D34),1)),VALUE(LEFT(TRIM(D34),6)),""),"") -> 123702 | AH34: =IFERROR(VALUE(TRIM(MID(SUBSTITUTE(TRIM(D34)," ",REPT(" ",30)),31,30))),"") -> 51398.82 | AI34: =IFERROR(TRIM(MID(SUBSTITUTE(TRIM(D34)," ",REPT(" ",30)),61,30)),"") -> 73 | AJ34: =IF(OR(AG34="",AH34="",AI34=""),0,IF(AND(AH34>1000,RIGHT(AI34,1)<>"0"),1,0)) -> 1 | AK34: =IF(E34="",N(AK33),IF(LEFT(TRIM(E34),5)="/time",N(AK33)+1,N(AK33))) -> 1 | AL34: =IFERROR(IF(ISNUMBER(--LEFT(TRIM(E34),1)),VALUE(LEFT(TRIM(E34),6)),""),"") -> 130517 | AM34: =IFERROR(VALUE(TRIM(MID(SUBSTITUTE(TRIM(E34)," ",REPT(" ",30)),31,30))),"") -> 51406.26 | AN34: =IFERROR(TRIM(MID(SUBSTITUTE(TRIM(E34)," ",REPT(" ",30)),61,30)),"") -> 95 | AO34: =IF(OR(AL34="",AM34="",AN34=""),0,IF(AND(AM34>1000,RIGHT(AN34,1)<>"0"),1,0)) -> 1 | CM34: 26_고남 신규점2
A35: =IF($CM$6=0,"",IF(INDEX('⑩ 원문 보관'!$A:$E,$CM$6+ROW()-9,COLUMN())="","",INDEX('⑩ 원문 보관'!$A:$E,$CM$6+ROW()-9,COLUMN()))) -> 111802.0 51389.12 96 | B35: =IF($CM$6=0,"",IF(INDEX('⑩ 원문 보관'!$A:$E,$CM$6+ROW()-9,COLUMN())="","",INDEX('⑩ 원문 보관'!$A:$E,$CM$6+ROW()-9,COLUMN()))) -> 114912.0 51388.77 96 | C35: =IF($CM$6=0,"",IF(INDEX('⑩ 원문 보관'!$A:$E,$CM$6+ROW()-9,COLUMN())="","",INDEX('⑩ 원문 보관'!$A:$E,$CM$6+ROW()-9,COLUMN()))) -> 122007.0 51388.64 97 | D35: =IF($CM$6=0,"",IF(INDEX('⑩ 원문 보관'!$A:$E,$CM$6+ROW()-9,COLUMN())="","",INDEX('⑩ 원문 보관'!$A:$E,$CM$6+ROW()-9,COLUMN()))) -> 123707.0 51398.25 63 | E35: =IF($CM$6=0,"",IF(INDEX('⑩ 원문 보관'!$A:$E,$CM$6+ROW()-9,COLUMN())="","",INDEX('⑩ 원문 보관'!$A:$E,$CM$6+ROW()-9,COLUMN()))) -> 130522.0 51406.16 95 | G35: · 거리 배정은 블록을 «시작 시각순»으로 줄 세워 P0(전) → 1 m → … → P0(후) 로 합니다. 파일 안 블록 순서가 뒤섞여 있어도(오호 서쪽이 그랬습니다) 시각으로 다시 세웁니다. · 한 지점에서 뺀 읽음은 F=0.00, 품질 뒷자리 0, 그 지점 중앙값에서 ±5 nT 벗어난 값입니다. 뺀 개수는 「읽음/제외」에 나옵니다. · 여기 값은 시간변화를 빼기 전 값이라 P0 전후차가 크면 그만큼 섞여 있다는 뜻입니다. 국내 기준은 아직 없으니 값이 크다고 현장에서 자리를 접지 마세요. | Q35: =IF(A35="",N(Q34),IF(LEFT(TRIM(A35),5)="/time",N(Q34)+1,N(Q34))) -> 1 | R35: =IFERROR(IF(ISNUMBER(--LEFT(TRIM(A35),1)),VALUE(LEFT(TRIM(A35),6)),""),"") -> 111802 | S35: =IFERROR(VALUE(TRIM(MID(SUBSTITUTE(TRIM(A35)," ",REPT(" ",30)),31,30))),"") -> 51389.12 | T35: =IFERROR(TRIM(MID(SUBSTITUTE(TRIM(A35)," ",REPT(" ",30)),61,30)),"") -> 96 | U35: =IF(OR(R35="",S35="",T35=""),0,IF(AND(S35>1000,RIGHT(T35,1)<>"0"),1,0)) -> 1 | V35: =IF(B35="",N(V34),IF(LEFT(TRIM(B35),5)="/time",N(V34)+1,N(V34))) -> 1 | W35: =IFERROR(IF(ISNUMBER(--LEFT(TRIM(B35),1)),VALUE(LEFT(TRIM(B35),6)),""),"") -> 114912 | X35: =IFERROR(VALUE(TRIM(MID(SUBSTITUTE(TRIM(B35)," ",REPT(" ",30)),31,30))),"") -> 51388.77 | Y35: =IFERROR(TRIM(MID(SUBSTITUTE(TRIM(B35)," ",REPT(" ",30)),61,30)),"") -> 96 | Z35: =IF(OR(W35="",X35="",Y35=""),0,IF(AND(X35>1000,RIGHT(Y35,1)<>"0"),1,0)) -> 1 | AA35: =IF(C35="",N(AA34),IF(LEFT(TRIM(C35),5)="/time",N(AA34)+1,N(AA34))) -> 1 | AB35: =IFERROR(IF(ISNUMBER(--LEFT(TRIM(C35),1)),VALUE(LEFT(TRIM(C35),6)),""),"") -> 122007 | AC35: =IFERROR(VALUE(TRIM(MID(SUBSTITUTE(TRIM(C35)," ",REPT(" ",30)),31,30))),"") -> 51388.64 | AD35: =IFERROR(TRIM(MID(SUBSTITUTE(TRIM(C35)," ",REPT(" ",30)),61,30)),"") -> 97 | AE35: =IF(OR(AB35="",AC35="",AD35=""),0,IF(AND(AC35>1000,RIGHT(AD35,1)<>"0"),1,0)) -> 1 | AF35: =IF(D35="",N(AF34),IF(LEFT(TRIM(D35),5)="/time",N(AF34)+1,N(AF34))) -> 1 | AG35: =IFERROR(IF(ISNUMBER(--LEFT(TRIM(D35),1)),VALUE(LEFT(TRIM(D35),6)),""),"") -> 123707 | AH35: =IFERROR(VALUE(TRIM(MID(SUBSTITUTE(TRIM(D35)," ",REPT(" ",30)),31,30))),"") -> 51398.25 | AI35: =IFERROR(TRIM(MID(SUBSTITUTE(TRIM(D35)," ",REPT(" ",30)),61,30)),"") -> 63 | AJ35: =IF(OR(AG35="",AH35="",AI35=""),0,IF(AND(AH35>1000,RIGHT(AI35,1)<>"0"),1,0)) -> 1 | AK35: =IF(E35="",N(AK34),IF(LEFT(TRIM(E35),5)="/time",N(AK34)+1,N(AK34))) -> 1 | AL35: =IFERROR(IF(ISNUMBER(--LEFT(TRIM(E35),1)),VALUE(LEFT(TRIM(E35),6)),""),"") -> 130522 | AM35: =IFERROR(VALUE(TRIM(MID(SUBSTITUTE(TRIM(E35)," ",REPT(" ",30)),31,30))),"") -> 51406.16 | AN35: =IFERROR(TRIM(MID(SUBSTITUTE(TRIM(E35)," ",REPT(" ",30)),61,30)),"") -> 95 | AO35: =IF(OR(AL35="",AM35="",AN35=""),0,IF(AND(AM35>1000,RIGHT(AN35,1)<>"0"),1,0)) -> 1 | CM35: 27_전의 신규점
